nohup: ignoring input
/home/disk1/yanxy/miniconda3/envs/mydta/lib/python3.9/site-packages/deepchem/feat/smiles_tokenizer.py:8: UserWarning: pkg_resources is deprecated as an API. See https://setuptools.pypa.io/en/latest/pkg_resources.html. The pkg_resources package is slated for removal as early as 2025-11-30. Refrain from using this package or pin to Setuptools<81.
  import pkg_resources
2026-03-18 22:42:52 - INFO - /home/disk1/yanxy/wpw/newtrain_self_pre.py
2026-03-18 22:42:52 - INFO - 
class HGDTA(torch.nn.Module):
    def __init__(self, output_dim=128, dropout=0.1, device='cuda:0', dataset=None, max_length=None):
        super(HGDTA, self).__init__()
        self.device = torch.device(device)
        self.dataset = dataset
        self.max_length = max_length
        # *****drugs
        # drug0
        # self.ligand_encoder = GraphDenseNet(num_input_features=87, out_dim=32 * 4, block_config=[8, 8, 8], bn_sizes=[2, 2, 2], max_num_nodes=self.max_length[0])
        self.d_fg = MaskedFeedForward(300, hidden_dim=output_dim*4, output_dim=output_dim, bias=False)
        self.d_fs = MaskedFeedForward(768, hidden_dim=output_dim*4, output_dim=output_dim, bias=False)
        # self.d_f = nn.Sequential(nn.Linear(228, 512, bias=False), nn.LayerNorm(512), nn.GELU(), nn.Linear(512, output_dim*2, bias=False))
        # self.d_f = nn.Sequential(nn.Linear(228, 512, bias=False), nn.LayerNorm(512), nn.GELU(), nn.Linear(512, output_dim*2, bias=False))
        # self.d_f1 = nn.Linear(768, output_dim)
        self.dp_g = nn.Linear(300, 128)
        self.dp_s = nn.Linear(768, 128)
        # drug2
        # self.ligand_gt = GraphTransformer(self.device, n_layers=6, node_dim=44, edge_dim=10, hidden_dim=output_dim,
        #                                                     out_dim=output_dim, n_heads=8, in_feat_dropout=0.0,
        #                                                     dropout=0.1, pos_enc_dim=8)
        # drug3
        self.ligand_bermol = BerMolEncoder(get_args(self.dataset, dropout=dropout))
        # drug4
        self.ligand_group_graph_encoder = HierGnnEncoder(self.device, embed_size=300, num_layers=3, gnn_type='egat', graph_pooling='mean', dropout=dropout)
        # protein
        self.protein_encoder = HGCN_Encoder(input_dim=7, hidden_dim=256, output_dim=output_dim, max_length=max_length[1], dropout=dropout)
        self.p_f = MaskedFeedForward(output_dim*2, hidden_dim=output_dim*4, output_dim=output_dim, dropout=dropout, bias=False)
        # self.p_f = nn.Sequential(nn.Linear(256, 512, bias=False), nn.LayerNorm(512), nn.GELU(), nn.Linear(512, output_dim*2, bias=False))
        # self.p_f = nn.Sequential(nn.Linear(256, 512, bias=False), nn.LayerNorm(512), nn.GELU(), nn.Linear(512, output_dim*2, bias=False))
        # self.p_f1 = nn.Linear(256, output_dim*2)
        self.pp = nn.Linear(256, 128)
        # self.p_seq = nn.Sequential(nn.Linear(128, 256), nn.LayerNorm(256), nn.GELU(), nn.Linear(256, output_dim))
        # protein seq
        # self.embedding_xt = nn.Embedding(25 + 1, 128)
        # self.cnn = CNN(32, 7)
        # att
        # self.p_trans = StandardTransformer(output_dim, 8)
        # self.d_trans = StandardTransformer(output_dim, 8)
        # self.m_l_att = MultiHeadLinearAttention(d_model=output_dim*2, d_diff=output_dim * 8, nhead=8, dropout=0, activation='gelu')
        # self.d_att_layers = nn.ModuleList([
        #     MultiHeadLinearAttention(d_model=output_dim*2, d_diff=output_dim * 8, nhead=8, dropout=0, activation='gelu')
        #     for _ in range(3)
        # ])
        # self.p_att_layers = nn.ModuleList([
        #     MultiHeadLinearAttention(d_model=output_dim*2, d_diff=output_dim * 8, nhead=8, dropout=0, activation='gelu')
        #     for _ in range(3)
        # ])
        # # drug_MolFormer_emb
        self.mol_former_pro = nn.Linear(768, 128)
        self.mol_former_f = MaskedFeedForward(768, hidden_dim=512, output_dim=output_dim, dropout=dropout, bias=True)
        # ankh-large
        self.ankh_pro = nn.Linear(1536, 128)
        self.ankh_f = MaskedFeedForward(1536, hidden_dim=512, output_dim=output_dim, dropout=dropout, bias=True)
        # fusion
        self.p_gca = GuidedCrossAttention(embed_dim=output_dim, num_heads=1)
        self.d_gcag = GuidedCrossAttention(embed_dim=output_dim, num_heads=1)
        self.d_gcas = GuidedCrossAttention(embed_dim=output_dim, num_heads=1)
        self.molformer_gca = GuidedCrossAttention(embed_dim=output_dim, num_heads=1)
        self.ankh_gca = GuidedCrossAttention(embed_dim=output_dim, num_heads=1)
        # self.v_mhla = MultiHeadLinearAttention(d_model=output_dim * 2, d_diff=output_dim* 8, nhead=8, dropout=dropout, activation='gelu')
        # self.p_gca_norm = nn.LayerNorm(output_dim*2)
        # self.d_gca_norm = nn.LayerNorm(output_dim*2)
        # self.x_gca = GuidedCrossAttention(embed_dim=output_dim, num_heads=1)
        # self.x_mhla = MultiHeadLinearAttention(d_model=output_dim * 2, d_diff=output_dim * 8, nhead=8, dropout=dropout, activation='gelu')
        # self.x_gca_norm = nn.LayerNorm(output_dim * 2)
        # self.p_res = nn.Sequential(nn.LayerNorm(output_dim), nn.Linear(output_dim, output_dim), nn.GELU(), nn.Dropout(dropout))
        # self.d_res = nn.Sequential(nn.LayerNorm(output_dim), nn.Linear(output_dim, output_dim), nn.GELU(), nn.Dropout(dropout))
        # MLP
        self.classifier = nn.Sequential(
            nn.Linear(640, 1024),
            nn.BatchNorm1d(1024),
            nn.ReLU(),
            nn.Dropout(dropout),
            nn.Linear(1024, 1024),
            nn.BatchNorm1d(1024),
            nn.ReLU(),
            nn.Dropout(dropout),
            nn.Linear(1024, 256),
            nn.BatchNorm1d(256),
            nn.ReLU(),
            nn.Linear(256, 1)
        )

    def forward(self, data):
        drug_graph, data, drug_group_graph, drug_MoLFormer_emb, prot_ankh_emb = data[0], data[1], data[2], data[3], data[4]
        # *****池化注意力增强特征表示######test_loss:0.1379, test_cindex:0.9143, test_r2:0.8015######davisgroup-am-gca.log
        # *****drugs
        # drug_MolFormer_emb
        # drug_MoLFormer_emb.pool = torch.stack([outer[0][0] for outer in drug_MoLFormer_emb.pool], dim=0)
        drug_MoLFormer_emb.x = self.mol_former_f(drug_MoLFormer_emb.x)
        drug_MoLFormer_emb.pool = global_mean_pool(drug_MoLFormer_emb.x, drug_MoLFormer_emb.batch)
        drug_MoLFormer_emb.x, mol_former_mask = to_dense_batch(x=drug_MoLFormer_emb.x, batch=drug_MoLFormer_emb.batch)
        mol_former_pool, _ = self.molformer_gca(drug_MoLFormer_emb.pool.unsqueeze(dim=1), drug_MoLFormer_emb.x, drug_MoLFormer_emb.x, ~mol_former_mask)
        # drug_group_graph
        drug_g, drug_pool_g, drug_mask_g = self.ligand_group_graph_encoder(drug_group_graph)
        drug_g = self.d_fg(drug_g)
        drug_pool_g = masked_mean_pool(drug_g, drug_mask_g, dim=1)
        drug_pool_g, _ = self.d_gcag(drug_pool_g.unsqueeze(dim=1), drug_g, drug_g, drug_mask_g)
        # drug子结构的transformer编码
        drug_tokens, drug_e, drug_mask_s = process_drug_tokens(data)
        drug_s = self.ligand_bermol(drug_tokens, drug_e)
        drug_s = self.d_fs(drug_s)
        drug_pool_s = masked_mean_pool(drug_s, drug_mask_s, dim=1)
        drug_pool_s, _ = self.d_gcas(drug_pool_s.unsqueeze(dim=1), drug_s, drug_s, drug_mask_s)
        # *****protein
        # ankh-large
        prot_ankh_emb.x = self.ankh_f(prot_ankh_emb.x)
        ankh_pool = global_mean_pool(prot_ankh_emb.x, prot_ankh_emb.batch)
        prot_ankh_emb.x, ankh_mask = to_dense_batch(x=prot_ankh_emb.x, batch=prot_ankh_emb.batch)
        ankh_pool, _ = self.ankh_gca(ankh_pool.unsqueeze(dim=1), prot_ankh_emb.x, prot_ankh_emb.x, ~ankh_mask)
        # 异构图
        # pocket_graphs, pockets_batch = process_pocket_graphs(data.protein_graph)
        # prot, prot_mask = self.protein_encoder(pocket_graphs)
        prot, prot_mask = self.protein_encoder(data.protein_graph)
        prot = self.p_f(prot)
        prot_pool = masked_mean_pool(prot, prot_mask, dim=1)
        prot_pool, _ = self.p_gca(prot_pool.unsqueeze(dim=1), prot, prot, prot_mask)
        # fusion
        fu = torch.cat([drug_pool_s, drug_pool_g, prot_pool, mol_former_pool, ankh_pool], dim=-1).squeeze(dim=1)
        x = self.classifier(fu)
        return x

2026-03-18 22:43:03 - INFO - fold_0---32_batch--kiba_dataset
2026-03-18 22:43:03 - INFO - learning rate: 3e-05
2026-03-18 22:43:03 - INFO - Experiment: prot
2026-03-18 22:43:03 - INFO - Number of train and test: 2955,370
2026-03-18 22:43:03 - INFO - save_model: False
2026-03-18 22:43:03 - INFO - epochs: 3014.1
/home/disk1/yanxy/miniconda3/envs/mydta/lib/python3.9/site-packages/dgl/backend/pytorch/tensor.py:445: UserWarning: TypedStorage is deprecated. It will be removed in the future and UntypedStorage will be the only storage class. This should only matter to you if you are using storages directly.  To access UntypedStorage directly, use tensor.untyped_storage() instead of tensor.storage()
  assert input.numel() == input.storage().size(), (
2026-03-18 22:44:32 - INFO - epoch-1, loss-136.7239, cindex-0.5375, test_loss-137.4927, test_cindex-0.5495, test_r2--3.3531
2026-03-18 22:44:32 - INFO - ######test_loss:137.4927, test_cindex:0.5495, test_r2:-3.3531######
2026-03-18 22:46:01 - INFO - epoch-2, loss-5.2306, cindex-0.5757, test_loss-0.5359, test_cindex-0.5832, test_r2-0.0618
2026-03-18 22:46:01 - INFO - ######test_loss:0.5359, test_cindex:0.5832, test_r2:0.0618######
2026-03-18 22:47:28 - INFO - epoch-3, loss-0.6213, cindex-0.6212, test_loss-0.5604, test_cindex-0.6160, test_r2-0.1044
2026-03-18 22:48:56 - INFO - epoch-4, loss-0.6971, cindex-0.6406, test_loss-0.5432, test_cindex-0.6252, test_r2-0.1267
2026-03-18 22:50:24 - INFO - epoch-5, loss-0.6734, cindex-0.6672, test_loss-0.5910, test_cindex-0.6312, test_r2-0.1276
2026-03-18 22:51:52 - INFO - epoch-6, loss-0.5898, cindex-0.6661, test_loss-0.5040, test_cindex-0.6233, test_r2-0.1195
2026-03-18 22:51:52 - INFO - ######test_loss:0.5040, test_cindex:0.6233, test_r2:0.1195######
2026-03-18 22:53:21 - INFO - epoch-7, loss-0.5974, cindex-0.6829, test_loss-0.5580, test_cindex-0.6371, test_r2-0.1460
2026-03-18 22:54:49 - INFO - epoch-8, loss-0.6473, cindex-0.6820, test_loss-0.4915, test_cindex-0.6434, test_r2-0.1523
2026-03-18 22:54:49 - INFO - ######test_loss:0.4915, test_cindex:0.6434, test_r2:0.1523######
2026-03-18 22:56:17 - INFO - epoch-9, loss-0.5886, cindex-0.6857, test_loss-0.5516, test_cindex-0.6402, test_r2-0.1334
2026-03-18 22:57:44 - INFO - epoch-10, loss-0.5698, cindex-0.6996, test_loss-0.4746, test_cindex-0.6494, test_r2-0.1670
2026-03-18 22:57:44 - INFO - ######test_loss:0.4746, test_cindex:0.6494, test_r2:0.1670######
2026-03-18 22:59:12 - INFO - epoch-11, loss-0.5361, cindex-0.6978, test_loss-0.4572, test_cindex-0.6515, test_r2-0.1849
2026-03-18 22:59:12 - INFO - ######test_loss:0.4572, test_cindex:0.6515, test_r2:0.1849######
2026-03-18 23:00:40 - INFO - epoch-12, loss-0.5492, cindex-0.6994, test_loss-0.5317, test_cindex-0.6464, test_r2-0.1705
2026-03-18 23:02:08 - INFO - epoch-13, loss-0.5289, cindex-0.7029, test_loss-0.4818, test_cindex-0.6437, test_r2-0.1658
2026-03-18 23:03:36 - INFO - epoch-14, loss-0.4929, cindex-0.7155, test_loss-0.4735, test_cindex-0.6557, test_r2-0.1955
2026-03-18 23:05:03 - INFO - epoch-15, loss-0.4881, cindex-0.7124, test_loss-0.5251, test_cindex-0.6474, test_r2-0.1613
2026-03-18 23:06:31 - INFO - epoch-16, loss-0.4985, cindex-0.7186, test_loss-0.4636, test_cindex-0.6501, test_r2-0.1780
2026-03-18 23:07:59 - INFO - epoch-17, loss-0.5297, cindex-0.7134, test_loss-0.4532, test_cindex-0.6523, test_r2-0.1917
2026-03-18 23:07:59 - INFO - ######test_loss:0.4532, test_cindex:0.6523, test_r2:0.1917######
2026-03-18 23:09:28 - INFO - epoch-18, loss-0.4587, cindex-0.7209, test_loss-0.5424, test_cindex-0.6509, test_r2-0.1879
2026-03-18 23:10:56 - INFO - epoch-19, loss-0.5626, cindex-0.7170, test_loss-0.4643, test_cindex-0.6515, test_r2-0.1880
2026-03-18 23:12:24 - INFO - epoch-20, loss-0.4548, cindex-0.7179, test_loss-0.4519, test_cindex-0.6516, test_r2-0.2122
2026-03-18 23:12:24 - INFO - ######test_loss:0.4519, test_cindex:0.6516, test_r2:0.2122######
2026-03-18 23:13:52 - INFO - epoch-21, loss-0.4862, cindex-0.7202, test_loss-0.4721, test_cindex-0.6480, test_r2-0.2116
2026-03-18 23:15:20 - INFO - epoch-22, loss-0.4472, cindex-0.7301, test_loss-0.5143, test_cindex-0.6573, test_r2-0.1887
2026-03-18 23:16:48 - INFO - epoch-23, loss-0.5383, cindex-0.7253, test_loss-0.4635, test_cindex-0.6444, test_r2-0.1895
2026-03-18 23:18:16 - INFO - epoch-24, loss-0.4745, cindex-0.7194, test_loss-0.4760, test_cindex-0.6517, test_r2-0.2127
2026-03-18 23:19:43 - INFO - epoch-25, loss-0.4546, cindex-0.7307, test_loss-0.4574, test_cindex-0.6516, test_r2-0.2001
2026-03-18 23:21:11 - INFO - epoch-26, loss-0.4269, cindex-0.7498, test_loss-0.4546, test_cindex-0.6433, test_r2-0.2084
2026-03-18 23:22:40 - INFO - epoch-27, loss-0.4710, cindex-0.7340, test_loss-0.4917, test_cindex-0.6381, test_r2-0.2147
2026-03-18 23:24:08 - INFO - epoch-28, loss-0.4594, cindex-0.7400, test_loss-0.4596, test_cindex-0.6523, test_r2-0.2055
2026-03-18 23:25:35 - INFO - epoch-29, loss-0.4947, cindex-0.7342, test_loss-0.4466, test_cindex-0.6510, test_r2-0.2000
2026-03-18 23:25:35 - INFO - ######test_loss:0.4466, test_cindex:0.6510, test_r2:0.2000######
2026-03-18 23:27:03 - INFO - epoch-30, loss-0.4242, cindex-0.7479, test_loss-0.4209, test_cindex-0.6651, test_r2-0.2455
2026-03-18 23:27:03 - INFO - ######test_loss:0.4209, test_cindex:0.6651, test_r2:0.2455######
2026-03-18 23:28:30 - INFO - epoch-31, loss-0.4635, cindex-0.7432, test_loss-0.4623, test_cindex-0.6298, test_r2-0.1783
2026-03-18 23:29:57 - INFO - epoch-32, loss-0.4226, cindex-0.7479, test_loss-0.5683, test_cindex-0.6194, test_r2-0.1736
2026-03-18 23:31:25 - INFO - epoch-33, loss-0.4075, cindex-0.7445, test_loss-0.4685, test_cindex-0.6298, test_r2-0.1948
2026-03-18 23:32:53 - INFO - epoch-34, loss-0.4383, cindex-0.7356, test_loss-0.4366, test_cindex-0.6449, test_r2-0.2182
2026-03-18 23:34:22 - INFO - epoch-35, loss-0.4713, cindex-0.7454, test_loss-0.4276, test_cindex-0.6591, test_r2-0.2325
2026-03-18 23:35:49 - INFO - epoch-36, loss-0.3832, cindex-0.7543, test_loss-0.5025, test_cindex-0.6390, test_r2-0.1925
2026-03-18 23:37:17 - INFO - epoch-37, loss-0.4818, cindex-0.7450, test_loss-0.4342, test_cindex-0.6608, test_r2-0.2247
2026-03-18 23:38:45 - INFO - epoch-38, loss-0.4953, cindex-0.7471, test_loss-0.4453, test_cindex-0.6415, test_r2-0.2022
2026-03-18 23:40:13 - INFO - epoch-39, loss-0.4189, cindex-0.7379, test_loss-0.4334, test_cindex-0.6553, test_r2-0.2248
2026-03-18 23:41:41 - INFO - epoch-40, loss-0.4681, cindex-0.7490, test_loss-0.4360, test_cindex-0.6576, test_r2-0.2263
2026-03-18 23:43:09 - INFO - epoch-41, loss-0.4163, cindex-0.7466, test_loss-0.4203, test_cindex-0.6690, test_r2-0.2444
2026-03-18 23:43:09 - INFO - ######test_loss:0.4203, test_cindex:0.6690, test_r2:0.2444######
2026-03-18 23:44:36 - INFO - epoch-42, loss-0.4279, cindex-0.7550, test_loss-0.4637, test_cindex-0.6309, test_r2-0.1877
2026-03-18 23:46:03 - INFO - epoch-43, loss-0.4363, cindex-0.7323, test_loss-0.4337, test_cindex-0.6714, test_r2-0.2446
2026-03-18 23:47:31 - INFO - epoch-44, loss-0.3979, cindex-0.7582, test_loss-0.5923, test_cindex-0.6647, test_r2-0.2402
2026-03-18 23:48:58 - INFO - epoch-45, loss-0.4017, cindex-0.7561, test_loss-0.5885, test_cindex-0.6694, test_r2-0.2386
2026-03-18 23:50:25 - INFO - epoch-46, loss-0.4055, cindex-0.7531, test_loss-0.4381, test_cindex-0.6618, test_r2-0.2519
2026-03-18 23:51:53 - INFO - epoch-47, loss-0.3922, cindex-0.7562, test_loss-0.4558, test_cindex-0.6555, test_r2-0.2326
2026-03-18 23:53:21 - INFO - epoch-48, loss-0.3915, cindex-0.7534, test_loss-0.4585, test_cindex-0.6626, test_r2-0.2445
2026-03-18 23:54:49 - INFO - epoch-49, loss-0.3639, cindex-0.7641, test_loss-0.4456, test_cindex-0.6532, test_r2-0.2103
2026-03-18 23:56:18 - INFO - epoch-50, loss-0.3921, cindex-0.7587, test_loss-0.4402, test_cindex-0.6630, test_r2-0.2323
2026-03-18 23:57:46 - INFO - epoch-51, loss-0.3909, cindex-0.7526, test_loss-0.4637, test_cindex-0.6586, test_r2-0.2163
2026-03-18 23:59:14 - INFO - epoch-52, loss-0.3651, cindex-0.7605, test_loss-0.4256, test_cindex-0.6537, test_r2-0.2397
2026-03-19 00:00:41 - INFO - epoch-53, loss-0.3988, cindex-0.7572, test_loss-0.4317, test_cindex-0.6547, test_r2-0.2281
2026-03-19 00:02:09 - INFO - epoch-54, loss-0.3852, cindex-0.7587, test_loss-0.5606, test_cindex-0.6630, test_r2-0.2376
2026-03-19 00:03:37 - INFO - epoch-55, loss-0.4100, cindex-0.7681, test_loss-0.4565, test_cindex-0.6332, test_r2-0.1938
2026-03-19 00:05:05 - INFO - epoch-56, loss-0.3676, cindex-0.7626, test_loss-0.4651, test_cindex-0.6744, test_r2-0.2509
2026-03-19 00:06:34 - INFO - epoch-57, loss-0.4169, cindex-0.7664, test_loss-0.4251, test_cindex-0.6599, test_r2-0.2363
2026-03-19 00:08:01 - INFO - epoch-58, loss-0.4225, cindex-0.7628, test_loss-0.4274, test_cindex-0.6557, test_r2-0.2415
2026-03-19 00:09:29 - INFO - epoch-59, loss-0.3693, cindex-0.7719, test_loss-0.4520, test_cindex-0.6619, test_r2-0.2115
2026-03-19 00:10:57 - INFO - epoch-60, loss-0.3428, cindex-0.7804, test_loss-0.4782, test_cindex-0.6687, test_r2-0.2379
2026-03-19 00:12:25 - INFO - epoch-61, loss-0.3565, cindex-0.7677, test_loss-0.4572, test_cindex-0.6516, test_r2-0.1948
2026-03-19 00:13:53 - INFO - epoch-62, loss-0.4021, cindex-0.7663, test_loss-0.4168, test_cindex-0.6694, test_r2-0.2532
2026-03-19 00:13:53 - INFO - ######test_loss:0.4168, test_cindex:0.6694, test_r2:0.2532######
2026-03-19 00:15:21 - INFO - epoch-63, loss-0.3338, cindex-0.7720, test_loss-0.4444, test_cindex-0.6695, test_r2-0.2500
2026-03-19 00:16:49 - INFO - epoch-64, loss-0.3871, cindex-0.7634, test_loss-0.4565, test_cindex-0.6488, test_r2-0.2428
2026-03-19 00:18:16 - INFO - epoch-65, loss-0.3803, cindex-0.7539, test_loss-0.4266, test_cindex-0.6737, test_r2-0.2388
2026-03-19 00:19:44 - INFO - epoch-66, loss-0.3291, cindex-0.7764, test_loss-0.4383, test_cindex-0.6654, test_r2-0.2256
2026-03-19 00:21:12 - INFO - epoch-67, loss-0.3627, cindex-0.7765, test_loss-0.4535, test_cindex-0.6880, test_r2-0.2648
2026-03-19 00:22:39 - INFO - epoch-68, loss-0.3845, cindex-0.7699, test_loss-0.4171, test_cindex-0.6630, test_r2-0.2494
2026-03-19 00:24:08 - INFO - epoch-69, loss-0.3880, cindex-0.7593, test_loss-0.6025, test_cindex-0.6453, test_r2-0.2027
2026-03-19 00:25:35 - INFO - epoch-70, loss-0.3748, cindex-0.7742, test_loss-0.4221, test_cindex-0.6829, test_r2-0.2683
2026-03-19 00:27:04 - INFO - epoch-71, loss-0.3685, cindex-0.7724, test_loss-0.4712, test_cindex-0.6455, test_r2-0.2217
2026-03-19 00:28:32 - INFO - epoch-72, loss-0.3846, cindex-0.7725, test_loss-0.4502, test_cindex-0.6649, test_r2-0.2299
2026-03-19 00:30:00 - INFO - epoch-73, loss-0.3832, cindex-0.7677, test_loss-0.4087, test_cindex-0.6853, test_r2-0.2636
2026-03-19 00:30:00 - INFO - ######test_loss:0.4087, test_cindex:0.6853, test_r2:0.2636######
2026-03-19 00:31:27 - INFO - epoch-74, loss-0.3768, cindex-0.7646, test_loss-0.5102, test_cindex-0.6655, test_r2-0.2575
2026-03-19 00:32:55 - INFO - epoch-75, loss-0.3695, cindex-0.7749, test_loss-0.4204, test_cindex-0.6799, test_r2-0.2516
2026-03-19 00:34:23 - INFO - epoch-76, loss-0.3485, cindex-0.7726, test_loss-0.4247, test_cindex-0.6457, test_r2-0.2449
2026-03-19 00:35:51 - INFO - epoch-77, loss-0.3647, cindex-0.7707, test_loss-0.4889, test_cindex-0.6683, test_r2-0.2599
2026-03-19 00:37:19 - INFO - epoch-78, loss-0.3276, cindex-0.7862, test_loss-0.5383, test_cindex-0.6893, test_r2-0.2599
2026-03-19 00:38:47 - INFO - epoch-79, loss-0.3850, cindex-0.7787, test_loss-0.4317, test_cindex-0.6769, test_r2-0.2374
2026-03-19 00:40:15 - INFO - epoch-80, loss-0.3907, cindex-0.7833, test_loss-0.4949, test_cindex-0.6614, test_r2-0.2586
2026-03-19 00:41:43 - INFO - epoch-81, loss-0.3404, cindex-0.7723, test_loss-0.4494, test_cindex-0.6775, test_r2-0.2610
2026-03-19 00:43:11 - INFO - epoch-82, loss-0.4022, cindex-0.7731, test_loss-0.4261, test_cindex-0.6708, test_r2-0.2694
2026-03-19 00:44:39 - INFO - epoch-83, loss-0.3550, cindex-0.7812, test_loss-0.4139, test_cindex-0.6719, test_r2-0.2593
2026-03-19 00:46:07 - INFO - epoch-84, loss-0.3238, cindex-0.7832, test_loss-0.5078, test_cindex-0.6780, test_r2-0.2445
2026-03-19 00:47:35 - INFO - epoch-85, loss-0.3522, cindex-0.7853, test_loss-0.4136, test_cindex-0.6848, test_r2-0.2692
2026-03-19 00:49:03 - INFO - epoch-86, loss-0.3593, cindex-0.7717, test_loss-0.4080, test_cindex-0.6762, test_r2-0.2701
2026-03-19 00:49:03 - INFO - ######test_loss:0.4080, test_cindex:0.6762, test_r2:0.2701######
2026-03-19 00:50:32 - INFO - epoch-87, loss-0.3471, cindex-0.7787, test_loss-0.4136, test_cindex-0.6765, test_r2-0.2682
2026-03-19 00:52:00 - INFO - epoch-88, loss-0.3284, cindex-0.7901, test_loss-0.4050, test_cindex-0.6855, test_r2-0.2986
2026-03-19 00:52:00 - INFO - ######test_loss:0.4050, test_cindex:0.6855, test_r2:0.2986######
2026-03-19 00:53:28 - INFO - epoch-89, loss-0.3561, cindex-0.7943, test_loss-0.4220, test_cindex-0.6802, test_r2-0.2531
2026-03-19 00:54:55 - INFO - epoch-90, loss-0.3482, cindex-0.7801, test_loss-0.4649, test_cindex-0.6607, test_r2-0.2087
2026-03-19 00:56:23 - INFO - epoch-91, loss-0.3307, cindex-0.7834, test_loss-0.5655, test_cindex-0.6735, test_r2-0.2760
2026-03-19 00:57:51 - INFO - epoch-92, loss-0.3261, cindex-0.7827, test_loss-0.4282, test_cindex-0.6690, test_r2-0.2308
2026-03-19 00:59:19 - INFO - epoch-93, loss-0.2988, cindex-0.7875, test_loss-0.4090, test_cindex-0.6816, test_r2-0.2639
2026-03-19 01:00:47 - INFO - epoch-94, loss-0.3077, cindex-0.7957, test_loss-0.4200, test_cindex-0.6845, test_r2-0.2678
2026-03-19 01:02:15 - INFO - epoch-95, loss-0.3305, cindex-0.7875, test_loss-0.4396, test_cindex-0.6711, test_r2-0.2517
2026-03-19 01:03:42 - INFO - epoch-96, loss-0.3272, cindex-0.7922, test_loss-0.4724, test_cindex-0.6738, test_r2-0.2436
2026-03-19 01:05:11 - INFO - epoch-97, loss-0.3597, cindex-0.7788, test_loss-0.4827, test_cindex-0.6459, test_r2-0.2093
2026-03-19 01:06:38 - INFO - epoch-98, loss-0.3323, cindex-0.7760, test_loss-0.3988, test_cindex-0.6847, test_r2-0.2834
2026-03-19 01:06:38 - INFO - ######test_loss:0.3988, test_cindex:0.6847, test_r2:0.2834######
2026-03-19 01:08:06 - INFO - epoch-99, loss-0.3240, cindex-0.7906, test_loss-0.4485, test_cindex-0.6753, test_r2-0.2463
2026-03-19 01:09:34 - INFO - epoch-100, loss-0.3196, cindex-0.7887, test_loss-0.4116, test_cindex-0.6769, test_r2-0.2742
2026-03-19 01:11:01 - INFO - epoch-101, loss-0.2883, cindex-0.7939, test_loss-0.4568, test_cindex-0.6820, test_r2-0.2787
2026-03-19 01:12:29 - INFO - epoch-102, loss-0.3243, cindex-0.7870, test_loss-0.4312, test_cindex-0.6771, test_r2-0.2612
2026-03-19 01:13:57 - INFO - epoch-103, loss-0.2949, cindex-0.7935, test_loss-0.4100, test_cindex-0.6768, test_r2-0.2629
2026-03-19 01:15:25 - INFO - epoch-104, loss-0.3437, cindex-0.7854, test_loss-0.4342, test_cindex-0.6942, test_r2-0.2894
2026-03-19 01:16:53 - INFO - epoch-105, loss-0.3014, cindex-0.8004, test_loss-0.3882, test_cindex-0.6875, test_r2-0.3012
2026-03-19 01:16:53 - INFO - ######test_loss:0.3882, test_cindex:0.6875, test_r2:0.3012######
2026-03-19 01:18:20 - INFO - epoch-106, loss-0.3380, cindex-0.7938, test_loss-0.4451, test_cindex-0.6770, test_r2-0.2629
2026-03-19 01:19:49 - INFO - epoch-107, loss-0.3272, cindex-0.7956, test_loss-0.4164, test_cindex-0.6827, test_r2-0.2654
2026-03-19 01:21:17 - INFO - epoch-108, loss-0.3463, cindex-0.7861, test_loss-0.4200, test_cindex-0.6789, test_r2-0.2587
2026-03-19 01:22:45 - INFO - epoch-109, loss-0.3077, cindex-0.7926, test_loss-0.4384, test_cindex-0.6735, test_r2-0.2382
2026-03-19 01:24:13 - INFO - epoch-110, loss-0.3125, cindex-0.7861, test_loss-0.3961, test_cindex-0.6818, test_r2-0.2890
2026-03-19 01:25:41 - INFO - epoch-111, loss-0.3022, cindex-0.7811, test_loss-0.4092, test_cindex-0.6985, test_r2-0.2673
2026-03-19 01:27:09 - INFO - epoch-112, loss-0.2843, cindex-0.7957, test_loss-0.4052, test_cindex-0.6721, test_r2-0.2728
2026-03-19 01:28:36 - INFO - epoch-113, loss-0.2907, cindex-0.7900, test_loss-0.4057, test_cindex-0.6732, test_r2-0.2785
2026-03-19 01:30:04 - INFO - epoch-114, loss-0.3009, cindex-0.7889, test_loss-0.3914, test_cindex-0.7017, test_r2-0.2900
2026-03-19 01:31:33 - INFO - epoch-115, loss-0.3014, cindex-0.7868, test_loss-0.4285, test_cindex-0.6849, test_r2-0.2664
2026-03-19 01:33:01 - INFO - epoch-116, loss-0.2998, cindex-0.8035, test_loss-0.4510, test_cindex-0.6794, test_r2-0.2738
2026-03-19 01:34:29 - INFO - epoch-117, loss-0.3674, cindex-0.7944, test_loss-0.4212, test_cindex-0.6720, test_r2-0.2529
2026-03-19 01:35:57 - INFO - epoch-118, loss-0.3328, cindex-0.7939, test_loss-0.4102, test_cindex-0.6817, test_r2-0.2783
2026-03-19 01:37:25 - INFO - epoch-119, loss-0.3032, cindex-0.7998, test_loss-0.4274, test_cindex-0.6719, test_r2-0.2462
2026-03-19 01:38:52 - INFO - epoch-120, loss-0.2789, cindex-0.7954, test_loss-0.3912, test_cindex-0.7048, test_r2-0.2875
2026-03-19 01:40:20 - INFO - epoch-121, loss-0.2746, cindex-0.8098, test_loss-0.4118, test_cindex-0.6881, test_r2-0.2939
2026-03-19 01:41:48 - INFO - epoch-122, loss-0.3006, cindex-0.7869, test_loss-0.4095, test_cindex-0.6767, test_r2-0.2876
2026-03-19 01:43:17 - INFO - epoch-123, loss-0.2921, cindex-0.8036, test_loss-0.4157, test_cindex-0.7024, test_r2-0.2937
2026-03-19 01:44:44 - INFO - epoch-124, loss-0.3219, cindex-0.7911, test_loss-0.4006, test_cindex-0.6824, test_r2-0.2731
2026-03-19 01:46:12 - INFO - epoch-125, loss-0.2917, cindex-0.8057, test_loss-0.4046, test_cindex-0.6974, test_r2-0.2908
Epoch 00126: reducing learning rate of group 0 to 2.7000e-05.
2026-03-19 01:47:40 - INFO - epoch-126, loss-0.2965, cindex-0.8019, test_loss-0.3956, test_cindex-0.6882, test_r2-0.2805
2026-03-19 01:49:08 - INFO - epoch-127, loss-0.2599, cindex-0.8049, test_loss-0.4408, test_cindex-0.6892, test_r2-0.2675
2026-03-19 01:50:36 - INFO - epoch-128, loss-0.2655, cindex-0.8106, test_loss-0.4251, test_cindex-0.6927, test_r2-0.2520
2026-03-19 01:52:04 - INFO - epoch-129, loss-0.2602, cindex-0.8159, test_loss-0.4054, test_cindex-0.6919, test_r2-0.2664
2026-03-19 01:53:32 - INFO - epoch-130, loss-0.3249, cindex-0.7959, test_loss-0.4178, test_cindex-0.6715, test_r2-0.2552
2026-03-19 01:55:00 - INFO - epoch-131, loss-0.2974, cindex-0.8034, test_loss-0.4028, test_cindex-0.6841, test_r2-0.2755
2026-03-19 01:56:28 - INFO - epoch-132, loss-0.2915, cindex-0.8006, test_loss-0.4175, test_cindex-0.6911, test_r2-0.3068
2026-03-19 01:57:56 - INFO - epoch-133, loss-0.2831, cindex-0.8035, test_loss-0.3883, test_cindex-0.7015, test_r2-0.3047
2026-03-19 01:59:24 - INFO - epoch-134, loss-0.2649, cindex-0.8134, test_loss-0.3891, test_cindex-0.7190, test_r2-0.3223
2026-03-19 02:00:52 - INFO - epoch-135, loss-0.3042, cindex-0.8034, test_loss-0.3810, test_cindex-0.7045, test_r2-0.3231
2026-03-19 02:00:52 - INFO - ######test_loss:0.3810, test_cindex:0.7045, test_r2:0.3231######
2026-03-19 02:02:19 - INFO - epoch-136, loss-0.2904, cindex-0.8089, test_loss-0.3998, test_cindex-0.7142, test_r2-0.2823
2026-03-19 02:03:48 - INFO - epoch-137, loss-0.2745, cindex-0.8046, test_loss-0.4208, test_cindex-0.6816, test_r2-0.2427
2026-03-19 02:05:16 - INFO - epoch-138, loss-0.2622, cindex-0.8092, test_loss-0.4060, test_cindex-0.7014, test_r2-0.2914
2026-03-19 02:06:45 - INFO - epoch-139, loss-0.2951, cindex-0.8051, test_loss-0.3923, test_cindex-0.7023, test_r2-0.2889
2026-03-19 02:08:12 - INFO - epoch-140, loss-0.2747, cindex-0.8001, test_loss-0.4375, test_cindex-0.6981, test_r2-0.2809
2026-03-19 02:09:40 - INFO - epoch-141, loss-0.2653, cindex-0.8006, test_loss-0.3825, test_cindex-0.7050, test_r2-0.3102
2026-03-19 02:11:08 - INFO - epoch-142, loss-0.2801, cindex-0.8053, test_loss-0.4016, test_cindex-0.6992, test_r2-0.2848
2026-03-19 02:12:37 - INFO - epoch-143, loss-0.2879, cindex-0.8088, test_loss-0.4156, test_cindex-0.6926, test_r2-0.2977
2026-03-19 02:14:05 - INFO - epoch-144, loss-0.3114, cindex-0.7979, test_loss-0.4036, test_cindex-0.7008, test_r2-0.2819
2026-03-19 02:15:32 - INFO - epoch-145, loss-0.2893, cindex-0.8145, test_loss-0.3786, test_cindex-0.6981, test_r2-0.3078
2026-03-19 02:15:32 - INFO - ######test_loss:0.3786, test_cindex:0.6981, test_r2:0.3078######
2026-03-19 02:17:00 - INFO - epoch-146, loss-0.2516, cindex-0.8094, test_loss-0.3885, test_cindex-0.7133, test_r2-0.3217
2026-03-19 02:18:28 - INFO - epoch-147, loss-0.2801, cindex-0.8108, test_loss-0.4676, test_cindex-0.6947, test_r2-0.3092
2026-03-19 02:19:56 - INFO - epoch-148, loss-0.2686, cindex-0.8074, test_loss-0.4592, test_cindex-0.6749, test_r2-0.2661
2026-03-19 02:21:25 - INFO - epoch-149, loss-0.2672, cindex-0.8105, test_loss-0.3766, test_cindex-0.7116, test_r2-0.3226
2026-03-19 02:21:25 - INFO - ######test_loss:0.3766, test_cindex:0.7116, test_r2:0.3226######
2026-03-19 02:22:53 - INFO - epoch-150, loss-0.2335, cindex-0.8179, test_loss-0.3929, test_cindex-0.7048, test_r2-0.2889
2026-03-19 02:24:21 - INFO - epoch-151, loss-0.2704, cindex-0.8158, test_loss-0.4200, test_cindex-0.7065, test_r2-0.3057
2026-03-19 02:25:49 - INFO - epoch-152, loss-0.2643, cindex-0.8161, test_loss-0.4578, test_cindex-0.7044, test_r2-0.3000
2026-03-19 02:27:16 - INFO - epoch-153, loss-0.2628, cindex-0.8182, test_loss-0.3831, test_cindex-0.7038, test_r2-0.3010
2026-03-19 02:28:45 - INFO - epoch-154, loss-0.2397, cindex-0.8181, test_loss-0.3649, test_cindex-0.7153, test_r2-0.3559
2026-03-19 02:28:45 - INFO - ######test_loss:0.3649, test_cindex:0.7153, test_r2:0.3559######
2026-03-19 02:30:13 - INFO - epoch-155, loss-0.2432, cindex-0.8240, test_loss-0.3825, test_cindex-0.7036, test_r2-0.3035
2026-03-19 02:31:41 - INFO - epoch-156, loss-0.2543, cindex-0.8190, test_loss-0.3794, test_cindex-0.6946, test_r2-0.3242
2026-03-19 02:33:08 - INFO - epoch-157, loss-0.2828, cindex-0.8157, test_loss-0.3946, test_cindex-0.6753, test_r2-0.2832
2026-03-19 02:34:36 - INFO - epoch-158, loss-0.2511, cindex-0.8200, test_loss-0.3977, test_cindex-0.7146, test_r2-0.2840
2026-03-19 02:36:05 - INFO - epoch-159, loss-0.2241, cindex-0.8207, test_loss-0.3861, test_cindex-0.6946, test_r2-0.2947
2026-03-19 02:37:32 - INFO - epoch-160, loss-0.2443, cindex-0.8217, test_loss-0.3881, test_cindex-0.7015, test_r2-0.3198
2026-03-19 02:39:00 - INFO - epoch-161, loss-0.2598, cindex-0.8184, test_loss-0.3797, test_cindex-0.6954, test_r2-0.3076
2026-03-19 02:40:28 - INFO - epoch-162, loss-0.2612, cindex-0.8173, test_loss-0.3978, test_cindex-0.7082, test_r2-0.2862
2026-03-19 02:41:56 - INFO - epoch-163, loss-0.2600, cindex-0.8114, test_loss-0.4176, test_cindex-0.6938, test_r2-0.2869
2026-03-19 02:43:24 - INFO - epoch-164, loss-0.2403, cindex-0.8101, test_loss-0.3853, test_cindex-0.6861, test_r2-0.2966
2026-03-19 02:44:52 - INFO - epoch-165, loss-0.2433, cindex-0.8216, test_loss-0.4119, test_cindex-0.6916, test_r2-0.2920
2026-03-19 02:46:20 - INFO - epoch-166, loss-0.2648, cindex-0.8130, test_loss-0.3772, test_cindex-0.6970, test_r2-0.3144
2026-03-19 02:47:49 - INFO - epoch-167, loss-0.2627, cindex-0.8128, test_loss-0.3962, test_cindex-0.7061, test_r2-0.2845
2026-03-19 02:49:17 - INFO - epoch-168, loss-0.2491, cindex-0.8248, test_loss-0.4069, test_cindex-0.6947, test_r2-0.2785
2026-03-19 02:50:45 - INFO - epoch-169, loss-0.2503, cindex-0.8087, test_loss-0.3794, test_cindex-0.7022, test_r2-0.3115
2026-03-19 02:52:13 - INFO - epoch-170, loss-0.2494, cindex-0.8239, test_loss-0.3985, test_cindex-0.6883, test_r2-0.3054
2026-03-19 02:53:40 - INFO - epoch-171, loss-0.2502, cindex-0.8138, test_loss-0.3961, test_cindex-0.7067, test_r2-0.3034
2026-03-19 02:55:08 - INFO - epoch-172, loss-0.2664, cindex-0.8174, test_loss-0.3820, test_cindex-0.6982, test_r2-0.3158
2026-03-19 02:56:35 - INFO - epoch-173, loss-0.2526, cindex-0.8084, test_loss-0.3847, test_cindex-0.7011, test_r2-0.3105
2026-03-19 02:58:03 - INFO - epoch-174, loss-0.2633, cindex-0.8183, test_loss-0.4029, test_cindex-0.7003, test_r2-0.2960
Epoch 00175: reducing learning rate of group 0 to 2.4300e-05.
2026-03-19 02:59:31 - INFO - epoch-175, loss-0.2535, cindex-0.8116, test_loss-0.3711, test_cindex-0.6983, test_r2-0.3264
2026-03-19 03:00:59 - INFO - epoch-176, loss-0.2220, cindex-0.8222, test_loss-0.3901, test_cindex-0.7031, test_r2-0.2957
2026-03-19 03:02:27 - INFO - epoch-177, loss-0.2227, cindex-0.8224, test_loss-0.3834, test_cindex-0.7068, test_r2-0.3305
2026-03-19 03:03:55 - INFO - epoch-178, loss-0.2421, cindex-0.8345, test_loss-0.3781, test_cindex-0.7039, test_r2-0.3133
2026-03-19 03:05:23 - INFO - epoch-179, loss-0.2094, cindex-0.8311, test_loss-0.4078, test_cindex-0.6865, test_r2-0.2631
2026-03-19 03:06:51 - INFO - epoch-180, loss-0.2151, cindex-0.8312, test_loss-0.3932, test_cindex-0.7129, test_r2-0.3099
2026-03-19 03:08:19 - INFO - epoch-181, loss-0.2059, cindex-0.8360, test_loss-0.3679, test_cindex-0.7144, test_r2-0.3313
2026-03-19 03:09:47 - INFO - epoch-182, loss-0.2484, cindex-0.8244, test_loss-0.3745, test_cindex-0.7116, test_r2-0.3175
2026-03-19 03:11:15 - INFO - epoch-183, loss-0.2197, cindex-0.8257, test_loss-0.3875, test_cindex-0.7068, test_r2-0.2941
2026-03-19 03:12:43 - INFO - epoch-184, loss-0.2331, cindex-0.8363, test_loss-0.3801, test_cindex-0.7084, test_r2-0.3071
2026-03-19 03:14:10 - INFO - epoch-185, loss-0.2404, cindex-0.8282, test_loss-0.3846, test_cindex-0.7034, test_r2-0.2987
2026-03-19 03:15:38 - INFO - epoch-186, loss-0.2171, cindex-0.8241, test_loss-0.3830, test_cindex-0.6993, test_r2-0.3160
2026-03-19 03:17:06 - INFO - epoch-187, loss-0.2165, cindex-0.8268, test_loss-0.4113, test_cindex-0.6845, test_r2-0.2787
2026-03-19 03:18:34 - INFO - epoch-188, loss-0.2163, cindex-0.8334, test_loss-0.4118, test_cindex-0.6981, test_r2-0.2744
2026-03-19 03:20:02 - INFO - epoch-189, loss-0.2228, cindex-0.8324, test_loss-0.3893, test_cindex-0.6948, test_r2-0.2895
2026-03-19 03:21:29 - INFO - epoch-190, loss-0.2256, cindex-0.8226, test_loss-0.3983, test_cindex-0.6932, test_r2-0.2778
2026-03-19 03:22:57 - INFO - epoch-191, loss-0.2330, cindex-0.8221, test_loss-0.3958, test_cindex-0.7057, test_r2-0.3168
2026-03-19 03:24:25 - INFO - epoch-192, loss-0.2384, cindex-0.8265, test_loss-0.3913, test_cindex-0.7006, test_r2-0.2937
2026-03-19 03:25:53 - INFO - epoch-193, loss-0.2436, cindex-0.8259, test_loss-0.3783, test_cindex-0.7076, test_r2-0.3215
2026-03-19 03:27:21 - INFO - epoch-194, loss-0.2216, cindex-0.8314, test_loss-0.4417, test_cindex-0.6975, test_r2-0.2854
2026-03-19 03:28:49 - INFO - epoch-195, loss-0.2334, cindex-0.8257, test_loss-0.3895, test_cindex-0.6989, test_r2-0.3187
Epoch 00196: reducing learning rate of group 0 to 2.1870e-05.
2026-03-19 03:30:17 - INFO - epoch-196, loss-0.2124, cindex-0.8329, test_loss-0.3760, test_cindex-0.6965, test_r2-0.3298
2026-03-19 03:31:45 - INFO - epoch-197, loss-0.2043, cindex-0.8327, test_loss-0.3671, test_cindex-0.7200, test_r2-0.3280
2026-03-19 03:33:13 - INFO - epoch-198, loss-0.2189, cindex-0.8346, test_loss-0.3578, test_cindex-0.7270, test_r2-0.3442
2026-03-19 03:33:13 - INFO - ######test_loss:0.3578, test_cindex:0.7270, test_r2:0.3442######
2026-03-19 03:34:41 - INFO - epoch-199, loss-0.2087, cindex-0.8303, test_loss-0.3832, test_cindex-0.7186, test_r2-0.3321
2026-03-19 03:36:08 - INFO - epoch-200, loss-0.2409, cindex-0.8322, test_loss-0.3844, test_cindex-0.7140, test_r2-0.3283
2026-03-19 03:37:36 - INFO - epoch-201, loss-0.2261, cindex-0.8334, test_loss-0.4111, test_cindex-0.7044, test_r2-0.3140
2026-03-19 03:39:04 - INFO - epoch-202, loss-0.2162, cindex-0.8380, test_loss-0.3638, test_cindex-0.7186, test_r2-0.3350
2026-03-19 03:40:32 - INFO - epoch-203, loss-0.2004, cindex-0.8382, test_loss-0.3776, test_cindex-0.7037, test_r2-0.3066
2026-03-19 03:42:01 - INFO - epoch-204, loss-0.2185, cindex-0.8232, test_loss-0.3630, test_cindex-0.7189, test_r2-0.3311
2026-03-19 03:43:29 - INFO - epoch-205, loss-0.2178, cindex-0.8329, test_loss-0.3766, test_cindex-0.7179, test_r2-0.3238
2026-03-19 03:44:57 - INFO - epoch-206, loss-0.2111, cindex-0.8356, test_loss-0.3800, test_cindex-0.7119, test_r2-0.3102
2026-03-19 03:46:25 - INFO - epoch-207, loss-0.2063, cindex-0.8362, test_loss-0.3887, test_cindex-0.7089, test_r2-0.3115
2026-03-19 03:47:53 - INFO - epoch-208, loss-0.1808, cindex-0.8392, test_loss-0.3684, test_cindex-0.7206, test_r2-0.3192
2026-03-19 03:49:21 - INFO - epoch-209, loss-0.1884, cindex-0.8485, test_loss-0.3914, test_cindex-0.7051, test_r2-0.2907
2026-03-19 03:50:49 - INFO - epoch-210, loss-0.1983, cindex-0.8451, test_loss-0.3715, test_cindex-0.7148, test_r2-0.3151
2026-03-19 03:52:17 - INFO - epoch-211, loss-0.1914, cindex-0.8482, test_loss-0.3659, test_cindex-0.7196, test_r2-0.3252
2026-03-19 03:53:45 - INFO - epoch-212, loss-0.2008, cindex-0.8368, test_loss-0.3838, test_cindex-0.7006, test_r2-0.3005
2026-03-19 03:55:13 - INFO - epoch-213, loss-0.2067, cindex-0.8423, test_loss-0.3861, test_cindex-0.7094, test_r2-0.2982
2026-03-19 03:56:40 - INFO - epoch-214, loss-0.2101, cindex-0.8400, test_loss-0.3765, test_cindex-0.7098, test_r2-0.3091
2026-03-19 03:58:08 - INFO - epoch-215, loss-0.2220, cindex-0.8387, test_loss-0.3854, test_cindex-0.7110, test_r2-0.3155
2026-03-19 03:59:36 - INFO - epoch-216, loss-0.2140, cindex-0.8403, test_loss-0.3760, test_cindex-0.7108, test_r2-0.3134
2026-03-19 04:01:04 - INFO - epoch-217, loss-0.1816, cindex-0.8425, test_loss-0.3750, test_cindex-0.7107, test_r2-0.3128
2026-03-19 04:02:32 - INFO - epoch-218, loss-0.1786, cindex-0.8410, test_loss-0.3952, test_cindex-0.7059, test_r2-0.3075
Epoch 00219: reducing learning rate of group 0 to 1.9683e-05.
2026-03-19 04:04:00 - INFO - epoch-219, loss-0.1975, cindex-0.8379, test_loss-0.3937, test_cindex-0.6976, test_r2-0.3015
2026-03-19 04:05:28 - INFO - epoch-220, loss-0.1967, cindex-0.8349, test_loss-0.3826, test_cindex-0.7024, test_r2-0.3033
2026-03-19 04:06:56 - INFO - epoch-221, loss-0.1988, cindex-0.8384, test_loss-0.3718, test_cindex-0.7098, test_r2-0.3233
2026-03-19 04:08:24 - INFO - epoch-222, loss-0.2028, cindex-0.8342, test_loss-0.3796, test_cindex-0.6986, test_r2-0.3185
2026-03-19 04:09:52 - INFO - epoch-223, loss-0.2119, cindex-0.8365, test_loss-0.3972, test_cindex-0.7049, test_r2-0.3148
2026-03-19 04:11:20 - INFO - epoch-224, loss-0.1908, cindex-0.8432, test_loss-0.3732, test_cindex-0.7173, test_r2-0.3197
2026-03-19 04:12:48 - INFO - epoch-225, loss-0.1952, cindex-0.8393, test_loss-0.3808, test_cindex-0.7002, test_r2-0.3201
2026-03-19 04:14:16 - INFO - epoch-226, loss-0.2044, cindex-0.8404, test_loss-0.3754, test_cindex-0.7155, test_r2-0.3284
2026-03-19 04:15:44 - INFO - epoch-227, loss-0.1860, cindex-0.8470, test_loss-0.3862, test_cindex-0.7012, test_r2-0.3093
2026-03-19 04:17:12 - INFO - epoch-228, loss-0.2028, cindex-0.8456, test_loss-0.3716, test_cindex-0.7075, test_r2-0.3234
2026-03-19 04:18:40 - INFO - epoch-229, loss-0.1786, cindex-0.8455, test_loss-0.3845, test_cindex-0.6996, test_r2-0.3193
2026-03-19 04:20:08 - INFO - epoch-230, loss-0.1945, cindex-0.8424, test_loss-0.3564, test_cindex-0.7175, test_r2-0.3427
2026-03-19 04:20:08 - INFO - ######test_loss:0.3564, test_cindex:0.7175, test_r2:0.3427######
2026-03-19 04:21:36 - INFO - epoch-231, loss-0.1812, cindex-0.8449, test_loss-0.3650, test_cindex-0.7167, test_r2-0.3360
2026-03-19 04:23:03 - INFO - epoch-232, loss-0.1979, cindex-0.8400, test_loss-0.3571, test_cindex-0.7235, test_r2-0.3525
2026-03-19 04:24:31 - INFO - epoch-233, loss-0.2019, cindex-0.8443, test_loss-0.4049, test_cindex-0.7092, test_r2-0.2973
2026-03-19 04:25:59 - INFO - epoch-234, loss-0.2097, cindex-0.8427, test_loss-0.3571, test_cindex-0.7203, test_r2-0.3361
2026-03-19 04:27:27 - INFO - epoch-235, loss-0.1898, cindex-0.8430, test_loss-0.3832, test_cindex-0.6992, test_r2-0.3056
2026-03-19 04:28:55 - INFO - epoch-236, loss-0.1979, cindex-0.8447, test_loss-0.3807, test_cindex-0.7086, test_r2-0.3041
2026-03-19 04:30:23 - INFO - epoch-237, loss-0.2118, cindex-0.8507, test_loss-0.3728, test_cindex-0.7120, test_r2-0.3237
2026-03-19 04:31:52 - INFO - epoch-238, loss-0.2008, cindex-0.8422, test_loss-0.3905, test_cindex-0.7225, test_r2-0.3590
2026-03-19 04:33:19 - INFO - epoch-239, loss-0.1882, cindex-0.8523, test_loss-0.3864, test_cindex-0.7046, test_r2-0.3088
2026-03-19 04:34:47 - INFO - epoch-240, loss-0.1720, cindex-0.8498, test_loss-0.3757, test_cindex-0.7153, test_r2-0.3202
2026-03-19 04:36:15 - INFO - epoch-241, loss-0.1681, cindex-0.8528, test_loss-0.3693, test_cindex-0.7199, test_r2-0.3315
2026-03-19 04:37:44 - INFO - epoch-242, loss-0.1934, cindex-0.8447, test_loss-0.3634, test_cindex-0.7134, test_r2-0.3342
2026-03-19 04:39:12 - INFO - epoch-243, loss-0.1781, cindex-0.8503, test_loss-0.3714, test_cindex-0.7004, test_r2-0.3273
2026-03-19 04:40:39 - INFO - epoch-244, loss-0.1778, cindex-0.8500, test_loss-0.3735, test_cindex-0.7168, test_r2-0.3193
2026-03-19 04:42:07 - INFO - epoch-245, loss-0.1860, cindex-0.8562, test_loss-0.3831, test_cindex-0.6992, test_r2-0.3084
2026-03-19 04:43:35 - INFO - epoch-246, loss-0.1789, cindex-0.8479, test_loss-0.3649, test_cindex-0.7260, test_r2-0.3330
2026-03-19 04:45:03 - INFO - epoch-247, loss-0.1924, cindex-0.8514, test_loss-0.3932, test_cindex-0.7173, test_r2-0.2962
2026-03-19 04:46:32 - INFO - epoch-248, loss-0.1668, cindex-0.8543, test_loss-0.3738, test_cindex-0.7097, test_r2-0.3163
2026-03-19 04:48:00 - INFO - epoch-249, loss-0.1858, cindex-0.8513, test_loss-0.3697, test_cindex-0.7214, test_r2-0.3364
2026-03-19 04:49:28 - INFO - epoch-250, loss-0.1850, cindex-0.8427, test_loss-0.3904, test_cindex-0.7044, test_r2-0.2917
Epoch 00251: reducing learning rate of group 0 to 1.7715e-05.
2026-03-19 04:50:56 - INFO - epoch-251, loss-0.2044, cindex-0.8418, test_loss-0.3836, test_cindex-0.7147, test_r2-0.3211
2026-03-19 04:52:23 - INFO - epoch-252, loss-0.1904, cindex-0.8473, test_loss-0.3814, test_cindex-0.7039, test_r2-0.3170
2026-03-19 04:53:52 - INFO - epoch-253, loss-0.1924, cindex-0.8568, test_loss-0.3549, test_cindex-0.7275, test_r2-0.3416
2026-03-19 04:53:52 - INFO - ######test_loss:0.3549, test_cindex:0.7275, test_r2:0.3416######
2026-03-19 04:55:20 - INFO - epoch-254, loss-0.1777, cindex-0.8490, test_loss-0.3777, test_cindex-0.7152, test_r2-0.3174
2026-03-19 04:56:48 - INFO - epoch-255, loss-0.1691, cindex-0.8512, test_loss-0.3919, test_cindex-0.7263, test_r2-0.3392
2026-03-19 04:58:15 - INFO - epoch-256, loss-0.1723, cindex-0.8497, test_loss-0.3599, test_cindex-0.7170, test_r2-0.3473
2026-03-19 04:59:43 - INFO - epoch-257, loss-0.1818, cindex-0.8500, test_loss-0.3749, test_cindex-0.7149, test_r2-0.3195
2026-03-19 05:01:11 - INFO - epoch-258, loss-0.1809, cindex-0.8522, test_loss-0.3790, test_cindex-0.7133, test_r2-0.3197
2026-03-19 05:02:39 - INFO - epoch-259, loss-0.1647, cindex-0.8513, test_loss-0.3896, test_cindex-0.7169, test_r2-0.3238
2026-03-19 05:04:07 - INFO - epoch-260, loss-0.1873, cindex-0.8510, test_loss-0.3518, test_cindex-0.7253, test_r2-0.3536
2026-03-19 05:04:07 - INFO - ######test_loss:0.3518, test_cindex:0.7253, test_r2:0.3536######
2026-03-19 05:05:35 - INFO - epoch-261, loss-0.1848, cindex-0.8514, test_loss-0.3593, test_cindex-0.7153, test_r2-0.3380
2026-03-19 05:07:04 - INFO - epoch-262, loss-0.1632, cindex-0.8500, test_loss-0.3718, test_cindex-0.7111, test_r2-0.3443
2026-03-19 05:08:32 - INFO - epoch-263, loss-0.1821, cindex-0.8451, test_loss-0.3739, test_cindex-0.7164, test_r2-0.3280
2026-03-19 05:09:59 - INFO - epoch-264, loss-0.1653, cindex-0.8479, test_loss-0.3687, test_cindex-0.7120, test_r2-0.3216
2026-03-19 05:11:27 - INFO - epoch-265, loss-0.1661, cindex-0.8519, test_loss-0.3651, test_cindex-0.7169, test_r2-0.3301
2026-03-19 05:12:55 - INFO - epoch-266, loss-0.1851, cindex-0.8498, test_loss-0.3581, test_cindex-0.7213, test_r2-0.3440
2026-03-19 05:14:22 - INFO - epoch-267, loss-0.1483, cindex-0.8517, test_loss-0.3633, test_cindex-0.7215, test_r2-0.3297
2026-03-19 05:15:51 - INFO - epoch-268, loss-0.1496, cindex-0.8578, test_loss-0.3629, test_cindex-0.7149, test_r2-0.3353
2026-03-19 05:17:19 - INFO - epoch-269, loss-0.1827, cindex-0.8566, test_loss-0.3942, test_cindex-0.7087, test_r2-0.3064
2026-03-19 05:18:46 - INFO - epoch-270, loss-0.1665, cindex-0.8584, test_loss-0.3837, test_cindex-0.7236, test_r2-0.3283
2026-03-19 05:20:15 - INFO - epoch-271, loss-0.1698, cindex-0.8646, test_loss-0.3910, test_cindex-0.7074, test_r2-0.3156
2026-03-19 05:21:43 - INFO - epoch-272, loss-0.1752, cindex-0.8483, test_loss-0.3834, test_cindex-0.7124, test_r2-0.3103
2026-03-19 05:23:10 - INFO - epoch-273, loss-0.1632, cindex-0.8567, test_loss-0.3724, test_cindex-0.7124, test_r2-0.3135
2026-03-19 05:24:38 - INFO - epoch-274, loss-0.1596, cindex-0.8557, test_loss-0.3738, test_cindex-0.7148, test_r2-0.3130
2026-03-19 05:26:06 - INFO - epoch-275, loss-0.1582, cindex-0.8551, test_loss-0.3608, test_cindex-0.7196, test_r2-0.3429
2026-03-19 05:27:34 - INFO - epoch-276, loss-0.1599, cindex-0.8632, test_loss-0.3738, test_cindex-0.7150, test_r2-0.3120
2026-03-19 05:29:02 - INFO - epoch-277, loss-0.1594, cindex-0.8635, test_loss-0.3576, test_cindex-0.7213, test_r2-0.3390
2026-03-19 05:30:29 - INFO - epoch-278, loss-0.1613, cindex-0.8496, test_loss-0.3543, test_cindex-0.7208, test_r2-0.3502
2026-03-19 05:31:57 - INFO - epoch-279, loss-0.1486, cindex-0.8672, test_loss-0.3836, test_cindex-0.7203, test_r2-0.3352
2026-03-19 05:33:26 - INFO - epoch-280, loss-0.1605, cindex-0.8598, test_loss-0.3767, test_cindex-0.7032, test_r2-0.3150
Epoch 00281: reducing learning rate of group 0 to 1.5943e-05.
2026-03-19 05:34:54 - INFO - epoch-281, loss-0.1678, cindex-0.8599, test_loss-0.3623, test_cindex-0.7263, test_r2-0.3335
2026-03-19 05:36:22 - INFO - epoch-282, loss-0.1644, cindex-0.8597, test_loss-0.3734, test_cindex-0.7013, test_r2-0.3144
2026-03-19 05:37:50 - INFO - epoch-283, loss-0.1691, cindex-0.8574, test_loss-0.4195, test_cindex-0.7115, test_r2-0.3241
2026-03-19 05:39:17 - INFO - epoch-284, loss-0.1595, cindex-0.8536, test_loss-0.3727, test_cindex-0.7056, test_r2-0.3245
2026-03-19 05:40:45 - INFO - epoch-285, loss-0.1587, cindex-0.8530, test_loss-0.3958, test_cindex-0.7084, test_r2-0.3045
2026-03-19 05:42:13 - INFO - epoch-286, loss-0.1620, cindex-0.8598, test_loss-0.3636, test_cindex-0.7103, test_r2-0.3304
2026-03-19 05:43:41 - INFO - epoch-287, loss-0.1534, cindex-0.8545, test_loss-0.3765, test_cindex-0.7022, test_r2-0.3116
2026-03-19 05:45:09 - INFO - epoch-288, loss-0.1508, cindex-0.8602, test_loss-0.3820, test_cindex-0.7103, test_r2-0.3002
2026-03-19 05:46:37 - INFO - epoch-289, loss-0.1628, cindex-0.8578, test_loss-0.3784, test_cindex-0.7030, test_r2-0.3091
2026-03-19 05:48:05 - INFO - epoch-290, loss-0.1628, cindex-0.8584, test_loss-0.3750, test_cindex-0.7114, test_r2-0.3116
2026-03-19 05:49:33 - INFO - epoch-291, loss-0.1723, cindex-0.8629, test_loss-0.3648, test_cindex-0.7162, test_r2-0.3357
2026-03-19 05:51:01 - INFO - epoch-292, loss-0.1673, cindex-0.8623, test_loss-0.3714, test_cindex-0.7148, test_r2-0.3154
2026-03-19 05:52:29 - INFO - epoch-293, loss-0.1877, cindex-0.8496, test_loss-0.4003, test_cindex-0.7175, test_r2-0.3307
2026-03-19 05:53:56 - INFO - epoch-294, loss-0.1690, cindex-0.8641, test_loss-0.3711, test_cindex-0.7100, test_r2-0.3182
2026-03-19 05:55:25 - INFO - epoch-295, loss-0.1610, cindex-0.8628, test_loss-0.3804, test_cindex-0.7093, test_r2-0.3029
2026-03-19 05:56:52 - INFO - epoch-296, loss-0.1497, cindex-0.8710, test_loss-0.3544, test_cindex-0.7247, test_r2-0.3453
2026-03-19 05:58:21 - INFO - epoch-297, loss-0.1332, cindex-0.8699, test_loss-0.3720, test_cindex-0.7103, test_r2-0.3258
2026-03-19 05:59:48 - INFO - epoch-298, loss-0.1584, cindex-0.8663, test_loss-0.3691, test_cindex-0.7102, test_r2-0.3220
2026-03-19 06:01:17 - INFO - epoch-299, loss-0.1340, cindex-0.8691, test_loss-0.3610, test_cindex-0.7237, test_r2-0.3349
2026-03-19 06:02:45 - INFO - epoch-300, loss-0.1456, cindex-0.8659, test_loss-0.3576, test_cindex-0.7190, test_r2-0.3427
2026-03-19 06:04:13 - INFO - epoch-301, loss-0.1351, cindex-0.8654, test_loss-0.3763, test_cindex-0.7123, test_r2-0.3184
Epoch 00302: reducing learning rate of group 0 to 1.4349e-05.
2026-03-19 06:05:41 - INFO - epoch-302, loss-0.1522, cindex-0.8624, test_loss-0.3872, test_cindex-0.7318, test_r2-0.3430
2026-03-19 06:07:09 - INFO - epoch-303, loss-0.1530, cindex-0.8661, test_loss-0.3632, test_cindex-0.7171, test_r2-0.3291
2026-03-19 06:08:37 - INFO - epoch-304, loss-0.1394, cindex-0.8683, test_loss-0.3750, test_cindex-0.7108, test_r2-0.3116
2026-03-19 06:10:06 - INFO - epoch-305, loss-0.1399, cindex-0.8687, test_loss-0.3781, test_cindex-0.7064, test_r2-0.3104
2026-03-19 06:11:34 - INFO - epoch-306, loss-0.1540, cindex-0.8599, test_loss-0.3593, test_cindex-0.7238, test_r2-0.3328
2026-03-19 06:13:01 - INFO - epoch-307, loss-0.1499, cindex-0.8759, test_loss-0.3639, test_cindex-0.7169, test_r2-0.3282
2026-03-19 06:14:29 - INFO - epoch-308, loss-0.1591, cindex-0.8591, test_loss-0.3847, test_cindex-0.7129, test_r2-0.3269
2026-03-19 06:15:57 - INFO - epoch-309, loss-0.1372, cindex-0.8656, test_loss-0.3690, test_cindex-0.7175, test_r2-0.3206
2026-03-19 06:17:26 - INFO - epoch-310, loss-0.1367, cindex-0.8646, test_loss-0.3744, test_cindex-0.7131, test_r2-0.3245
2026-03-19 06:18:54 - INFO - epoch-311, loss-0.1423, cindex-0.8701, test_loss-0.3664, test_cindex-0.7126, test_r2-0.3377
2026-03-19 06:20:22 - INFO - epoch-312, loss-0.1476, cindex-0.8675, test_loss-0.3654, test_cindex-0.7016, test_r2-0.3279
2026-03-19 06:21:49 - INFO - epoch-313, loss-0.1463, cindex-0.8646, test_loss-0.3644, test_cindex-0.7105, test_r2-0.3295
2026-03-19 06:23:18 - INFO - epoch-314, loss-0.1407, cindex-0.8706, test_loss-0.3706, test_cindex-0.7083, test_r2-0.3193
2026-03-19 06:24:46 - INFO - epoch-315, loss-0.1559, cindex-0.8617, test_loss-0.3763, test_cindex-0.7042, test_r2-0.3136
2026-03-19 06:26:14 - INFO - epoch-316, loss-0.1608, cindex-0.8643, test_loss-0.3563, test_cindex-0.7226, test_r2-0.3429
2026-03-19 06:27:42 - INFO - epoch-317, loss-0.1672, cindex-0.8585, test_loss-0.3624, test_cindex-0.7162, test_r2-0.3300
2026-03-19 06:29:09 - INFO - epoch-318, loss-0.1480, cindex-0.8740, test_loss-0.4035, test_cindex-0.7215, test_r2-0.3207
2026-03-19 06:30:38 - INFO - epoch-319, loss-0.1397, cindex-0.8734, test_loss-0.3788, test_cindex-0.7122, test_r2-0.3123
2026-03-19 06:32:05 - INFO - epoch-320, loss-0.1538, cindex-0.8659, test_loss-0.3846, test_cindex-0.7089, test_r2-0.3197
2026-03-19 06:33:33 - INFO - epoch-321, loss-0.1472, cindex-0.8629, test_loss-0.3497, test_cindex-0.7216, test_r2-0.3555
2026-03-19 06:33:33 - INFO - ######test_loss:0.3497, test_cindex:0.7216, test_r2:0.3555######
2026-03-19 06:35:01 - INFO - epoch-322, loss-0.1477, cindex-0.8597, test_loss-0.3772, test_cindex-0.7145, test_r2-0.3497
2026-03-19 06:36:29 - INFO - epoch-323, loss-0.1481, cindex-0.8664, test_loss-0.3604, test_cindex-0.7249, test_r2-0.3304
2026-03-19 06:37:57 - INFO - epoch-324, loss-0.1435, cindex-0.8690, test_loss-0.3586, test_cindex-0.7183, test_r2-0.3388
2026-03-19 06:39:26 - INFO - epoch-325, loss-0.1406, cindex-0.8670, test_loss-0.3617, test_cindex-0.7133, test_r2-0.3325
2026-03-19 06:40:53 - INFO - epoch-326, loss-0.1322, cindex-0.8720, test_loss-0.3505, test_cindex-0.7222, test_r2-0.3496
2026-03-19 06:42:21 - INFO - epoch-327, loss-0.1378, cindex-0.8680, test_loss-0.3610, test_cindex-0.7171, test_r2-0.3332
2026-03-19 06:43:49 - INFO - epoch-328, loss-0.1371, cindex-0.8745, test_loss-0.3637, test_cindex-0.7146, test_r2-0.3328
2026-03-19 06:45:16 - INFO - epoch-329, loss-0.1457, cindex-0.8647, test_loss-0.3674, test_cindex-0.7238, test_r2-0.3305
2026-03-19 06:46:45 - INFO - epoch-330, loss-0.1258, cindex-0.8775, test_loss-0.3652, test_cindex-0.7152, test_r2-0.3264
2026-03-19 06:48:12 - INFO - epoch-331, loss-0.1467, cindex-0.8669, test_loss-0.3664, test_cindex-0.7178, test_r2-0.3344
2026-03-19 06:49:40 - INFO - epoch-332, loss-0.1229, cindex-0.8699, test_loss-0.3835, test_cindex-0.7130, test_r2-0.3171
2026-03-19 06:51:09 - INFO - epoch-333, loss-0.1310, cindex-0.8764, test_loss-0.3561, test_cindex-0.7221, test_r2-0.3406
2026-03-19 06:52:36 - INFO - epoch-334, loss-0.1223, cindex-0.8737, test_loss-0.3558, test_cindex-0.7178, test_r2-0.3456
2026-03-19 06:54:05 - INFO - epoch-335, loss-0.1421, cindex-0.8681, test_loss-0.3568, test_cindex-0.7249, test_r2-0.3360
2026-03-19 06:55:33 - INFO - epoch-336, loss-0.1416, cindex-0.8716, test_loss-0.3646, test_cindex-0.7184, test_r2-0.3264
2026-03-19 06:57:01 - INFO - epoch-337, loss-0.1388, cindex-0.8731, test_loss-0.3675, test_cindex-0.7116, test_r2-0.3212
2026-03-19 06:58:29 - INFO - epoch-338, loss-0.1400, cindex-0.8691, test_loss-0.3758, test_cindex-0.7130, test_r2-0.3188
2026-03-19 06:59:57 - INFO - epoch-339, loss-0.1358, cindex-0.8723, test_loss-0.3726, test_cindex-0.7123, test_r2-0.3193
2026-03-19 07:01:24 - INFO - epoch-340, loss-0.1350, cindex-0.8771, test_loss-0.3858, test_cindex-0.7009, test_r2-0.3036
2026-03-19 07:02:53 - INFO - epoch-341, loss-0.1281, cindex-0.8675, test_loss-0.3849, test_cindex-0.7081, test_r2-0.3082
Epoch 00342: reducing learning rate of group 0 to 1.2914e-05.
2026-03-19 07:04:21 - INFO - epoch-342, loss-0.1324, cindex-0.8747, test_loss-0.3760, test_cindex-0.7137, test_r2-0.3174
2026-03-19 07:05:49 - INFO - epoch-343, loss-0.1245, cindex-0.8801, test_loss-0.3783, test_cindex-0.7099, test_r2-0.3141
2026-03-19 07:07:17 - INFO - epoch-344, loss-0.1293, cindex-0.8721, test_loss-0.3663, test_cindex-0.7216, test_r2-0.3226
2026-03-19 07:08:45 - INFO - epoch-345, loss-0.1383, cindex-0.8726, test_loss-0.3952, test_cindex-0.7031, test_r2-0.3014
2026-03-19 07:10:12 - INFO - epoch-346, loss-0.1384, cindex-0.8683, test_loss-0.3682, test_cindex-0.7140, test_r2-0.3243
2026-03-19 07:11:41 - INFO - epoch-347, loss-0.1269, cindex-0.8707, test_loss-0.3946, test_cindex-0.6936, test_r2-0.2924
2026-03-19 07:13:09 - INFO - epoch-348, loss-0.1406, cindex-0.8718, test_loss-0.3844, test_cindex-0.7037, test_r2-0.3090
2026-03-19 07:14:37 - INFO - epoch-349, loss-0.1349, cindex-0.8747, test_loss-0.3945, test_cindex-0.7084, test_r2-0.3030
2026-03-19 07:16:04 - INFO - epoch-350, loss-0.1344, cindex-0.8682, test_loss-0.3886, test_cindex-0.7082, test_r2-0.3186
2026-03-19 07:17:31 - INFO - epoch-351, loss-0.1311, cindex-0.8716, test_loss-0.3803, test_cindex-0.6940, test_r2-0.3052
2026-03-19 07:18:59 - INFO - epoch-352, loss-0.1427, cindex-0.8768, test_loss-0.3810, test_cindex-0.7022, test_r2-0.3141
2026-03-19 07:20:27 - INFO - epoch-353, loss-0.1435, cindex-0.8756, test_loss-0.3820, test_cindex-0.7175, test_r2-0.3197
2026-03-19 07:21:56 - INFO - epoch-354, loss-0.1326, cindex-0.8767, test_loss-0.3692, test_cindex-0.7073, test_r2-0.3202
2026-03-19 07:23:23 - INFO - epoch-355, loss-0.1187, cindex-0.8767, test_loss-0.3761, test_cindex-0.7093, test_r2-0.3171
2026-03-19 07:24:51 - INFO - epoch-356, loss-0.1145, cindex-0.8822, test_loss-0.3744, test_cindex-0.7147, test_r2-0.3154
2026-03-19 07:26:19 - INFO - epoch-357, loss-0.1148, cindex-0.8825, test_loss-0.3923, test_cindex-0.7178, test_r2-0.3310
2026-03-19 07:27:47 - INFO - epoch-358, loss-0.1182, cindex-0.8841, test_loss-0.3841, test_cindex-0.6989, test_r2-0.2989
2026-03-19 07:29:14 - INFO - epoch-359, loss-0.1167, cindex-0.8777, test_loss-0.3735, test_cindex-0.7114, test_r2-0.3124
2026-03-19 07:30:42 - INFO - epoch-360, loss-0.1258, cindex-0.8823, test_loss-0.3692, test_cindex-0.7101, test_r2-0.3210
2026-03-19 07:32:11 - INFO - epoch-361, loss-0.1186, cindex-0.8788, test_loss-0.3706, test_cindex-0.7150, test_r2-0.3176
2026-03-19 07:33:39 - INFO - epoch-362, loss-0.1231, cindex-0.8806, test_loss-0.3846, test_cindex-0.7090, test_r2-0.3117
Epoch 00363: reducing learning rate of group 0 to 1.1623e-05.
2026-03-19 07:35:08 - INFO - epoch-363, loss-0.1257, cindex-0.8769, test_loss-0.3975, test_cindex-0.7182, test_r2-0.3249
2026-03-19 07:36:35 - INFO - epoch-364, loss-0.1239, cindex-0.8823, test_loss-0.3805, test_cindex-0.7108, test_r2-0.3026
2026-03-19 07:38:03 - INFO - epoch-365, loss-0.1251, cindex-0.8772, test_loss-0.3719, test_cindex-0.7096, test_r2-0.3230
2026-03-19 07:39:31 - INFO - epoch-366, loss-0.1325, cindex-0.8714, test_loss-0.3672, test_cindex-0.7231, test_r2-0.3211
2026-03-19 07:40:59 - INFO - epoch-367, loss-0.1246, cindex-0.8814, test_loss-0.3712, test_cindex-0.7131, test_r2-0.3320
2026-03-19 07:42:27 - INFO - epoch-368, loss-0.1256, cindex-0.8734, test_loss-0.3944, test_cindex-0.7105, test_r2-0.3129
2026-03-19 07:43:55 - INFO - epoch-369, loss-0.1220, cindex-0.8768, test_loss-0.3794, test_cindex-0.7079, test_r2-0.3082
2026-03-19 07:45:23 - INFO - epoch-370, loss-0.1212, cindex-0.8784, test_loss-0.3818, test_cindex-0.7107, test_r2-0.3165
2026-03-19 07:46:50 - INFO - epoch-371, loss-0.1217, cindex-0.8783, test_loss-0.3823, test_cindex-0.7016, test_r2-0.3072
2026-03-19 07:48:18 - INFO - epoch-372, loss-0.1221, cindex-0.8825, test_loss-0.3720, test_cindex-0.7099, test_r2-0.3299
2026-03-19 07:49:46 - INFO - epoch-373, loss-0.1217, cindex-0.8822, test_loss-0.3748, test_cindex-0.7136, test_r2-0.3238
2026-03-19 07:51:15 - INFO - epoch-374, loss-0.1177, cindex-0.8847, test_loss-0.3745, test_cindex-0.7034, test_r2-0.3186
2026-03-19 07:52:43 - INFO - epoch-375, loss-0.1305, cindex-0.8789, test_loss-0.3849, test_cindex-0.7130, test_r2-0.3325
2026-03-19 07:54:12 - INFO - epoch-376, loss-0.1254, cindex-0.8817, test_loss-0.3722, test_cindex-0.7133, test_r2-0.3303
2026-03-19 07:55:40 - INFO - epoch-377, loss-0.1126, cindex-0.8757, test_loss-0.3682, test_cindex-0.7147, test_r2-0.3211
2026-03-19 07:57:08 - INFO - epoch-378, loss-0.1248, cindex-0.8827, test_loss-0.3658, test_cindex-0.7180, test_r2-0.3221
2026-03-19 07:58:36 - INFO - epoch-379, loss-0.1170, cindex-0.8814, test_loss-0.3764, test_cindex-0.7125, test_r2-0.3212
2026-03-19 08:00:04 - INFO - epoch-380, loss-0.1205, cindex-0.8786, test_loss-0.3657, test_cindex-0.7162, test_r2-0.3345
2026-03-19 08:01:32 - INFO - epoch-381, loss-0.1298, cindex-0.8803, test_loss-0.3673, test_cindex-0.7138, test_r2-0.3234
2026-03-19 08:03:00 - INFO - epoch-382, loss-0.1178, cindex-0.8787, test_loss-0.3753, test_cindex-0.7091, test_r2-0.3139
2026-03-19 08:04:28 - INFO - epoch-383, loss-0.1317, cindex-0.8806, test_loss-0.3795, test_cindex-0.7139, test_r2-0.3246
Epoch 00384: reducing learning rate of group 0 to 1.0460e-05.
2026-03-19 08:05:57 - INFO - epoch-384, loss-0.1303, cindex-0.8812, test_loss-0.3700, test_cindex-0.7030, test_r2-0.3202
2026-03-19 08:07:25 - INFO - epoch-385, loss-0.1115, cindex-0.8862, test_loss-0.3648, test_cindex-0.7193, test_r2-0.3240
2026-03-19 08:08:53 - INFO - epoch-386, loss-0.1056, cindex-0.8898, test_loss-0.3684, test_cindex-0.7147, test_r2-0.3214
2026-03-19 08:10:21 - INFO - epoch-387, loss-0.0989, cindex-0.8900, test_loss-0.3736, test_cindex-0.7138, test_r2-0.3180
2026-03-19 08:11:49 - INFO - epoch-388, loss-0.1013, cindex-0.8913, test_loss-0.3677, test_cindex-0.7080, test_r2-0.3210
2026-03-19 08:13:17 - INFO - epoch-389, loss-0.0995, cindex-0.8868, test_loss-0.3637, test_cindex-0.7138, test_r2-0.3271
2026-03-19 08:14:45 - INFO - epoch-390, loss-0.1063, cindex-0.8895, test_loss-0.3672, test_cindex-0.7161, test_r2-0.3238
2026-03-19 08:16:13 - INFO - epoch-391, loss-0.1115, cindex-0.8844, test_loss-0.3611, test_cindex-0.7098, test_r2-0.3342
2026-03-19 08:17:41 - INFO - epoch-392, loss-0.1004, cindex-0.8909, test_loss-0.3743, test_cindex-0.7038, test_r2-0.3120
2026-03-19 08:19:08 - INFO - epoch-393, loss-0.1169, cindex-0.8830, test_loss-0.3802, test_cindex-0.6990, test_r2-0.3176
2026-03-19 08:20:36 - INFO - epoch-394, loss-0.1108, cindex-0.8858, test_loss-0.3715, test_cindex-0.7067, test_r2-0.3292
2026-03-19 08:22:04 - INFO - epoch-395, loss-0.1068, cindex-0.8859, test_loss-0.3685, test_cindex-0.7067, test_r2-0.3213
2026-03-19 08:23:32 - INFO - epoch-396, loss-0.1063, cindex-0.8913, test_loss-0.3676, test_cindex-0.7097, test_r2-0.3263
2026-03-19 08:25:00 - INFO - epoch-397, loss-0.1086, cindex-0.8808, test_loss-0.3722, test_cindex-0.7107, test_r2-0.3223
2026-03-19 08:26:28 - INFO - epoch-398, loss-0.1114, cindex-0.8841, test_loss-0.3709, test_cindex-0.7079, test_r2-0.3163
2026-03-19 08:27:56 - INFO - epoch-399, loss-0.1046, cindex-0.8869, test_loss-0.3628, test_cindex-0.7191, test_r2-0.3309
2026-03-19 08:29:24 - INFO - epoch-400, loss-0.1000, cindex-0.8908, test_loss-0.3701, test_cindex-0.7105, test_r2-0.3267
2026-03-19 08:30:52 - INFO - epoch-401, loss-0.1086, cindex-0.8811, test_loss-0.3609, test_cindex-0.7155, test_r2-0.3317
2026-03-19 08:32:19 - INFO - epoch-402, loss-0.1151, cindex-0.8857, test_loss-0.3698, test_cindex-0.7073, test_r2-0.3212
2026-03-19 08:33:47 - INFO - epoch-403, loss-0.1084, cindex-0.8862, test_loss-0.3624, test_cindex-0.7180, test_r2-0.3275
2026-03-19 08:35:15 - INFO - epoch-404, loss-0.1085, cindex-0.8931, test_loss-0.3641, test_cindex-0.7172, test_r2-0.3255
Epoch 00405: reducing learning rate of group 0 to 9.4143e-06.
2026-03-19 08:36:44 - INFO - epoch-405, loss-0.1127, cindex-0.8843, test_loss-0.3666, test_cindex-0.7138, test_r2-0.3286
2026-03-19 08:38:12 - INFO - epoch-406, loss-0.1107, cindex-0.8842, test_loss-0.3630, test_cindex-0.7112, test_r2-0.3298
2026-03-19 08:39:40 - INFO - epoch-407, loss-0.1199, cindex-0.8867, test_loss-0.3638, test_cindex-0.7187, test_r2-0.3291
2026-03-19 08:41:08 - INFO - epoch-408, loss-0.1196, cindex-0.8811, test_loss-0.3671, test_cindex-0.7175, test_r2-0.3217
2026-03-19 08:42:36 - INFO - epoch-409, loss-0.1131, cindex-0.8856, test_loss-0.3751, test_cindex-0.7121, test_r2-0.3131
2026-03-19 08:44:04 - INFO - epoch-410, loss-0.1028, cindex-0.8839, test_loss-0.3724, test_cindex-0.7130, test_r2-0.3138
2026-03-19 08:45:32 - INFO - epoch-411, loss-0.1194, cindex-0.8867, test_loss-0.3624, test_cindex-0.7172, test_r2-0.3301
2026-03-19 08:47:01 - INFO - epoch-412, loss-0.1129, cindex-0.8899, test_loss-0.3649, test_cindex-0.7219, test_r2-0.3247
2026-03-19 08:48:29 - INFO - epoch-413, loss-0.1151, cindex-0.8809, test_loss-0.3702, test_cindex-0.7146, test_r2-0.3207
2026-03-19 08:49:57 - INFO - epoch-414, loss-0.0990, cindex-0.8860, test_loss-0.3752, test_cindex-0.7125, test_r2-0.3098
2026-03-19 08:51:26 - INFO - epoch-415, loss-0.0928, cindex-0.8966, test_loss-0.3674, test_cindex-0.7141, test_r2-0.3223
2026-03-19 08:52:54 - INFO - epoch-416, loss-0.0866, cindex-0.8922, test_loss-0.3664, test_cindex-0.7145, test_r2-0.3225
2026-03-19 08:54:21 - INFO - epoch-417, loss-0.0933, cindex-0.8892, test_loss-0.3606, test_cindex-0.7191, test_r2-0.3387
2026-03-19 08:55:49 - INFO - epoch-418, loss-0.1016, cindex-0.8908, test_loss-0.3601, test_cindex-0.7179, test_r2-0.3429
2026-03-19 08:57:17 - INFO - epoch-419, loss-0.0951, cindex-0.8888, test_loss-0.3656, test_cindex-0.7100, test_r2-0.3259
2026-03-19 08:58:45 - INFO - epoch-420, loss-0.0951, cindex-0.8922, test_loss-0.3672, test_cindex-0.7149, test_r2-0.3258
2026-03-19 09:00:13 - INFO - epoch-421, loss-0.0994, cindex-0.8954, test_loss-0.3744, test_cindex-0.7119, test_r2-0.3192
2026-03-19 09:01:41 - INFO - epoch-422, loss-0.0992, cindex-0.8919, test_loss-0.3583, test_cindex-0.7147, test_r2-0.3373
2026-03-19 09:03:09 - INFO - epoch-423, loss-0.0958, cindex-0.8955, test_loss-0.3764, test_cindex-0.7051, test_r2-0.3079
2026-03-19 09:04:36 - INFO - epoch-424, loss-0.0992, cindex-0.8891, test_loss-0.3818, test_cindex-0.7097, test_r2-0.3197
2026-03-19 09:06:04 - INFO - epoch-425, loss-0.0938, cindex-0.8962, test_loss-0.3655, test_cindex-0.7102, test_r2-0.3240
Epoch 00426: reducing learning rate of group 0 to 8.4729e-06.
2026-03-19 09:07:32 - INFO - epoch-426, loss-0.1031, cindex-0.8941, test_loss-0.3722, test_cindex-0.7131, test_r2-0.3143
2026-03-19 09:09:00 - INFO - epoch-427, loss-0.1055, cindex-0.8929, test_loss-0.3746, test_cindex-0.7008, test_r2-0.3132
2026-03-19 09:10:29 - INFO - epoch-428, loss-0.1027, cindex-0.8867, test_loss-0.3644, test_cindex-0.7115, test_r2-0.3282
2026-03-19 09:11:57 - INFO - epoch-429, loss-0.1061, cindex-0.8887, test_loss-0.3662, test_cindex-0.7130, test_r2-0.3219
2026-03-19 09:13:25 - INFO - epoch-430, loss-0.0952, cindex-0.8977, test_loss-0.3772, test_cindex-0.7079, test_r2-0.3165
2026-03-19 09:14:53 - INFO - epoch-431, loss-0.1039, cindex-0.8896, test_loss-0.3654, test_cindex-0.7214, test_r2-0.3246
2026-03-19 09:16:21 - INFO - epoch-432, loss-0.0943, cindex-0.8987, test_loss-0.3733, test_cindex-0.7102, test_r2-0.3153
2026-03-19 09:17:49 - INFO - epoch-433, loss-0.0903, cindex-0.8966, test_loss-0.3793, test_cindex-0.7056, test_r2-0.3135
2026-03-19 09:19:17 - INFO - epoch-434, loss-0.0970, cindex-0.8955, test_loss-0.3690, test_cindex-0.7109, test_r2-0.3197
2026-03-19 09:20:45 - INFO - epoch-435, loss-0.0930, cindex-0.8915, test_loss-0.3739, test_cindex-0.7096, test_r2-0.3184
2026-03-19 09:22:13 - INFO - epoch-436, loss-0.1064, cindex-0.8904, test_loss-0.3630, test_cindex-0.7178, test_r2-0.3265
2026-03-19 09:23:41 - INFO - epoch-437, loss-0.0915, cindex-0.8947, test_loss-0.3734, test_cindex-0.7088, test_r2-0.3132
2026-03-19 09:25:09 - INFO - epoch-438, loss-0.1042, cindex-0.8882, test_loss-0.3733, test_cindex-0.7072, test_r2-0.3124
2026-03-19 09:26:37 - INFO - epoch-439, loss-0.1001, cindex-0.8874, test_loss-0.3704, test_cindex-0.7186, test_r2-0.3209
2026-03-19 09:28:05 - INFO - epoch-440, loss-0.1023, cindex-0.8898, test_loss-0.4031, test_cindex-0.7065, test_r2-0.3113
2026-03-19 09:29:33 - INFO - epoch-441, loss-0.1079, cindex-0.8937, test_loss-0.3705, test_cindex-0.7201, test_r2-0.3159
2026-03-19 09:31:01 - INFO - epoch-442, loss-0.1017, cindex-0.8840, test_loss-0.3661, test_cindex-0.7130, test_r2-0.3248
2026-03-19 09:32:28 - INFO - epoch-443, loss-0.0948, cindex-0.8941, test_loss-0.3687, test_cindex-0.7079, test_r2-0.3208
2026-03-19 09:33:57 - INFO - epoch-444, loss-0.0888, cindex-0.8956, test_loss-0.3634, test_cindex-0.7187, test_r2-0.3265
2026-03-19 09:35:24 - INFO - epoch-445, loss-0.0805, cindex-0.9022, test_loss-0.3672, test_cindex-0.7143, test_r2-0.3224
2026-03-19 09:36:52 - INFO - epoch-446, loss-0.0780, cindex-0.8993, test_loss-0.3757, test_cindex-0.7068, test_r2-0.3086
Epoch 00447: reducing learning rate of group 0 to 7.6256e-06.
2026-03-19 09:38:20 - INFO - epoch-447, loss-0.0796, cindex-0.9046, test_loss-0.3723, test_cindex-0.7084, test_r2-0.3171
2026-03-19 09:39:48 - INFO - epoch-448, loss-0.0868, cindex-0.9007, test_loss-0.3670, test_cindex-0.7154, test_r2-0.3215
2026-03-19 09:41:15 - INFO - epoch-449, loss-0.0850, cindex-0.8936, test_loss-0.3692, test_cindex-0.7162, test_r2-0.3238
2026-03-19 09:42:44 - INFO - epoch-450, loss-0.0817, cindex-0.9027, test_loss-0.3697, test_cindex-0.7132, test_r2-0.3178
2026-03-19 09:44:11 - INFO - epoch-451, loss-0.0955, cindex-0.8978, test_loss-0.3842, test_cindex-0.7137, test_r2-0.2988
2026-03-19 09:45:39 - INFO - epoch-452, loss-0.0970, cindex-0.8997, test_loss-0.3837, test_cindex-0.7073, test_r2-0.3041
2026-03-19 09:47:07 - INFO - epoch-453, loss-0.0915, cindex-0.8977, test_loss-0.3736, test_cindex-0.7149, test_r2-0.3127
2026-03-19 09:48:34 - INFO - epoch-454, loss-0.0985, cindex-0.8987, test_loss-0.3751, test_cindex-0.7106, test_r2-0.3098
2026-03-19 09:50:03 - INFO - epoch-455, loss-0.0910, cindex-0.8964, test_loss-0.3663, test_cindex-0.7109, test_r2-0.3259
2026-03-19 09:51:31 - INFO - epoch-456, loss-0.0984, cindex-0.8922, test_loss-0.3739, test_cindex-0.7123, test_r2-0.3118
2026-03-19 09:52:59 - INFO - epoch-457, loss-0.0912, cindex-0.8975, test_loss-0.3757, test_cindex-0.7043, test_r2-0.3092
2026-03-19 09:54:28 - INFO - epoch-458, loss-0.0923, cindex-0.8932, test_loss-0.3710, test_cindex-0.7104, test_r2-0.3163
2026-03-19 09:55:56 - INFO - epoch-459, loss-0.0842, cindex-0.9004, test_loss-0.3634, test_cindex-0.7207, test_r2-0.3278
2026-03-19 09:57:24 - INFO - epoch-460, loss-0.0819, cindex-0.8991, test_loss-0.3716, test_cindex-0.7074, test_r2-0.3157
2026-03-19 09:58:52 - INFO - epoch-461, loss-0.0927, cindex-0.8979, test_loss-0.3716, test_cindex-0.7137, test_r2-0.3197
2026-03-19 10:00:20 - INFO - epoch-462, loss-0.0894, cindex-0.8971, test_loss-0.3681, test_cindex-0.7117, test_r2-0.3203
2026-03-19 10:01:48 - INFO - epoch-463, loss-0.0804, cindex-0.8980, test_loss-0.3727, test_cindex-0.7101, test_r2-0.3141
2026-03-19 10:03:16 - INFO - epoch-464, loss-0.0850, cindex-0.9050, test_loss-0.3782, test_cindex-0.7065, test_r2-0.3053
2026-03-19 10:04:44 - INFO - epoch-465, loss-0.0981, cindex-0.8915, test_loss-0.3783, test_cindex-0.7103, test_r2-0.3091
2026-03-19 10:06:12 - INFO - epoch-466, loss-0.0946, cindex-0.8916, test_loss-0.3822, test_cindex-0.7067, test_r2-0.2999
2026-03-19 10:07:40 - INFO - epoch-467, loss-0.0840, cindex-0.8989, test_loss-0.3689, test_cindex-0.7101, test_r2-0.3205
Epoch 00468: reducing learning rate of group 0 to 6.8630e-06.
2026-03-19 10:09:08 - INFO - epoch-468, loss-0.0845, cindex-0.8942, test_loss-0.3693, test_cindex-0.7088, test_r2-0.3199
2026-03-19 10:10:36 - INFO - epoch-469, loss-0.0927, cindex-0.8922, test_loss-0.3703, test_cindex-0.7108, test_r2-0.3206
2026-03-19 10:12:04 - INFO - epoch-470, loss-0.0986, cindex-0.9010, test_loss-0.3638, test_cindex-0.7092, test_r2-0.3284
2026-03-19 10:13:32 - INFO - epoch-471, loss-0.0864, cindex-0.8964, test_loss-0.3654, test_cindex-0.7115, test_r2-0.3253
2026-03-19 10:15:00 - INFO - epoch-472, loss-0.0881, cindex-0.9035, test_loss-0.3659, test_cindex-0.7129, test_r2-0.3250
2026-03-19 10:16:28 - INFO - epoch-473, loss-0.0933, cindex-0.8933, test_loss-0.3601, test_cindex-0.7150, test_r2-0.3334
2026-03-19 10:17:57 - INFO - epoch-474, loss-0.0738, cindex-0.9112, test_loss-0.3723, test_cindex-0.7122, test_r2-0.3146
2026-03-19 10:19:25 - INFO - epoch-475, loss-0.0778, cindex-0.9037, test_loss-0.3736, test_cindex-0.7128, test_r2-0.3140
2026-03-19 10:20:53 - INFO - epoch-476, loss-0.0769, cindex-0.9036, test_loss-0.3743, test_cindex-0.7111, test_r2-0.3115
2026-03-19 10:22:21 - INFO - epoch-477, loss-0.0745, cindex-0.9069, test_loss-0.3695, test_cindex-0.7122, test_r2-0.3176
2026-03-19 10:23:49 - INFO - epoch-478, loss-0.0759, cindex-0.9040, test_loss-0.3650, test_cindex-0.7194, test_r2-0.3243
2026-03-19 10:25:17 - INFO - epoch-479, loss-0.0810, cindex-0.9046, test_loss-0.3740, test_cindex-0.7149, test_r2-0.3134
2026-03-19 10:26:45 - INFO - epoch-480, loss-0.0811, cindex-0.9025, test_loss-0.3736, test_cindex-0.7142, test_r2-0.3128
2026-03-19 10:28:13 - INFO - epoch-481, loss-0.0741, cindex-0.9124, test_loss-0.3815, test_cindex-0.7111, test_r2-0.3058
2026-03-19 10:29:42 - INFO - epoch-482, loss-0.0873, cindex-0.9044, test_loss-0.3753, test_cindex-0.7105, test_r2-0.3095
2026-03-19 10:31:10 - INFO - epoch-483, loss-0.0773, cindex-0.9023, test_loss-0.3739, test_cindex-0.7129, test_r2-0.3152
2026-03-19 10:32:37 - INFO - epoch-484, loss-0.0805, cindex-0.9028, test_loss-0.3736, test_cindex-0.7116, test_r2-0.3197
2026-03-19 10:34:05 - INFO - epoch-485, loss-0.0788, cindex-0.9057, test_loss-0.3672, test_cindex-0.7117, test_r2-0.3220
2026-03-19 10:35:34 - INFO - epoch-486, loss-0.0764, cindex-0.9002, test_loss-0.3646, test_cindex-0.7143, test_r2-0.3257
2026-03-19 10:37:02 - INFO - epoch-487, loss-0.0870, cindex-0.9041, test_loss-0.3757, test_cindex-0.7143, test_r2-0.3151
2026-03-19 10:38:31 - INFO - epoch-488, loss-0.0848, cindex-0.8970, test_loss-0.3645, test_cindex-0.7123, test_r2-0.3282
Epoch 00489: reducing learning rate of group 0 to 6.1767e-06.
2026-03-19 10:39:59 - INFO - epoch-489, loss-0.0857, cindex-0.8988, test_loss-0.3701, test_cindex-0.7117, test_r2-0.3225
2026-03-19 10:41:27 - INFO - epoch-490, loss-0.0782, cindex-0.9037, test_loss-0.3716, test_cindex-0.7151, test_r2-0.3168
2026-03-19 10:42:54 - INFO - epoch-491, loss-0.0893, cindex-0.8957, test_loss-0.3635, test_cindex-0.7174, test_r2-0.3265
2026-03-19 10:44:23 - INFO - epoch-492, loss-0.0782, cindex-0.9064, test_loss-0.3742, test_cindex-0.7134, test_r2-0.3203
2026-03-19 10:45:50 - INFO - epoch-493, loss-0.0817, cindex-0.8989, test_loss-0.3622, test_cindex-0.7113, test_r2-0.3296
2026-03-19 10:47:18 - INFO - epoch-494, loss-0.0888, cindex-0.9081, test_loss-0.3676, test_cindex-0.7167, test_r2-0.3224
2026-03-19 10:48:46 - INFO - epoch-495, loss-0.0761, cindex-0.9052, test_loss-0.3716, test_cindex-0.7171, test_r2-0.3159
2026-03-19 10:50:14 - INFO - epoch-496, loss-0.0813, cindex-0.9045, test_loss-0.3810, test_cindex-0.7110, test_r2-0.3027
2026-03-19 10:51:41 - INFO - epoch-497, loss-0.0775, cindex-0.9042, test_loss-0.3771, test_cindex-0.7106, test_r2-0.3068
2026-03-19 10:53:10 - INFO - epoch-498, loss-0.0824, cindex-0.8967, test_loss-0.3708, test_cindex-0.7139, test_r2-0.3170
2026-03-19 10:54:39 - INFO - epoch-499, loss-0.0871, cindex-0.9029, test_loss-0.3743, test_cindex-0.7138, test_r2-0.3120
2026-03-19 10:56:07 - INFO - epoch-500, loss-0.0862, cindex-0.8993, test_loss-0.3717, test_cindex-0.7144, test_r2-0.3174
2026-03-19 10:57:35 - INFO - epoch-501, loss-0.0820, cindex-0.8979, test_loss-0.3694, test_cindex-0.7187, test_r2-0.3229
2026-03-19 10:59:03 - INFO - epoch-502, loss-0.0839, cindex-0.9018, test_loss-0.3728, test_cindex-0.7124, test_r2-0.3156
2026-03-19 11:00:31 - INFO - epoch-503, loss-0.0750, cindex-0.9050, test_loss-0.3734, test_cindex-0.7154, test_r2-0.3110
2026-03-19 11:01:59 - INFO - epoch-504, loss-0.0659, cindex-0.9123, test_loss-0.3732, test_cindex-0.7086, test_r2-0.3129
2026-03-19 11:03:27 - INFO - epoch-505, loss-0.0698, cindex-0.9089, test_loss-0.3731, test_cindex-0.7090, test_r2-0.3123
2026-03-19 11:04:55 - INFO - epoch-506, loss-0.0747, cindex-0.9100, test_loss-0.3766, test_cindex-0.7145, test_r2-0.3125
2026-03-19 11:06:23 - INFO - epoch-507, loss-0.0694, cindex-0.9075, test_loss-0.3852, test_cindex-0.7070, test_r2-0.2991
2026-03-19 11:07:50 - INFO - epoch-508, loss-0.0687, cindex-0.9112, test_loss-0.3711, test_cindex-0.7115, test_r2-0.3161
2026-03-19 11:09:19 - INFO - epoch-509, loss-0.0807, cindex-0.9053, test_loss-0.3764, test_cindex-0.7121, test_r2-0.3130
Epoch 00510: reducing learning rate of group 0 to 5.5591e-06.
2026-03-19 11:10:47 - INFO - epoch-510, loss-0.0762, cindex-0.9006, test_loss-0.3807, test_cindex-0.7087, test_r2-0.3132
2026-03-19 11:12:15 - INFO - epoch-511, loss-0.0736, cindex-0.9044, test_loss-0.3747, test_cindex-0.7084, test_r2-0.3139
2026-03-19 11:13:43 - INFO - epoch-512, loss-0.0738, cindex-0.9092, test_loss-0.3753, test_cindex-0.7094, test_r2-0.3117
2026-03-19 11:15:11 - INFO - epoch-513, loss-0.0765, cindex-0.9096, test_loss-0.3755, test_cindex-0.7121, test_r2-0.3092
2026-03-19 11:16:38 - INFO - epoch-514, loss-0.0751, cindex-0.9077, test_loss-0.3667, test_cindex-0.7169, test_r2-0.3228
2026-03-19 11:18:06 - INFO - epoch-515, loss-0.0756, cindex-0.9096, test_loss-0.3722, test_cindex-0.7136, test_r2-0.3178
2026-03-19 11:19:34 - INFO - epoch-516, loss-0.0739, cindex-0.9072, test_loss-0.3843, test_cindex-0.7117, test_r2-0.3049
2026-03-19 11:21:02 - INFO - epoch-517, loss-0.0670, cindex-0.9144, test_loss-0.3696, test_cindex-0.7145, test_r2-0.3181
2026-03-19 11:22:30 - INFO - epoch-518, loss-0.0747, cindex-0.9081, test_loss-0.3704, test_cindex-0.7111, test_r2-0.3180
2026-03-19 11:23:58 - INFO - epoch-519, loss-0.0762, cindex-0.9085, test_loss-0.3723, test_cindex-0.7150, test_r2-0.3174
2026-03-19 11:25:26 - INFO - epoch-520, loss-0.0744, cindex-0.9040, test_loss-0.3759, test_cindex-0.7117, test_r2-0.3133
2026-03-19 11:26:54 - INFO - epoch-521, loss-0.0732, cindex-0.9066, test_loss-0.3672, test_cindex-0.7139, test_r2-0.3265
2026-03-19 11:28:22 - INFO - epoch-522, loss-0.0760, cindex-0.9095, test_loss-0.3702, test_cindex-0.7164, test_r2-0.3161
2026-03-19 11:28:22 - INFO - early stop in epoch 522
2026-03-19 11:28:22 - INFO - fold_0's result is: test_loss:0.3497, test_cindex:0.7216, test_r2:0.3555
2026-03-19 11:29:30 - INFO - *****test_loss:0.3362, test_cindex:0.7889, test_r2:0.5436*****
2026-03-19 11:29:39 - INFO - fold_1---32_batch--kiba_dataset
2026-03-19 11:29:39 - INFO - learning rate: 3e-05
2026-03-19 11:29:39 - INFO - Experiment: prot
2026-03-19 11:29:39 - INFO - Number of train and test: 2952,371
2026-03-19 11:29:39 - INFO - save_model: False
2026-03-19 11:29:39 - INFO - epochs: 3011.04
2026-03-19 11:31:09 - INFO - epoch-1, loss-133.3086, cindex-0.5445, test_loss-131.7085, test_cindex-0.5608, test_r2--1.7933
2026-03-19 11:31:09 - INFO - ######test_loss:131.7085, test_cindex:0.5608, test_r2:-1.7933######
2026-03-19 11:32:39 - INFO - epoch-2, loss-4.3591, cindex-0.5775, test_loss-0.6125, test_cindex-0.6137, test_r2-0.0767
2026-03-19 11:32:39 - INFO - ######test_loss:0.6125, test_cindex:0.6137, test_r2:0.0767######
2026-03-19 11:34:08 - INFO - epoch-3, loss-0.6266, cindex-0.6330, test_loss-0.6538, test_cindex-0.6359, test_r2-0.1193
2026-03-19 11:35:38 - INFO - epoch-4, loss-0.6270, cindex-0.6434, test_loss-0.5328, test_cindex-0.6547, test_r2-0.1531
2026-03-19 11:35:38 - INFO - ######test_loss:0.5328, test_cindex:0.6547, test_r2:0.1531######
2026-03-19 11:37:07 - INFO - epoch-5, loss-0.6555, cindex-0.6628, test_loss-1.0756, test_cindex-0.6571, test_r2-0.1477
2026-03-19 11:38:36 - INFO - epoch-6, loss-0.5822, cindex-0.6693, test_loss-0.5447, test_cindex-0.6595, test_r2-0.1688
2026-03-19 11:40:04 - INFO - epoch-7, loss-0.5805, cindex-0.6811, test_loss-0.5363, test_cindex-0.6741, test_r2-0.1942
2026-03-19 11:41:33 - INFO - epoch-8, loss-0.5327, cindex-0.6765, test_loss-0.5200, test_cindex-0.6708, test_r2-0.1797
2026-03-19 11:41:33 - INFO - ######test_loss:0.5200, test_cindex:0.6708, test_r2:0.1797######
2026-03-19 11:43:03 - INFO - epoch-9, loss-0.5501, cindex-0.6904, test_loss-0.4999, test_cindex-0.6709, test_r2-0.1911
2026-03-19 11:43:03 - INFO - ######test_loss:0.4999, test_cindex:0.6709, test_r2:0.1911######
2026-03-19 11:44:32 - INFO - epoch-10, loss-0.5536, cindex-0.6908, test_loss-0.4893, test_cindex-0.6856, test_r2-0.2148
2026-03-19 11:44:32 - INFO - ######test_loss:0.4893, test_cindex:0.6856, test_r2:0.2148######
2026-03-19 11:46:01 - INFO - epoch-11, loss-0.6237, cindex-0.6894, test_loss-0.5349, test_cindex-0.6758, test_r2-0.2038
2026-03-19 11:47:30 - INFO - epoch-12, loss-0.5022, cindex-0.7018, test_loss-0.5355, test_cindex-0.6765, test_r2-0.2050
2026-03-19 11:48:59 - INFO - epoch-13, loss-0.5039, cindex-0.6915, test_loss-0.4731, test_cindex-0.6789, test_r2-0.2256
2026-03-19 11:48:59 - INFO - ######test_loss:0.4731, test_cindex:0.6789, test_r2:0.2256######
2026-03-19 11:50:28 - INFO - epoch-14, loss-0.5261, cindex-0.7098, test_loss-0.5108, test_cindex-0.6699, test_r2-0.1769
2026-03-19 11:51:57 - INFO - epoch-15, loss-0.5172, cindex-0.7078, test_loss-0.6652, test_cindex-0.6975, test_r2-0.2542
2026-03-19 11:53:26 - INFO - epoch-16, loss-0.4950, cindex-0.7234, test_loss-0.5405, test_cindex-0.7026, test_r2-0.2691
2026-03-19 11:54:55 - INFO - epoch-17, loss-0.4689, cindex-0.7296, test_loss-0.4767, test_cindex-0.6906, test_r2-0.2187
2026-03-19 11:56:25 - INFO - epoch-18, loss-0.5086, cindex-0.7176, test_loss-0.4674, test_cindex-0.6926, test_r2-0.2435
2026-03-19 11:56:25 - INFO - ######test_loss:0.4674, test_cindex:0.6926, test_r2:0.2435######
2026-03-19 11:57:53 - INFO - epoch-19, loss-0.4503, cindex-0.7294, test_loss-0.5159, test_cindex-0.6925, test_r2-0.2739
2026-03-19 11:59:23 - INFO - epoch-20, loss-0.5280, cindex-0.7229, test_loss-0.5418, test_cindex-0.6779, test_r2-0.2723
2026-03-19 12:00:52 - INFO - epoch-21, loss-0.5183, cindex-0.7276, test_loss-0.4660, test_cindex-0.6896, test_r2-0.2362
2026-03-19 12:00:52 - INFO - ######test_loss:0.4660, test_cindex:0.6896, test_r2:0.2362######
2026-03-19 12:02:21 - INFO - epoch-22, loss-0.4741, cindex-0.7284, test_loss-0.4636, test_cindex-0.6818, test_r2-0.2761
2026-03-19 12:02:21 - INFO - ######test_loss:0.4636, test_cindex:0.6818, test_r2:0.2761######
2026-03-19 12:03:49 - INFO - epoch-23, loss-0.5243, cindex-0.7241, test_loss-0.5488, test_cindex-0.6869, test_r2-0.2434
2026-03-19 12:05:19 - INFO - epoch-24, loss-0.4942, cindex-0.7379, test_loss-0.5011, test_cindex-0.6809, test_r2-0.2822
2026-03-19 12:06:48 - INFO - epoch-25, loss-0.5044, cindex-0.7359, test_loss-0.4916, test_cindex-0.6851, test_r2-0.2392
2026-03-19 12:08:17 - INFO - epoch-26, loss-0.4747, cindex-0.7321, test_loss-0.5288, test_cindex-0.6863, test_r2-0.2591
2026-03-19 12:09:47 - INFO - epoch-27, loss-0.4854, cindex-0.7389, test_loss-0.5093, test_cindex-0.6923, test_r2-0.2813
2026-03-19 12:11:16 - INFO - epoch-28, loss-0.4621, cindex-0.7213, test_loss-0.5216, test_cindex-0.6859, test_r2-0.3053
2026-03-19 12:12:44 - INFO - epoch-29, loss-0.4832, cindex-0.7359, test_loss-0.4557, test_cindex-0.7041, test_r2-0.2987
2026-03-19 12:12:44 - INFO - ######test_loss:0.4557, test_cindex:0.7041, test_r2:0.2987######
2026-03-19 12:14:13 - INFO - epoch-30, loss-0.4233, cindex-0.7431, test_loss-0.4115, test_cindex-0.7049, test_r2-0.3289
2026-03-19 12:14:13 - INFO - ######test_loss:0.4115, test_cindex:0.7049, test_r2:0.3289######
2026-03-19 12:15:42 - INFO - epoch-31, loss-0.4433, cindex-0.7469, test_loss-0.4904, test_cindex-0.7047, test_r2-0.3173
2026-03-19 12:17:10 - INFO - epoch-32, loss-0.4914, cindex-0.7439, test_loss-0.4664, test_cindex-0.7033, test_r2-0.3166
2026-03-19 12:18:39 - INFO - epoch-33, loss-0.4423, cindex-0.7377, test_loss-0.4220, test_cindex-0.6968, test_r2-0.3188
2026-03-19 12:20:08 - INFO - epoch-34, loss-0.4313, cindex-0.7289, test_loss-0.4870, test_cindex-0.6836, test_r2-0.2720
2026-03-19 12:21:38 - INFO - epoch-35, loss-0.4513, cindex-0.7415, test_loss-0.5850, test_cindex-0.6793, test_r2-0.2277
2026-03-19 12:23:07 - INFO - epoch-36, loss-0.4412, cindex-0.7415, test_loss-0.4185, test_cindex-0.7001, test_r2-0.3287
2026-03-19 12:24:35 - INFO - epoch-37, loss-0.4024, cindex-0.7546, test_loss-0.6224, test_cindex-0.6973, test_r2-0.3137
2026-03-19 12:26:04 - INFO - epoch-38, loss-0.4391, cindex-0.7503, test_loss-0.4077, test_cindex-0.7003, test_r2-0.3317
2026-03-19 12:26:04 - INFO - ######test_loss:0.4077, test_cindex:0.7003, test_r2:0.3317######
2026-03-19 12:27:33 - INFO - epoch-39, loss-0.4460, cindex-0.7536, test_loss-0.4374, test_cindex-0.7039, test_r2-0.3077
2026-03-19 12:29:02 - INFO - epoch-40, loss-0.4598, cindex-0.7351, test_loss-0.4152, test_cindex-0.6938, test_r2-0.3194
2026-03-19 12:30:30 - INFO - epoch-41, loss-0.3788, cindex-0.7501, test_loss-0.4313, test_cindex-0.6917, test_r2-0.2963
2026-03-19 12:31:59 - INFO - epoch-42, loss-0.3804, cindex-0.7529, test_loss-0.4271, test_cindex-0.6883, test_r2-0.3064
2026-03-19 12:33:28 - INFO - epoch-43, loss-0.4400, cindex-0.7521, test_loss-0.4527, test_cindex-0.6949, test_r2-0.3142
2026-03-19 12:34:57 - INFO - epoch-44, loss-0.3779, cindex-0.7480, test_loss-0.4100, test_cindex-0.6975, test_r2-0.3407
2026-03-19 12:36:26 - INFO - epoch-45, loss-0.4068, cindex-0.7536, test_loss-0.4866, test_cindex-0.6894, test_r2-0.2655
2026-03-19 12:37:55 - INFO - epoch-46, loss-0.3980, cindex-0.7580, test_loss-0.4016, test_cindex-0.7025, test_r2-0.3478
2026-03-19 12:37:55 - INFO - ######test_loss:0.4016, test_cindex:0.7025, test_r2:0.3478######
2026-03-19 12:39:25 - INFO - epoch-47, loss-0.4413, cindex-0.7548, test_loss-0.4974, test_cindex-0.7030, test_r2-0.2868
2026-03-19 12:40:53 - INFO - epoch-48, loss-0.4098, cindex-0.7549, test_loss-0.4993, test_cindex-0.7009, test_r2-0.3471
2026-03-19 12:42:21 - INFO - epoch-49, loss-0.4279, cindex-0.7585, test_loss-0.4421, test_cindex-0.7015, test_r2-0.2857
2026-03-19 12:43:50 - INFO - epoch-50, loss-0.4360, cindex-0.7641, test_loss-0.4295, test_cindex-0.7077, test_r2-0.3322
2026-03-19 12:45:20 - INFO - epoch-51, loss-0.3871, cindex-0.7640, test_loss-0.4577, test_cindex-0.7091, test_r2-0.3607
2026-03-19 12:46:49 - INFO - epoch-52, loss-0.3693, cindex-0.7644, test_loss-0.5998, test_cindex-0.6880, test_r2-0.3357
2026-03-19 12:48:18 - INFO - epoch-53, loss-0.4239, cindex-0.7586, test_loss-0.6042, test_cindex-0.7087, test_r2-0.3481
2026-03-19 12:49:46 - INFO - epoch-54, loss-0.4588, cindex-0.7628, test_loss-0.3913, test_cindex-0.7125, test_r2-0.3661
2026-03-19 12:49:46 - INFO - ######test_loss:0.3913, test_cindex:0.7125, test_r2:0.3661######
2026-03-19 12:51:15 - INFO - epoch-55, loss-0.3732, cindex-0.7723, test_loss-0.5108, test_cindex-0.6696, test_r2-0.2166
2026-03-19 12:52:43 - INFO - epoch-56, loss-0.3858, cindex-0.7641, test_loss-0.4541, test_cindex-0.6897, test_r2-0.3487
2026-03-19 12:54:12 - INFO - epoch-57, loss-0.4071, cindex-0.7570, test_loss-0.4247, test_cindex-0.6915, test_r2-0.3281
2026-03-19 12:55:40 - INFO - epoch-58, loss-0.4100, cindex-0.7600, test_loss-0.4366, test_cindex-0.6921, test_r2-0.2770
2026-03-19 12:57:10 - INFO - epoch-59, loss-0.3960, cindex-0.7623, test_loss-0.4199, test_cindex-0.6888, test_r2-0.3247
2026-03-19 12:58:39 - INFO - epoch-60, loss-0.3968, cindex-0.7682, test_loss-0.4559, test_cindex-0.6997, test_r2-0.3137
2026-03-19 13:00:08 - INFO - epoch-61, loss-0.3935, cindex-0.7686, test_loss-0.4056, test_cindex-0.6950, test_r2-0.3233
2026-03-19 13:01:37 - INFO - epoch-62, loss-0.3575, cindex-0.7705, test_loss-0.4074, test_cindex-0.7001, test_r2-0.3277
2026-03-19 13:03:06 - INFO - epoch-63, loss-0.3955, cindex-0.7703, test_loss-0.4173, test_cindex-0.7043, test_r2-0.3110
2026-03-19 13:04:35 - INFO - epoch-64, loss-0.3838, cindex-0.7640, test_loss-0.4787, test_cindex-0.6770, test_r2-0.2895
2026-03-19 13:06:04 - INFO - epoch-65, loss-0.3826, cindex-0.7798, test_loss-0.4741, test_cindex-0.6925, test_r2-0.3243
2026-03-19 13:07:34 - INFO - epoch-66, loss-0.3520, cindex-0.7721, test_loss-0.4576, test_cindex-0.6912, test_r2-0.2693
2026-03-19 13:09:03 - INFO - epoch-67, loss-0.3776, cindex-0.7664, test_loss-0.4324, test_cindex-0.6978, test_r2-0.3099
2026-03-19 13:10:32 - INFO - epoch-68, loss-0.3953, cindex-0.7688, test_loss-0.4028, test_cindex-0.7101, test_r2-0.3231
2026-03-19 13:12:00 - INFO - epoch-69, loss-0.3699, cindex-0.7720, test_loss-0.4107, test_cindex-0.7019, test_r2-0.3285
2026-03-19 13:13:29 - INFO - epoch-70, loss-0.4367, cindex-0.7688, test_loss-0.4093, test_cindex-0.7096, test_r2-0.3481
2026-03-19 13:14:57 - INFO - epoch-71, loss-0.3490, cindex-0.7842, test_loss-0.4033, test_cindex-0.7089, test_r2-0.3267
2026-03-19 13:16:27 - INFO - epoch-72, loss-0.3817, cindex-0.7777, test_loss-0.4462, test_cindex-0.6817, test_r2-0.2949
2026-03-19 13:17:56 - INFO - epoch-73, loss-0.3369, cindex-0.7773, test_loss-0.4006, test_cindex-0.7013, test_r2-0.3457
2026-03-19 13:19:25 - INFO - epoch-74, loss-0.3144, cindex-0.7855, test_loss-0.5225, test_cindex-0.6974, test_r2-0.3299
Epoch 00075: reducing learning rate of group 0 to 2.7000e-05.
2026-03-19 13:20:54 - INFO - epoch-75, loss-0.3777, cindex-0.7787, test_loss-0.8356, test_cindex-0.6846, test_r2-0.3077
2026-03-19 13:22:24 - INFO - epoch-76, loss-0.3907, cindex-0.7772, test_loss-0.4112, test_cindex-0.6982, test_r2-0.3318
2026-03-19 13:23:53 - INFO - epoch-77, loss-0.3197, cindex-0.7853, test_loss-0.4191, test_cindex-0.7023, test_r2-0.3627
2026-03-19 13:25:21 - INFO - epoch-78, loss-0.3360, cindex-0.7902, test_loss-0.4295, test_cindex-0.6952, test_r2-0.3318
2026-03-19 13:26:50 - INFO - epoch-79, loss-0.3448, cindex-0.7759, test_loss-0.4126, test_cindex-0.6940, test_r2-0.3195
2026-03-19 13:28:20 - INFO - epoch-80, loss-0.3595, cindex-0.7760, test_loss-0.3954, test_cindex-0.6883, test_r2-0.3534
2026-03-19 13:29:48 - INFO - epoch-81, loss-0.3299, cindex-0.7790, test_loss-0.4078, test_cindex-0.7096, test_r2-0.3841
2026-03-19 13:31:18 - INFO - epoch-82, loss-0.3484, cindex-0.7769, test_loss-0.3875, test_cindex-0.7117, test_r2-0.3680
2026-03-19 13:31:18 - INFO - ######test_loss:0.3875, test_cindex:0.7117, test_r2:0.3680######
2026-03-19 13:32:47 - INFO - epoch-83, loss-0.3644, cindex-0.7791, test_loss-0.4937, test_cindex-0.6929, test_r2-0.3619
2026-03-19 13:34:16 - INFO - epoch-84, loss-0.3209, cindex-0.7909, test_loss-0.3727, test_cindex-0.7110, test_r2-0.3839
2026-03-19 13:34:16 - INFO - ######test_loss:0.3727, test_cindex:0.7110, test_r2:0.3839######
2026-03-19 13:35:45 - INFO - epoch-85, loss-0.3679, cindex-0.7836, test_loss-0.3904, test_cindex-0.7045, test_r2-0.3841
2026-03-19 13:37:13 - INFO - epoch-86, loss-0.3476, cindex-0.7846, test_loss-0.4508, test_cindex-0.7061, test_r2-0.3783
2026-03-19 13:38:43 - INFO - epoch-87, loss-0.3249, cindex-0.7924, test_loss-0.3860, test_cindex-0.7061, test_r2-0.3616
2026-03-19 13:40:11 - INFO - epoch-88, loss-0.3263, cindex-0.7807, test_loss-0.4210, test_cindex-0.7068, test_r2-0.3160
2026-03-19 13:41:40 - INFO - epoch-89, loss-0.3420, cindex-0.7946, test_loss-0.4077, test_cindex-0.6905, test_r2-0.3485
2026-03-19 13:43:09 - INFO - epoch-90, loss-0.3215, cindex-0.7887, test_loss-0.4274, test_cindex-0.6970, test_r2-0.3174
2026-03-19 13:44:38 - INFO - epoch-91, loss-0.3169, cindex-0.7884, test_loss-0.4296, test_cindex-0.7046, test_r2-0.3316
2026-03-19 13:46:07 - INFO - epoch-92, loss-0.3212, cindex-0.7872, test_loss-0.4450, test_cindex-0.7057, test_r2-0.3415
2026-03-19 13:47:36 - INFO - epoch-93, loss-0.3277, cindex-0.7885, test_loss-0.4016, test_cindex-0.7035, test_r2-0.3535
2026-03-19 13:49:05 - INFO - epoch-94, loss-0.3155, cindex-0.7909, test_loss-0.3861, test_cindex-0.6996, test_r2-0.3619
2026-03-19 13:50:34 - INFO - epoch-95, loss-0.3696, cindex-0.7794, test_loss-0.5194, test_cindex-0.7064, test_r2-0.3644
2026-03-19 13:52:02 - INFO - epoch-96, loss-0.3825, cindex-0.7854, test_loss-0.4464, test_cindex-0.7038, test_r2-0.3597
2026-03-19 13:53:31 - INFO - epoch-97, loss-0.3304, cindex-0.7962, test_loss-0.3873, test_cindex-0.6990, test_r2-0.3482
2026-03-19 13:55:00 - INFO - epoch-98, loss-0.3355, cindex-0.7837, test_loss-0.4010, test_cindex-0.7157, test_r2-0.3652
2026-03-19 13:56:29 - INFO - epoch-99, loss-0.2904, cindex-0.7918, test_loss-0.4453, test_cindex-0.6973, test_r2-0.3629
2026-03-19 13:57:57 - INFO - epoch-100, loss-0.3168, cindex-0.7901, test_loss-0.4280, test_cindex-0.6962, test_r2-0.3699
2026-03-19 13:59:26 - INFO - epoch-101, loss-0.3070, cindex-0.8059, test_loss-0.5118, test_cindex-0.6957, test_r2-0.3357
2026-03-19 14:00:55 - INFO - epoch-102, loss-0.3082, cindex-0.8008, test_loss-0.3923, test_cindex-0.7184, test_r2-0.3631
2026-03-19 14:02:24 - INFO - epoch-103, loss-0.3561, cindex-0.7835, test_loss-0.3769, test_cindex-0.7172, test_r2-0.3800
2026-03-19 14:03:52 - INFO - epoch-104, loss-0.3237, cindex-0.7909, test_loss-0.4381, test_cindex-0.6990, test_r2-0.3757
Epoch 00105: reducing learning rate of group 0 to 2.4300e-05.
2026-03-19 14:05:21 - INFO - epoch-105, loss-0.3064, cindex-0.7985, test_loss-0.3770, test_cindex-0.7136, test_r2-0.3957
2026-03-19 14:06:50 - INFO - epoch-106, loss-0.2885, cindex-0.8038, test_loss-0.4512, test_cindex-0.6926, test_r2-0.3491
2026-03-19 14:08:19 - INFO - epoch-107, loss-0.2820, cindex-0.8027, test_loss-0.4188, test_cindex-0.7098, test_r2-0.3405
2026-03-19 14:09:48 - INFO - epoch-108, loss-0.2999, cindex-0.7996, test_loss-0.3876, test_cindex-0.7098, test_r2-0.3634
2026-03-19 14:11:17 - INFO - epoch-109, loss-0.2937, cindex-0.7997, test_loss-0.4637, test_cindex-0.6845, test_r2-0.3384
2026-03-19 14:12:46 - INFO - epoch-110, loss-0.2832, cindex-0.8012, test_loss-0.3939, test_cindex-0.7101, test_r2-0.3542
2026-03-19 14:14:15 - INFO - epoch-111, loss-0.2997, cindex-0.7971, test_loss-0.3668, test_cindex-0.7093, test_r2-0.3876
2026-03-19 14:14:15 - INFO - ######test_loss:0.3668, test_cindex:0.7093, test_r2:0.3876######
2026-03-19 14:15:45 - INFO - epoch-112, loss-0.2862, cindex-0.7968, test_loss-0.3782, test_cindex-0.6970, test_r2-0.3700
2026-03-19 14:17:13 - INFO - epoch-113, loss-0.3292, cindex-0.7950, test_loss-0.3983, test_cindex-0.7028, test_r2-0.3788
2026-03-19 14:18:42 - INFO - epoch-114, loss-0.3206, cindex-0.7972, test_loss-0.3725, test_cindex-0.7067, test_r2-0.3842
2026-03-19 14:20:11 - INFO - epoch-115, loss-0.2713, cindex-0.7977, test_loss-0.3891, test_cindex-0.7029, test_r2-0.3727
2026-03-19 14:21:40 - INFO - epoch-116, loss-0.3256, cindex-0.8003, test_loss-0.4030, test_cindex-0.7122, test_r2-0.3286
2026-03-19 14:23:09 - INFO - epoch-117, loss-0.3494, cindex-0.8057, test_loss-0.4244, test_cindex-0.6870, test_r2-0.3660
2026-03-19 14:24:38 - INFO - epoch-118, loss-0.3209, cindex-0.7819, test_loss-0.4146, test_cindex-0.6938, test_r2-0.3078
2026-03-19 14:26:07 - INFO - epoch-119, loss-0.2897, cindex-0.8007, test_loss-0.5871, test_cindex-0.6866, test_r2-0.3499
2026-03-19 14:27:37 - INFO - epoch-120, loss-0.2831, cindex-0.8037, test_loss-0.3980, test_cindex-0.7156, test_r2-0.3888
2026-03-19 14:29:06 - INFO - epoch-121, loss-0.2901, cindex-0.8064, test_loss-0.3692, test_cindex-0.7092, test_r2-0.3724
2026-03-19 14:30:35 - INFO - epoch-122, loss-0.2863, cindex-0.8032, test_loss-0.6109, test_cindex-0.6977, test_r2-0.3641
2026-03-19 14:32:04 - INFO - epoch-123, loss-0.2921, cindex-0.8037, test_loss-0.4917, test_cindex-0.6954, test_r2-0.3533
2026-03-19 14:33:33 - INFO - epoch-124, loss-0.2832, cindex-0.8086, test_loss-0.3690, test_cindex-0.7153, test_r2-0.3843
2026-03-19 14:35:01 - INFO - epoch-125, loss-0.2749, cindex-0.7981, test_loss-0.4056, test_cindex-0.7113, test_r2-0.3693
2026-03-19 14:36:29 - INFO - epoch-126, loss-0.2602, cindex-0.8060, test_loss-0.3814, test_cindex-0.7046, test_r2-0.3747
2026-03-19 14:37:58 - INFO - epoch-127, loss-0.2791, cindex-0.8085, test_loss-0.3790, test_cindex-0.7171, test_r2-0.3705
2026-03-19 14:39:26 - INFO - epoch-128, loss-0.2770, cindex-0.8055, test_loss-0.4292, test_cindex-0.7083, test_r2-0.3485
2026-03-19 14:40:55 - INFO - epoch-129, loss-0.2791, cindex-0.8085, test_loss-0.3791, test_cindex-0.7221, test_r2-0.3723
2026-03-19 14:42:24 - INFO - epoch-130, loss-0.2765, cindex-0.8090, test_loss-0.4127, test_cindex-0.7026, test_r2-0.3320
2026-03-19 14:43:54 - INFO - epoch-131, loss-0.2684, cindex-0.8008, test_loss-0.4529, test_cindex-0.6817, test_r2-0.3425
Epoch 00132: reducing learning rate of group 0 to 2.1870e-05.
2026-03-19 14:45:23 - INFO - epoch-132, loss-0.2984, cindex-0.8070, test_loss-0.3685, test_cindex-0.7069, test_r2-0.3765
2026-03-19 14:46:52 - INFO - epoch-133, loss-0.2841, cindex-0.8060, test_loss-0.4257, test_cindex-0.7101, test_r2-0.3849
2026-03-19 14:48:21 - INFO - epoch-134, loss-0.2459, cindex-0.8068, test_loss-0.4129, test_cindex-0.6996, test_r2-0.3328
2026-03-19 14:49:50 - INFO - epoch-135, loss-0.2928, cindex-0.8111, test_loss-0.3901, test_cindex-0.7053, test_r2-0.3393
2026-03-19 14:51:18 - INFO - epoch-136, loss-0.2907, cindex-0.8004, test_loss-0.3879, test_cindex-0.7201, test_r2-0.4010
2026-03-19 14:52:47 - INFO - epoch-137, loss-0.2712, cindex-0.8070, test_loss-0.4327, test_cindex-0.7129, test_r2-0.3731
2026-03-19 14:54:17 - INFO - epoch-138, loss-0.2855, cindex-0.8104, test_loss-0.3819, test_cindex-0.7142, test_r2-0.3455
2026-03-19 14:55:45 - INFO - epoch-139, loss-0.2903, cindex-0.8078, test_loss-0.3986, test_cindex-0.7028, test_r2-0.3630
2026-03-19 14:57:14 - INFO - epoch-140, loss-0.2589, cindex-0.8079, test_loss-0.3957, test_cindex-0.7063, test_r2-0.3431
2026-03-19 14:58:43 - INFO - epoch-141, loss-0.2656, cindex-0.8057, test_loss-0.4007, test_cindex-0.7096, test_r2-0.3700
2026-03-19 15:00:12 - INFO - epoch-142, loss-0.2597, cindex-0.8050, test_loss-0.4178, test_cindex-0.7135, test_r2-0.3889
2026-03-19 15:01:40 - INFO - epoch-143, loss-0.2561, cindex-0.8148, test_loss-0.3959, test_cindex-0.7067, test_r2-0.3780
2026-03-19 15:03:09 - INFO - epoch-144, loss-0.2792, cindex-0.8150, test_loss-0.3773, test_cindex-0.7012, test_r2-0.3605
2026-03-19 15:04:38 - INFO - epoch-145, loss-0.2788, cindex-0.8082, test_loss-0.3714, test_cindex-0.7149, test_r2-0.4006
2026-03-19 15:06:07 - INFO - epoch-146, loss-0.2548, cindex-0.8132, test_loss-0.4298, test_cindex-0.7012, test_r2-0.3453
2026-03-19 15:07:36 - INFO - epoch-147, loss-0.2606, cindex-0.8123, test_loss-0.3666, test_cindex-0.7272, test_r2-0.3923
2026-03-19 15:07:36 - INFO - ######test_loss:0.3666, test_cindex:0.7272, test_r2:0.3923######
2026-03-19 15:09:05 - INFO - epoch-148, loss-0.2645, cindex-0.8151, test_loss-0.3830, test_cindex-0.7060, test_r2-0.3733
2026-03-19 15:10:34 - INFO - epoch-149, loss-0.2575, cindex-0.8166, test_loss-0.3989, test_cindex-0.7044, test_r2-0.3634
2026-03-19 15:12:03 - INFO - epoch-150, loss-0.2708, cindex-0.8181, test_loss-0.3597, test_cindex-0.7265, test_r2-0.3944
2026-03-19 15:12:03 - INFO - ######test_loss:0.3597, test_cindex:0.7265, test_r2:0.3944######
2026-03-19 15:13:31 - INFO - epoch-151, loss-0.2292, cindex-0.8180, test_loss-0.3653, test_cindex-0.7273, test_r2-0.3924
2026-03-19 15:15:00 - INFO - epoch-152, loss-0.2348, cindex-0.8251, test_loss-0.3836, test_cindex-0.7142, test_r2-0.3628
2026-03-19 15:16:28 - INFO - epoch-153, loss-0.2567, cindex-0.8158, test_loss-0.3791, test_cindex-0.7026, test_r2-0.3840
2026-03-19 15:17:56 - INFO - epoch-154, loss-0.2478, cindex-0.8117, test_loss-0.3891, test_cindex-0.7088, test_r2-0.3732
2026-03-19 15:19:26 - INFO - epoch-155, loss-0.2800, cindex-0.8130, test_loss-0.4003, test_cindex-0.6994, test_r2-0.3577
2026-03-19 15:20:55 - INFO - epoch-156, loss-0.2528, cindex-0.8247, test_loss-0.4475, test_cindex-0.6971, test_r2-0.3691
2026-03-19 15:22:23 - INFO - epoch-157, loss-0.2583, cindex-0.8173, test_loss-0.3564, test_cindex-0.7257, test_r2-0.4285
2026-03-19 15:22:23 - INFO - ######test_loss:0.3564, test_cindex:0.7257, test_r2:0.4285######
2026-03-19 15:23:52 - INFO - epoch-158, loss-0.2473, cindex-0.8153, test_loss-0.4201, test_cindex-0.7011, test_r2-0.3548
2026-03-19 15:25:21 - INFO - epoch-159, loss-0.2657, cindex-0.8179, test_loss-0.3922, test_cindex-0.7286, test_r2-0.4195
2026-03-19 15:26:50 - INFO - epoch-160, loss-0.2495, cindex-0.8166, test_loss-0.3713, test_cindex-0.7256, test_r2-0.4262
2026-03-19 15:28:19 - INFO - epoch-161, loss-0.2617, cindex-0.8143, test_loss-0.3805, test_cindex-0.7092, test_r2-0.3641
2026-03-19 15:29:48 - INFO - epoch-162, loss-0.2573, cindex-0.8132, test_loss-0.3776, test_cindex-0.7001, test_r2-0.3572
2026-03-19 15:31:16 - INFO - epoch-163, loss-0.2542, cindex-0.8095, test_loss-0.3817, test_cindex-0.7133, test_r2-0.3825
2026-03-19 15:32:45 - INFO - epoch-164, loss-0.2517, cindex-0.8188, test_loss-0.3696, test_cindex-0.7227, test_r2-0.4055
2026-03-19 15:34:13 - INFO - epoch-165, loss-0.2539, cindex-0.8120, test_loss-0.4539, test_cindex-0.7163, test_r2-0.3800
2026-03-19 15:35:43 - INFO - epoch-166, loss-0.2754, cindex-0.8105, test_loss-0.3930, test_cindex-0.7051, test_r2-0.3906
2026-03-19 15:37:11 - INFO - epoch-167, loss-0.2303, cindex-0.8197, test_loss-0.3778, test_cindex-0.7093, test_r2-0.3839
2026-03-19 15:38:40 - INFO - epoch-168, loss-0.3003, cindex-0.8154, test_loss-0.3732, test_cindex-0.7229, test_r2-0.4245
2026-03-19 15:40:09 - INFO - epoch-169, loss-0.2385, cindex-0.8206, test_loss-0.3902, test_cindex-0.7230, test_r2-0.3860
2026-03-19 15:41:38 - INFO - epoch-170, loss-0.2433, cindex-0.8170, test_loss-0.3523, test_cindex-0.7231, test_r2-0.4067
2026-03-19 15:41:38 - INFO - ######test_loss:0.3523, test_cindex:0.7231, test_r2:0.4067######
2026-03-19 15:43:07 - INFO - epoch-171, loss-0.2330, cindex-0.8222, test_loss-0.3730, test_cindex-0.7132, test_r2-0.3936
2026-03-19 15:44:36 - INFO - epoch-172, loss-0.2498, cindex-0.8164, test_loss-0.3604, test_cindex-0.7079, test_r2-0.3855
2026-03-19 15:46:05 - INFO - epoch-173, loss-0.2843, cindex-0.8127, test_loss-0.3975, test_cindex-0.7026, test_r2-0.3581
2026-03-19 15:47:33 - INFO - epoch-174, loss-0.2582, cindex-0.8075, test_loss-0.3795, test_cindex-0.7036, test_r2-0.3797
2026-03-19 15:49:03 - INFO - epoch-175, loss-0.2609, cindex-0.8138, test_loss-0.3750, test_cindex-0.7118, test_r2-0.3665
2026-03-19 15:50:31 - INFO - epoch-176, loss-0.2626, cindex-0.8142, test_loss-0.3909, test_cindex-0.7204, test_r2-0.3936
2026-03-19 15:52:00 - INFO - epoch-177, loss-0.2509, cindex-0.8204, test_loss-0.3575, test_cindex-0.7250, test_r2-0.3919
2026-03-19 15:53:29 - INFO - epoch-178, loss-0.2537, cindex-0.8251, test_loss-0.3847, test_cindex-0.7199, test_r2-0.4233
2026-03-19 15:54:58 - INFO - epoch-179, loss-0.2227, cindex-0.8265, test_loss-0.4107, test_cindex-0.7162, test_r2-0.3729
2026-03-19 15:56:27 - INFO - epoch-180, loss-0.2530, cindex-0.8181, test_loss-0.3803, test_cindex-0.7135, test_r2-0.3476
2026-03-19 15:57:57 - INFO - epoch-181, loss-0.2238, cindex-0.8255, test_loss-0.3875, test_cindex-0.7069, test_r2-0.3613
2026-03-19 15:59:25 - INFO - epoch-182, loss-0.2345, cindex-0.8282, test_loss-0.3857, test_cindex-0.6948, test_r2-0.3470
2026-03-19 16:00:54 - INFO - epoch-183, loss-0.2355, cindex-0.8265, test_loss-0.4252, test_cindex-0.6999, test_r2-0.3047
2026-03-19 16:02:23 - INFO - epoch-184, loss-0.2314, cindex-0.8216, test_loss-0.3968, test_cindex-0.7037, test_r2-0.3595
2026-03-19 16:03:52 - INFO - epoch-185, loss-0.2403, cindex-0.8237, test_loss-0.3666, test_cindex-0.7249, test_r2-0.3889
2026-03-19 16:05:20 - INFO - epoch-186, loss-0.2419, cindex-0.8271, test_loss-0.3810, test_cindex-0.7124, test_r2-0.3638
2026-03-19 16:06:49 - INFO - epoch-187, loss-0.2316, cindex-0.8267, test_loss-0.4099, test_cindex-0.7039, test_r2-0.3522
2026-03-19 16:08:18 - INFO - epoch-188, loss-0.2618, cindex-0.8259, test_loss-0.3770, test_cindex-0.7215, test_r2-0.3725
2026-03-19 16:09:47 - INFO - epoch-189, loss-0.2379, cindex-0.8178, test_loss-0.3782, test_cindex-0.6970, test_r2-0.3632
2026-03-19 16:11:16 - INFO - epoch-190, loss-0.2401, cindex-0.8227, test_loss-0.3581, test_cindex-0.7306, test_r2-0.4027
Epoch 00191: reducing learning rate of group 0 to 1.9683e-05.
2026-03-19 16:12:45 - INFO - epoch-191, loss-0.2636, cindex-0.8180, test_loss-0.3630, test_cindex-0.7229, test_r2-0.4115
2026-03-19 16:14:14 - INFO - epoch-192, loss-0.2390, cindex-0.8262, test_loss-0.3759, test_cindex-0.7185, test_r2-0.3925
2026-03-19 16:15:42 - INFO - epoch-193, loss-0.2475, cindex-0.8116, test_loss-0.3661, test_cindex-0.7170, test_r2-0.3780
2026-03-19 16:17:11 - INFO - epoch-194, loss-0.2444, cindex-0.8282, test_loss-0.3795, test_cindex-0.7056, test_r2-0.4081
2026-03-19 16:18:40 - INFO - epoch-195, loss-0.2373, cindex-0.8306, test_loss-0.3673, test_cindex-0.7222, test_r2-0.4045
2026-03-19 16:20:09 - INFO - epoch-196, loss-0.2340, cindex-0.8229, test_loss-0.3697, test_cindex-0.7213, test_r2-0.4012
2026-03-19 16:21:38 - INFO - epoch-197, loss-0.2117, cindex-0.8343, test_loss-0.3569, test_cindex-0.7231, test_r2-0.4141
2026-03-19 16:23:07 - INFO - epoch-198, loss-0.2238, cindex-0.8254, test_loss-0.3595, test_cindex-0.7100, test_r2-0.3997
2026-03-19 16:24:35 - INFO - epoch-199, loss-0.2257, cindex-0.8245, test_loss-0.3697, test_cindex-0.7080, test_r2-0.3732
2026-03-19 16:26:04 - INFO - epoch-200, loss-0.2316, cindex-0.8253, test_loss-0.3508, test_cindex-0.7140, test_r2-0.3999
2026-03-19 16:26:04 - INFO - ######test_loss:0.3508, test_cindex:0.7140, test_r2:0.3999######
2026-03-19 16:27:33 - INFO - epoch-201, loss-0.2057, cindex-0.8328, test_loss-0.3508, test_cindex-0.7290, test_r2-0.4096
2026-03-19 16:27:33 - INFO - ######test_loss:0.3508, test_cindex:0.7290, test_r2:0.4096######
2026-03-19 16:29:02 - INFO - epoch-202, loss-0.2307, cindex-0.8267, test_loss-0.3450, test_cindex-0.7266, test_r2-0.4111
2026-03-19 16:29:02 - INFO - ######test_loss:0.3450, test_cindex:0.7266, test_r2:0.4111######
2026-03-19 16:30:31 - INFO - epoch-203, loss-0.2153, cindex-0.8231, test_loss-0.3589, test_cindex-0.7326, test_r2-0.4037
2026-03-19 16:31:59 - INFO - epoch-204, loss-0.2154, cindex-0.8309, test_loss-0.3480, test_cindex-0.7279, test_r2-0.4431
2026-03-19 16:33:28 - INFO - epoch-205, loss-0.2161, cindex-0.8297, test_loss-0.3415, test_cindex-0.7235, test_r2-0.4413
2026-03-19 16:33:28 - INFO - ######test_loss:0.3415, test_cindex:0.7235, test_r2:0.4413######
2026-03-19 16:34:56 - INFO - epoch-206, loss-0.2267, cindex-0.8264, test_loss-0.3713, test_cindex-0.7142, test_r2-0.3851
2026-03-19 16:36:25 - INFO - epoch-207, loss-0.2186, cindex-0.8326, test_loss-0.3636, test_cindex-0.7246, test_r2-0.4168
2026-03-19 16:37:53 - INFO - epoch-208, loss-0.2037, cindex-0.8347, test_loss-0.3604, test_cindex-0.7166, test_r2-0.3860
2026-03-19 16:39:22 - INFO - epoch-209, loss-0.2193, cindex-0.8362, test_loss-0.3625, test_cindex-0.7097, test_r2-0.3841
2026-03-19 16:40:51 - INFO - epoch-210, loss-0.2074, cindex-0.8353, test_loss-0.3669, test_cindex-0.7132, test_r2-0.3834
2026-03-19 16:42:19 - INFO - epoch-211, loss-0.2176, cindex-0.8340, test_loss-0.3667, test_cindex-0.7162, test_r2-0.4072
2026-03-19 16:43:48 - INFO - epoch-212, loss-0.2076, cindex-0.8355, test_loss-0.3587, test_cindex-0.7235, test_r2-0.4087
2026-03-19 16:45:16 - INFO - epoch-213, loss-0.2083, cindex-0.8299, test_loss-0.3962, test_cindex-0.7108, test_r2-0.3927
2026-03-19 16:46:45 - INFO - epoch-214, loss-0.2029, cindex-0.8414, test_loss-0.3574, test_cindex-0.7216, test_r2-0.4113
2026-03-19 16:48:14 - INFO - epoch-215, loss-0.1969, cindex-0.8323, test_loss-0.3721, test_cindex-0.7231, test_r2-0.4200
2026-03-19 16:49:43 - INFO - epoch-216, loss-0.2088, cindex-0.8334, test_loss-0.3618, test_cindex-0.7171, test_r2-0.4124
2026-03-19 16:51:11 - INFO - epoch-217, loss-0.2043, cindex-0.8371, test_loss-0.3555, test_cindex-0.7197, test_r2-0.4092
2026-03-19 16:52:40 - INFO - epoch-218, loss-0.2540, cindex-0.8220, test_loss-0.3606, test_cindex-0.7293, test_r2-0.4130
2026-03-19 16:54:09 - INFO - epoch-219, loss-0.2126, cindex-0.8325, test_loss-0.3536, test_cindex-0.7229, test_r2-0.3947
2026-03-19 16:55:38 - INFO - epoch-220, loss-0.2260, cindex-0.8298, test_loss-0.3749, test_cindex-0.7183, test_r2-0.3925
2026-03-19 16:57:07 - INFO - epoch-221, loss-0.2425, cindex-0.8298, test_loss-0.3576, test_cindex-0.7093, test_r2-0.3986
2026-03-19 16:58:36 - INFO - epoch-222, loss-0.2012, cindex-0.8319, test_loss-0.3683, test_cindex-0.7161, test_r2-0.3796
2026-03-19 17:00:05 - INFO - epoch-223, loss-0.2392, cindex-0.8296, test_loss-0.3723, test_cindex-0.7037, test_r2-0.3655
2026-03-19 17:01:34 - INFO - epoch-224, loss-0.2051, cindex-0.8346, test_loss-0.3573, test_cindex-0.7158, test_r2-0.3890
2026-03-19 17:03:03 - INFO - epoch-225, loss-0.1944, cindex-0.8370, test_loss-0.3456, test_cindex-0.7223, test_r2-0.4187
Epoch 00226: reducing learning rate of group 0 to 1.7715e-05.
2026-03-19 17:04:31 - INFO - epoch-226, loss-0.2108, cindex-0.8342, test_loss-0.4491, test_cindex-0.7205, test_r2-0.3939
2026-03-19 17:05:59 - INFO - epoch-227, loss-0.2012, cindex-0.8336, test_loss-0.3619, test_cindex-0.7209, test_r2-0.4249
2026-03-19 17:07:28 - INFO - epoch-228, loss-0.2078, cindex-0.8383, test_loss-0.3423, test_cindex-0.7246, test_r2-0.4155
2026-03-19 17:08:57 - INFO - epoch-229, loss-0.2219, cindex-0.8350, test_loss-0.4070, test_cindex-0.7138, test_r2-0.4114
2026-03-19 17:10:26 - INFO - epoch-230, loss-0.2193, cindex-0.8356, test_loss-0.3942, test_cindex-0.7180, test_r2-0.3995
2026-03-19 17:11:55 - INFO - epoch-231, loss-0.2134, cindex-0.8418, test_loss-0.3518, test_cindex-0.7174, test_r2-0.3944
2026-03-19 17:13:24 - INFO - epoch-232, loss-0.2345, cindex-0.8372, test_loss-0.3495, test_cindex-0.7222, test_r2-0.4307
2026-03-19 17:14:53 - INFO - epoch-233, loss-0.2164, cindex-0.8306, test_loss-0.3388, test_cindex-0.7358, test_r2-0.4363
2026-03-19 17:14:53 - INFO - ######test_loss:0.3388, test_cindex:0.7358, test_r2:0.4363######
2026-03-19 17:16:22 - INFO - epoch-234, loss-0.2034, cindex-0.8356, test_loss-0.3634, test_cindex-0.7155, test_r2-0.4126
2026-03-19 17:17:51 - INFO - epoch-235, loss-0.1959, cindex-0.8391, test_loss-0.3770, test_cindex-0.7133, test_r2-0.3609
2026-03-19 17:19:20 - INFO - epoch-236, loss-0.1996, cindex-0.8387, test_loss-0.3933, test_cindex-0.7061, test_r2-0.3822
2026-03-19 17:20:50 - INFO - epoch-237, loss-0.1836, cindex-0.8473, test_loss-0.3739, test_cindex-0.7128, test_r2-0.3906
2026-03-19 17:22:19 - INFO - epoch-238, loss-0.1983, cindex-0.8487, test_loss-0.3759, test_cindex-0.7142, test_r2-0.3665
2026-03-19 17:23:48 - INFO - epoch-239, loss-0.1883, cindex-0.8433, test_loss-0.3674, test_cindex-0.7220, test_r2-0.3836
2026-03-19 17:25:17 - INFO - epoch-240, loss-0.2022, cindex-0.8384, test_loss-0.3461, test_cindex-0.7319, test_r2-0.4201
2026-03-19 17:26:45 - INFO - epoch-241, loss-0.2069, cindex-0.8443, test_loss-0.3862, test_cindex-0.7157, test_r2-0.4118
2026-03-19 17:28:14 - INFO - epoch-242, loss-0.1946, cindex-0.8430, test_loss-0.3577, test_cindex-0.7247, test_r2-0.3987
2026-03-19 17:29:43 - INFO - epoch-243, loss-0.1971, cindex-0.8495, test_loss-0.3720, test_cindex-0.7093, test_r2-0.3780
2026-03-19 17:31:11 - INFO - epoch-244, loss-0.1889, cindex-0.8394, test_loss-0.4085, test_cindex-0.7141, test_r2-0.3919
2026-03-19 17:32:41 - INFO - epoch-245, loss-0.1995, cindex-0.8459, test_loss-0.3690, test_cindex-0.7317, test_r2-0.3894
2026-03-19 17:34:10 - INFO - epoch-246, loss-0.1950, cindex-0.8445, test_loss-0.3590, test_cindex-0.7193, test_r2-0.3928
2026-03-19 17:35:39 - INFO - epoch-247, loss-0.1943, cindex-0.8416, test_loss-0.3624, test_cindex-0.7317, test_r2-0.4406
2026-03-19 17:37:08 - INFO - epoch-248, loss-0.1926, cindex-0.8404, test_loss-0.3664, test_cindex-0.7157, test_r2-0.4106
2026-03-19 17:38:36 - INFO - epoch-249, loss-0.2127, cindex-0.8283, test_loss-0.3563, test_cindex-0.7308, test_r2-0.4228
2026-03-19 17:40:05 - INFO - epoch-250, loss-0.2099, cindex-0.8347, test_loss-0.3635, test_cindex-0.7229, test_r2-0.3744
2026-03-19 17:41:34 - INFO - epoch-251, loss-0.1820, cindex-0.8489, test_loss-0.3558, test_cindex-0.7258, test_r2-0.4099
2026-03-19 17:43:02 - INFO - epoch-252, loss-0.1770, cindex-0.8501, test_loss-0.3827, test_cindex-0.7262, test_r2-0.3915
2026-03-19 17:44:31 - INFO - epoch-253, loss-0.1902, cindex-0.8411, test_loss-0.3839, test_cindex-0.7158, test_r2-0.4008
Epoch 00254: reducing learning rate of group 0 to 1.5943e-05.
2026-03-19 17:45:59 - INFO - epoch-254, loss-0.1792, cindex-0.8430, test_loss-0.3568, test_cindex-0.7224, test_r2-0.3964
2026-03-19 17:47:28 - INFO - epoch-255, loss-0.1799, cindex-0.8416, test_loss-0.3494, test_cindex-0.7145, test_r2-0.4167
2026-03-19 17:48:57 - INFO - epoch-256, loss-0.1965, cindex-0.8518, test_loss-0.3561, test_cindex-0.7114, test_r2-0.4033
2026-03-19 17:50:26 - INFO - epoch-257, loss-0.1896, cindex-0.8469, test_loss-0.3806, test_cindex-0.7134, test_r2-0.4113
2026-03-19 17:51:55 - INFO - epoch-258, loss-0.1975, cindex-0.8413, test_loss-0.3904, test_cindex-0.7131, test_r2-0.3976
2026-03-19 17:53:23 - INFO - epoch-259, loss-0.1880, cindex-0.8385, test_loss-0.3526, test_cindex-0.7146, test_r2-0.4200
2026-03-19 17:54:52 - INFO - epoch-260, loss-0.1802, cindex-0.8398, test_loss-0.3956, test_cindex-0.7278, test_r2-0.4210
2026-03-19 17:56:21 - INFO - epoch-261, loss-0.1934, cindex-0.8446, test_loss-0.3389, test_cindex-0.7192, test_r2-0.4423
2026-03-19 17:57:49 - INFO - epoch-262, loss-0.1966, cindex-0.8422, test_loss-0.3473, test_cindex-0.7175, test_r2-0.4327
2026-03-19 17:59:17 - INFO - epoch-263, loss-0.1864, cindex-0.8407, test_loss-0.3815, test_cindex-0.7089, test_r2-0.4170
2026-03-19 18:00:46 - INFO - epoch-264, loss-0.2086, cindex-0.8329, test_loss-0.3436, test_cindex-0.7333, test_r2-0.4046
2026-03-19 18:02:15 - INFO - epoch-265, loss-0.1894, cindex-0.8435, test_loss-0.3447, test_cindex-0.7333, test_r2-0.4040
2026-03-19 18:03:45 - INFO - epoch-266, loss-0.1717, cindex-0.8479, test_loss-0.3766, test_cindex-0.7118, test_r2-0.4078
2026-03-19 18:05:14 - INFO - epoch-267, loss-0.1985, cindex-0.8459, test_loss-0.3545, test_cindex-0.7150, test_r2-0.4057
2026-03-19 18:06:43 - INFO - epoch-268, loss-0.1547, cindex-0.8519, test_loss-0.4021, test_cindex-0.7225, test_r2-0.4383
2026-03-19 18:08:12 - INFO - epoch-269, loss-0.1726, cindex-0.8465, test_loss-0.3776, test_cindex-0.7251, test_r2-0.4175
2026-03-19 18:09:41 - INFO - epoch-270, loss-0.1620, cindex-0.8539, test_loss-0.3531, test_cindex-0.7208, test_r2-0.4022
2026-03-19 18:11:10 - INFO - epoch-271, loss-0.1729, cindex-0.8482, test_loss-0.3636, test_cindex-0.7154, test_r2-0.4015
2026-03-19 18:12:39 - INFO - epoch-272, loss-0.1788, cindex-0.8532, test_loss-0.3757, test_cindex-0.7162, test_r2-0.3599
2026-03-19 18:14:08 - INFO - epoch-273, loss-0.1644, cindex-0.8507, test_loss-0.3648, test_cindex-0.7219, test_r2-0.3810
2026-03-19 18:15:37 - INFO - epoch-274, loss-0.1769, cindex-0.8495, test_loss-0.3381, test_cindex-0.7285, test_r2-0.4270
2026-03-19 18:15:37 - INFO - ######test_loss:0.3381, test_cindex:0.7285, test_r2:0.4270######
2026-03-19 18:17:06 - INFO - epoch-275, loss-0.1820, cindex-0.8400, test_loss-0.3845, test_cindex-0.7117, test_r2-0.4206
2026-03-19 18:18:35 - INFO - epoch-276, loss-0.1735, cindex-0.8458, test_loss-0.3576, test_cindex-0.7187, test_r2-0.4266
2026-03-19 18:20:04 - INFO - epoch-277, loss-0.1725, cindex-0.8474, test_loss-0.3471, test_cindex-0.7284, test_r2-0.4373
2026-03-19 18:21:33 - INFO - epoch-278, loss-0.1851, cindex-0.8510, test_loss-0.3532, test_cindex-0.7250, test_r2-0.4373
2026-03-19 18:23:02 - INFO - epoch-279, loss-0.1639, cindex-0.8466, test_loss-0.3603, test_cindex-0.7212, test_r2-0.4330
2026-03-19 18:24:31 - INFO - epoch-280, loss-0.1871, cindex-0.8478, test_loss-0.3787, test_cindex-0.7239, test_r2-0.4000
2026-03-19 18:26:00 - INFO - epoch-281, loss-0.1881, cindex-0.8556, test_loss-0.3469, test_cindex-0.7281, test_r2-0.4054
2026-03-19 18:27:29 - INFO - epoch-282, loss-0.1723, cindex-0.8482, test_loss-0.3447, test_cindex-0.7320, test_r2-0.4309
2026-03-19 18:28:58 - INFO - epoch-283, loss-0.1823, cindex-0.8476, test_loss-0.3507, test_cindex-0.7196, test_r2-0.4007
2026-03-19 18:30:27 - INFO - epoch-284, loss-0.2093, cindex-0.8426, test_loss-0.3674, test_cindex-0.7131, test_r2-0.3825
2026-03-19 18:31:55 - INFO - epoch-285, loss-0.1823, cindex-0.8457, test_loss-0.4268, test_cindex-0.7238, test_r2-0.3982
2026-03-19 18:33:23 - INFO - epoch-286, loss-0.1938, cindex-0.8418, test_loss-0.3543, test_cindex-0.7273, test_r2-0.4103
2026-03-19 18:34:52 - INFO - epoch-287, loss-0.1797, cindex-0.8552, test_loss-0.3502, test_cindex-0.7259, test_r2-0.4218
2026-03-19 18:36:20 - INFO - epoch-288, loss-0.1727, cindex-0.8517, test_loss-0.3662, test_cindex-0.7152, test_r2-0.4256
2026-03-19 18:37:49 - INFO - epoch-289, loss-0.1763, cindex-0.8535, test_loss-0.3823, test_cindex-0.7207, test_r2-0.4236
2026-03-19 18:39:17 - INFO - epoch-290, loss-0.1720, cindex-0.8592, test_loss-0.3468, test_cindex-0.7307, test_r2-0.4173
2026-03-19 18:40:46 - INFO - epoch-291, loss-0.1758, cindex-0.8579, test_loss-0.3576, test_cindex-0.7344, test_r2-0.3952
2026-03-19 18:42:15 - INFO - epoch-292, loss-0.1768, cindex-0.8554, test_loss-0.3506, test_cindex-0.7298, test_r2-0.4050
2026-03-19 18:43:44 - INFO - epoch-293, loss-0.1795, cindex-0.8473, test_loss-0.3850, test_cindex-0.7194, test_r2-0.3936
2026-03-19 18:45:13 - INFO - epoch-294, loss-0.1950, cindex-0.8480, test_loss-0.3524, test_cindex-0.7293, test_r2-0.4075
Epoch 00295: reducing learning rate of group 0 to 1.4349e-05.
2026-03-19 18:46:41 - INFO - epoch-295, loss-0.1629, cindex-0.8469, test_loss-0.3559, test_cindex-0.7259, test_r2-0.4271
2026-03-19 18:48:10 - INFO - epoch-296, loss-0.1640, cindex-0.8608, test_loss-0.3557, test_cindex-0.7279, test_r2-0.4262
2026-03-19 18:49:38 - INFO - epoch-297, loss-0.1498, cindex-0.8605, test_loss-0.3455, test_cindex-0.7265, test_r2-0.4045
2026-03-19 18:51:07 - INFO - epoch-298, loss-0.1604, cindex-0.8636, test_loss-0.3761, test_cindex-0.7263, test_r2-0.4027
2026-03-19 18:52:36 - INFO - epoch-299, loss-0.1538, cindex-0.8615, test_loss-0.3466, test_cindex-0.7180, test_r2-0.4066
2026-03-19 18:54:05 - INFO - epoch-300, loss-0.1538, cindex-0.8608, test_loss-0.3601, test_cindex-0.7160, test_r2-0.4089
2026-03-19 18:55:34 - INFO - epoch-301, loss-0.1586, cindex-0.8549, test_loss-0.3498, test_cindex-0.7270, test_r2-0.4011
2026-03-19 18:57:03 - INFO - epoch-302, loss-0.1584, cindex-0.8610, test_loss-0.3423, test_cindex-0.7239, test_r2-0.4161
2026-03-19 18:58:32 - INFO - epoch-303, loss-0.1533, cindex-0.8622, test_loss-0.3603, test_cindex-0.7264, test_r2-0.4061
2026-03-19 19:00:00 - INFO - epoch-304, loss-0.1611, cindex-0.8589, test_loss-0.3547, test_cindex-0.7215, test_r2-0.3948
2026-03-19 19:01:29 - INFO - epoch-305, loss-0.1546, cindex-0.8567, test_loss-0.4187, test_cindex-0.7384, test_r2-0.4156
2026-03-19 19:02:58 - INFO - epoch-306, loss-0.1589, cindex-0.8630, test_loss-0.3493, test_cindex-0.7271, test_r2-0.4079
2026-03-19 19:04:26 - INFO - epoch-307, loss-0.1499, cindex-0.8628, test_loss-0.3633, test_cindex-0.7218, test_r2-0.3800
2026-03-19 19:05:55 - INFO - epoch-308, loss-0.1504, cindex-0.8649, test_loss-0.3642, test_cindex-0.7187, test_r2-0.3964
2026-03-19 19:07:24 - INFO - epoch-309, loss-0.1830, cindex-0.8551, test_loss-0.3591, test_cindex-0.7210, test_r2-0.4059
2026-03-19 19:08:52 - INFO - epoch-310, loss-0.1697, cindex-0.8554, test_loss-0.3728, test_cindex-0.7171, test_r2-0.3893
2026-03-19 19:10:21 - INFO - epoch-311, loss-0.1620, cindex-0.8492, test_loss-0.3527, test_cindex-0.7208, test_r2-0.4281
2026-03-19 19:11:50 - INFO - epoch-312, loss-0.1730, cindex-0.8587, test_loss-0.3467, test_cindex-0.7251, test_r2-0.4032
2026-03-19 19:13:18 - INFO - epoch-313, loss-0.1508, cindex-0.8592, test_loss-0.3500, test_cindex-0.7170, test_r2-0.4133
2026-03-19 19:14:47 - INFO - epoch-314, loss-0.1676, cindex-0.8584, test_loss-0.3475, test_cindex-0.7252, test_r2-0.4153
2026-03-19 19:16:17 - INFO - epoch-315, loss-0.1816, cindex-0.8601, test_loss-0.3549, test_cindex-0.7180, test_r2-0.4188
2026-03-19 19:17:45 - INFO - epoch-316, loss-0.1621, cindex-0.8571, test_loss-0.3360, test_cindex-0.7256, test_r2-0.4362
2026-03-19 19:17:45 - INFO - ######test_loss:0.3360, test_cindex:0.7256, test_r2:0.4362######
2026-03-19 19:19:14 - INFO - epoch-317, loss-0.1779, cindex-0.8542, test_loss-0.3485, test_cindex-0.7169, test_r2-0.3982
2026-03-19 19:20:42 - INFO - epoch-318, loss-0.1525, cindex-0.8623, test_loss-0.3624, test_cindex-0.7129, test_r2-0.4092
2026-03-19 19:22:11 - INFO - epoch-319, loss-0.1673, cindex-0.8567, test_loss-0.3428, test_cindex-0.7210, test_r2-0.4425
2026-03-19 19:23:40 - INFO - epoch-320, loss-0.1553, cindex-0.8628, test_loss-0.3685, test_cindex-0.7228, test_r2-0.4235
2026-03-19 19:25:08 - INFO - epoch-321, loss-0.1631, cindex-0.8576, test_loss-0.3750, test_cindex-0.7272, test_r2-0.3976
2026-03-19 19:26:37 - INFO - epoch-322, loss-0.1662, cindex-0.8504, test_loss-0.3673, test_cindex-0.7262, test_r2-0.4165
2026-03-19 19:28:07 - INFO - epoch-323, loss-0.1755, cindex-0.8589, test_loss-0.3624, test_cindex-0.7231, test_r2-0.4191
2026-03-19 19:29:35 - INFO - epoch-324, loss-0.1760, cindex-0.8594, test_loss-0.3600, test_cindex-0.7245, test_r2-0.4022
2026-03-19 19:31:03 - INFO - epoch-325, loss-0.1571, cindex-0.8607, test_loss-0.3464, test_cindex-0.7260, test_r2-0.3989
2026-03-19 19:32:32 - INFO - epoch-326, loss-0.1424, cindex-0.8669, test_loss-0.3669, test_cindex-0.7194, test_r2-0.4085
2026-03-19 19:34:01 - INFO - epoch-327, loss-0.1486, cindex-0.8688, test_loss-0.3417, test_cindex-0.7269, test_r2-0.4359
2026-03-19 19:35:29 - INFO - epoch-328, loss-0.1419, cindex-0.8637, test_loss-0.3322, test_cindex-0.7255, test_r2-0.4358
2026-03-19 19:35:29 - INFO - ######test_loss:0.3322, test_cindex:0.7255, test_r2:0.4358######
2026-03-19 19:36:58 - INFO - epoch-329, loss-0.1359, cindex-0.8641, test_loss-0.3727, test_cindex-0.7315, test_r2-0.4104
2026-03-19 19:38:27 - INFO - epoch-330, loss-0.1425, cindex-0.8661, test_loss-0.3558, test_cindex-0.7245, test_r2-0.4066
2026-03-19 19:39:56 - INFO - epoch-331, loss-0.1453, cindex-0.8618, test_loss-0.3560, test_cindex-0.7238, test_r2-0.4278
2026-03-19 19:41:24 - INFO - epoch-332, loss-0.1462, cindex-0.8551, test_loss-0.3425, test_cindex-0.7246, test_r2-0.4337
2026-03-19 19:42:53 - INFO - epoch-333, loss-0.1502, cindex-0.8646, test_loss-0.3542, test_cindex-0.7172, test_r2-0.4044
2026-03-19 19:44:22 - INFO - epoch-334, loss-0.1422, cindex-0.8637, test_loss-0.3665, test_cindex-0.7152, test_r2-0.4149
2026-03-19 19:45:50 - INFO - epoch-335, loss-0.1371, cindex-0.8707, test_loss-0.3540, test_cindex-0.7267, test_r2-0.4082
2026-03-19 19:47:19 - INFO - epoch-336, loss-0.1597, cindex-0.8682, test_loss-0.3752, test_cindex-0.7211, test_r2-0.3980
2026-03-19 19:48:48 - INFO - epoch-337, loss-0.1634, cindex-0.8559, test_loss-0.3451, test_cindex-0.7280, test_r2-0.4038
2026-03-19 19:50:17 - INFO - epoch-338, loss-0.1446, cindex-0.8636, test_loss-0.3527, test_cindex-0.7201, test_r2-0.4022
2026-03-19 19:51:46 - INFO - epoch-339, loss-0.1504, cindex-0.8638, test_loss-0.3519, test_cindex-0.7294, test_r2-0.4213
2026-03-19 19:53:14 - INFO - epoch-340, loss-0.1530, cindex-0.8624, test_loss-0.3322, test_cindex-0.7298, test_r2-0.4513
2026-03-19 19:53:14 - INFO - ######test_loss:0.3322, test_cindex:0.7298, test_r2:0.4513######
2026-03-19 19:54:43 - INFO - epoch-341, loss-0.1505, cindex-0.8629, test_loss-0.3525, test_cindex-0.7243, test_r2-0.4161
2026-03-19 19:56:12 - INFO - epoch-342, loss-0.1605, cindex-0.8636, test_loss-0.3394, test_cindex-0.7313, test_r2-0.4148
2026-03-19 19:57:41 - INFO - epoch-343, loss-0.1431, cindex-0.8636, test_loss-0.3461, test_cindex-0.7281, test_r2-0.4208
2026-03-19 19:59:10 - INFO - epoch-344, loss-0.1589, cindex-0.8622, test_loss-0.3436, test_cindex-0.7273, test_r2-0.4203
2026-03-19 20:00:39 - INFO - epoch-345, loss-0.1499, cindex-0.8648, test_loss-0.3403, test_cindex-0.7278, test_r2-0.4177
2026-03-19 20:02:08 - INFO - epoch-346, loss-0.1566, cindex-0.8574, test_loss-0.3376, test_cindex-0.7381, test_r2-0.4499
2026-03-19 20:03:37 - INFO - epoch-347, loss-0.1667, cindex-0.8615, test_loss-0.3591, test_cindex-0.7236, test_r2-0.4154
2026-03-19 20:05:06 - INFO - epoch-348, loss-0.1474, cindex-0.8606, test_loss-0.3483, test_cindex-0.7239, test_r2-0.4294
Epoch 00349: reducing learning rate of group 0 to 1.2914e-05.
2026-03-19 20:06:35 - INFO - epoch-349, loss-0.1601, cindex-0.8630, test_loss-0.3493, test_cindex-0.7258, test_r2-0.4267
2026-03-19 20:08:04 - INFO - epoch-350, loss-0.1555, cindex-0.8646, test_loss-0.3425, test_cindex-0.7326, test_r2-0.4184
2026-03-19 20:09:31 - INFO - epoch-351, loss-0.1502, cindex-0.8599, test_loss-0.3712, test_cindex-0.7133, test_r2-0.3853
2026-03-19 20:11:00 - INFO - epoch-352, loss-0.1536, cindex-0.8602, test_loss-0.3888, test_cindex-0.7279, test_r2-0.3981
2026-03-19 20:12:28 - INFO - epoch-353, loss-0.1486, cindex-0.8664, test_loss-0.3513, test_cindex-0.7197, test_r2-0.3992
2026-03-19 20:13:57 - INFO - epoch-354, loss-0.1607, cindex-0.8631, test_loss-0.3558, test_cindex-0.7191, test_r2-0.4047
2026-03-19 20:15:26 - INFO - epoch-355, loss-0.1387, cindex-0.8777, test_loss-0.3615, test_cindex-0.7297, test_r2-0.3714
2026-03-19 20:16:54 - INFO - epoch-356, loss-0.1187, cindex-0.8742, test_loss-0.3401, test_cindex-0.7318, test_r2-0.4267
2026-03-19 20:18:23 - INFO - epoch-357, loss-0.1297, cindex-0.8766, test_loss-0.3452, test_cindex-0.7341, test_r2-0.4135
2026-03-19 20:19:52 - INFO - epoch-358, loss-0.1320, cindex-0.8667, test_loss-0.3506, test_cindex-0.7234, test_r2-0.3955
2026-03-19 20:21:20 - INFO - epoch-359, loss-0.1405, cindex-0.8725, test_loss-0.3566, test_cindex-0.7266, test_r2-0.3862
2026-03-19 20:22:49 - INFO - epoch-360, loss-0.1341, cindex-0.8678, test_loss-0.3492, test_cindex-0.7305, test_r2-0.4124
2026-03-19 20:24:17 - INFO - epoch-361, loss-0.1484, cindex-0.8677, test_loss-0.3594, test_cindex-0.7159, test_r2-0.3866
2026-03-19 20:25:46 - INFO - epoch-362, loss-0.1411, cindex-0.8689, test_loss-0.3675, test_cindex-0.7255, test_r2-0.4050
2026-03-19 20:27:16 - INFO - epoch-363, loss-0.1471, cindex-0.8691, test_loss-0.3675, test_cindex-0.7251, test_r2-0.3912
2026-03-19 20:28:45 - INFO - epoch-364, loss-0.1433, cindex-0.8670, test_loss-0.3640, test_cindex-0.7180, test_r2-0.3727
2026-03-19 20:30:13 - INFO - epoch-365, loss-0.1284, cindex-0.8707, test_loss-0.3397, test_cindex-0.7379, test_r2-0.4096
2026-03-19 20:31:43 - INFO - epoch-366, loss-0.1342, cindex-0.8658, test_loss-0.3493, test_cindex-0.7245, test_r2-0.4112
2026-03-19 20:33:11 - INFO - epoch-367, loss-0.1324, cindex-0.8756, test_loss-0.3442, test_cindex-0.7286, test_r2-0.4229
2026-03-19 20:34:41 - INFO - epoch-368, loss-0.1364, cindex-0.8672, test_loss-0.3538, test_cindex-0.7274, test_r2-0.4102
2026-03-19 20:36:11 - INFO - epoch-369, loss-0.1460, cindex-0.8579, test_loss-0.3450, test_cindex-0.7322, test_r2-0.4161
Epoch 00370: reducing learning rate of group 0 to 1.1623e-05.
2026-03-19 20:37:40 - INFO - epoch-370, loss-0.1394, cindex-0.8720, test_loss-0.3492, test_cindex-0.7315, test_r2-0.4217
2026-03-19 20:39:08 - INFO - epoch-371, loss-0.1392, cindex-0.8743, test_loss-0.3432, test_cindex-0.7356, test_r2-0.4365
2026-03-19 20:40:38 - INFO - epoch-372, loss-0.1418, cindex-0.8681, test_loss-0.3404, test_cindex-0.7262, test_r2-0.4143
2026-03-19 20:42:06 - INFO - epoch-373, loss-0.1377, cindex-0.8647, test_loss-0.3606, test_cindex-0.7223, test_r2-0.3807
2026-03-19 20:43:35 - INFO - epoch-374, loss-0.1291, cindex-0.8729, test_loss-0.3491, test_cindex-0.7304, test_r2-0.4395
2026-03-19 20:45:03 - INFO - epoch-375, loss-0.1445, cindex-0.8731, test_loss-0.3388, test_cindex-0.7361, test_r2-0.4155
2026-03-19 20:46:32 - INFO - epoch-376, loss-0.1593, cindex-0.8655, test_loss-0.3518, test_cindex-0.7305, test_r2-0.3913
2026-03-19 20:48:02 - INFO - epoch-377, loss-0.1366, cindex-0.8756, test_loss-0.3377, test_cindex-0.7384, test_r2-0.4312
2026-03-19 20:49:31 - INFO - epoch-378, loss-0.1346, cindex-0.8656, test_loss-0.3373, test_cindex-0.7361, test_r2-0.4192
2026-03-19 20:51:00 - INFO - epoch-379, loss-0.1296, cindex-0.8784, test_loss-0.3781, test_cindex-0.7332, test_r2-0.4053
2026-03-19 20:52:29 - INFO - epoch-380, loss-0.1506, cindex-0.8680, test_loss-0.3387, test_cindex-0.7408, test_r2-0.4164
2026-03-19 20:53:57 - INFO - epoch-381, loss-0.1298, cindex-0.8765, test_loss-0.3775, test_cindex-0.7213, test_r2-0.3872
2026-03-19 20:55:26 - INFO - epoch-382, loss-0.1388, cindex-0.8706, test_loss-0.3698, test_cindex-0.7270, test_r2-0.4037
2026-03-19 20:56:55 - INFO - epoch-383, loss-0.1263, cindex-0.8776, test_loss-0.3598, test_cindex-0.7339, test_r2-0.4114
2026-03-19 20:58:23 - INFO - epoch-384, loss-0.1326, cindex-0.8750, test_loss-0.3488, test_cindex-0.7217, test_r2-0.3983
2026-03-19 20:59:53 - INFO - epoch-385, loss-0.1222, cindex-0.8750, test_loss-0.3425, test_cindex-0.7284, test_r2-0.4115
2026-03-19 21:01:21 - INFO - epoch-386, loss-0.1180, cindex-0.8725, test_loss-0.3671, test_cindex-0.7287, test_r2-0.3886
2026-03-19 21:02:49 - INFO - epoch-387, loss-0.1258, cindex-0.8765, test_loss-0.3493, test_cindex-0.7252, test_r2-0.3921
2026-03-19 21:04:18 - INFO - epoch-388, loss-0.1245, cindex-0.8761, test_loss-0.3592, test_cindex-0.7227, test_r2-0.4010
2026-03-19 21:05:47 - INFO - epoch-389, loss-0.1177, cindex-0.8795, test_loss-0.3528, test_cindex-0.7316, test_r2-0.4066
2026-03-19 21:07:16 - INFO - epoch-390, loss-0.1192, cindex-0.8778, test_loss-0.3444, test_cindex-0.7304, test_r2-0.4235
Epoch 00391: reducing learning rate of group 0 to 1.0460e-05.
2026-03-19 21:08:45 - INFO - epoch-391, loss-0.1266, cindex-0.8770, test_loss-0.3450, test_cindex-0.7306, test_r2-0.4093
2026-03-19 21:10:14 - INFO - epoch-392, loss-0.1166, cindex-0.8818, test_loss-0.3674, test_cindex-0.7296, test_r2-0.4149
2026-03-19 21:11:42 - INFO - epoch-393, loss-0.1291, cindex-0.8788, test_loss-0.3560, test_cindex-0.7246, test_r2-0.3986
2026-03-19 21:13:11 - INFO - epoch-394, loss-0.1200, cindex-0.8778, test_loss-0.3480, test_cindex-0.7333, test_r2-0.4060
2026-03-19 21:14:40 - INFO - epoch-395, loss-0.1311, cindex-0.8739, test_loss-0.3412, test_cindex-0.7328, test_r2-0.4166
2026-03-19 21:16:09 - INFO - epoch-396, loss-0.1177, cindex-0.8820, test_loss-0.3565, test_cindex-0.7256, test_r2-0.4136
2026-03-19 21:17:37 - INFO - epoch-397, loss-0.1219, cindex-0.8701, test_loss-0.3437, test_cindex-0.7346, test_r2-0.4334
2026-03-19 21:19:06 - INFO - epoch-398, loss-0.1182, cindex-0.8813, test_loss-0.3424, test_cindex-0.7381, test_r2-0.4077
2026-03-19 21:20:34 - INFO - epoch-399, loss-0.1162, cindex-0.8726, test_loss-0.3471, test_cindex-0.7286, test_r2-0.4276
2026-03-19 21:22:03 - INFO - epoch-400, loss-0.1190, cindex-0.8735, test_loss-0.3595, test_cindex-0.7260, test_r2-0.3832
2026-03-19 21:23:32 - INFO - epoch-401, loss-0.1328, cindex-0.8727, test_loss-0.3811, test_cindex-0.7284, test_r2-0.4065
2026-03-19 21:25:01 - INFO - epoch-402, loss-0.1251, cindex-0.8723, test_loss-0.3560, test_cindex-0.7220, test_r2-0.3860
2026-03-19 21:26:29 - INFO - epoch-403, loss-0.1255, cindex-0.8807, test_loss-0.3493, test_cindex-0.7305, test_r2-0.4138
2026-03-19 21:27:58 - INFO - epoch-404, loss-0.1292, cindex-0.8727, test_loss-0.3751, test_cindex-0.7265, test_r2-0.3924
2026-03-19 21:29:27 - INFO - epoch-405, loss-0.1322, cindex-0.8779, test_loss-0.3505, test_cindex-0.7298, test_r2-0.3945
2026-03-19 21:30:56 - INFO - epoch-406, loss-0.1279, cindex-0.8754, test_loss-0.3507, test_cindex-0.7285, test_r2-0.3946
2026-03-19 21:32:24 - INFO - epoch-407, loss-0.1260, cindex-0.8756, test_loss-0.3382, test_cindex-0.7377, test_r2-0.4144
2026-03-19 21:33:53 - INFO - epoch-408, loss-0.1241, cindex-0.8811, test_loss-0.3485, test_cindex-0.7328, test_r2-0.4199
2026-03-19 21:35:22 - INFO - epoch-409, loss-0.1208, cindex-0.8767, test_loss-0.3614, test_cindex-0.7280, test_r2-0.4064
2026-03-19 21:36:51 - INFO - epoch-410, loss-0.1199, cindex-0.8782, test_loss-0.3549, test_cindex-0.7263, test_r2-0.3850
2026-03-19 21:38:20 - INFO - epoch-411, loss-0.1244, cindex-0.8821, test_loss-0.3661, test_cindex-0.7264, test_r2-0.3786
Epoch 00412: reducing learning rate of group 0 to 9.4143e-06.
2026-03-19 21:39:49 - INFO - epoch-412, loss-0.1268, cindex-0.8801, test_loss-0.3575, test_cindex-0.7310, test_r2-0.3940
2026-03-19 21:41:17 - INFO - epoch-413, loss-0.1130, cindex-0.8875, test_loss-0.3527, test_cindex-0.7310, test_r2-0.3914
2026-03-19 21:42:46 - INFO - epoch-414, loss-0.1090, cindex-0.8860, test_loss-0.3638, test_cindex-0.7261, test_r2-0.3704
2026-03-19 21:44:15 - INFO - epoch-415, loss-0.0913, cindex-0.8906, test_loss-0.3526, test_cindex-0.7320, test_r2-0.3876
2026-03-19 21:45:43 - INFO - epoch-416, loss-0.0992, cindex-0.8911, test_loss-0.3720, test_cindex-0.7326, test_r2-0.3830
2026-03-19 21:47:12 - INFO - epoch-417, loss-0.1008, cindex-0.8896, test_loss-0.3527, test_cindex-0.7352, test_r2-0.3939
2026-03-19 21:48:41 - INFO - epoch-418, loss-0.1019, cindex-0.8899, test_loss-0.3503, test_cindex-0.7288, test_r2-0.3958
2026-03-19 21:50:10 - INFO - epoch-419, loss-0.1172, cindex-0.8844, test_loss-0.3572, test_cindex-0.7318, test_r2-0.3948
2026-03-19 21:51:39 - INFO - epoch-420, loss-0.1054, cindex-0.8812, test_loss-0.3474, test_cindex-0.7298, test_r2-0.4009
2026-03-19 21:53:07 - INFO - epoch-421, loss-0.1054, cindex-0.8867, test_loss-0.3598, test_cindex-0.7298, test_r2-0.3988
2026-03-19 21:54:36 - INFO - epoch-422, loss-0.1244, cindex-0.8867, test_loss-0.3495, test_cindex-0.7314, test_r2-0.3919
2026-03-19 22:04:56 - INFO - epoch-429, loss-0.1273, cindex-0.8842, test_loss-0.3416, test_cindex-0.7333, test_r2-0.4148
2026-03-19 22:06:24 - INFO - epoch-430, loss-0.1084, cindex-0.8864, test_loss-0.3474, test_cindex-0.7297, test_r2-0.4055
2026-03-19 22:07:53 - INFO - epoch-431, loss-0.1083, cindex-0.8800, test_loss-0.3497, test_cindex-0.7296, test_r2-0.3946
2026-03-19 22:09:22 - INFO - epoch-432, loss-0.1116, cindex-0.8866, test_loss-0.3456, test_cindex-0.7307, test_r2-0.4173
Epoch 00433: reducing learning rate of group 0 to 8.4729e-06.
2026-03-19 22:10:50 - INFO - epoch-433, loss-0.1152, cindex-0.8808, test_loss-0.3532, test_cindex-0.7277, test_r2-0.3960
2026-03-19 22:12:19 - INFO - epoch-434, loss-0.1185, cindex-0.8800, test_loss-0.3400, test_cindex-0.7408, test_r2-0.4098
2026-03-19 22:13:47 - INFO - epoch-435, loss-0.1051, cindex-0.8862, test_loss-0.3530, test_cindex-0.7242, test_r2-0.3916
2026-03-19 22:15:17 - INFO - epoch-436, loss-0.1060, cindex-0.8880, test_loss-0.3532, test_cindex-0.7308, test_r2-0.3956
2026-03-19 22:16:45 - INFO - epoch-437, loss-0.1264, cindex-0.8788, test_loss-0.3519, test_cindex-0.7292, test_r2-0.3906
2026-03-19 22:18:14 - INFO - epoch-438, loss-0.1023, cindex-0.8890, test_loss-0.3511, test_cindex-0.7268, test_r2-0.3956
2026-03-19 22:19:43 - INFO - epoch-439, loss-0.1099, cindex-0.8833, test_loss-0.3645, test_cindex-0.7166, test_r2-0.3688
2026-03-19 22:21:12 - INFO - epoch-440, loss-0.1196, cindex-0.8824, test_loss-0.3587, test_cindex-0.7258, test_r2-0.3777
2026-03-19 22:22:40 - INFO - epoch-441, loss-0.1186, cindex-0.8809, test_loss-0.3577, test_cindex-0.7262, test_r2-0.3796
2026-03-19 22:24:09 - INFO - epoch-442, loss-0.1137, cindex-0.8844, test_loss-0.3573, test_cindex-0.7261, test_r2-0.3939
2026-03-19 22:25:38 - INFO - epoch-443, loss-0.1097, cindex-0.8850, test_loss-0.3509, test_cindex-0.7301, test_r2-0.3912
2026-03-19 22:27:07 - INFO - epoch-444, loss-0.1018, cindex-0.8915, test_loss-0.3488, test_cindex-0.7316, test_r2-0.4016
2026-03-19 22:28:35 - INFO - epoch-445, loss-0.1019, cindex-0.8864, test_loss-0.3525, test_cindex-0.7342, test_r2-0.3930
2026-03-19 22:30:04 - INFO - epoch-446, loss-0.1005, cindex-0.8966, test_loss-0.3577, test_cindex-0.7215, test_r2-0.3861
2026-03-19 22:31:33 - INFO - epoch-447, loss-0.0898, cindex-0.8957, test_loss-0.3484, test_cindex-0.7334, test_r2-0.3960
2026-03-19 22:33:02 - INFO - epoch-448, loss-0.0943, cindex-0.8907, test_loss-0.3526, test_cindex-0.7255, test_r2-0.4007
2026-03-19 22:34:30 - INFO - epoch-449, loss-0.1084, cindex-0.8923, test_loss-0.3485, test_cindex-0.7284, test_r2-0.3952
2026-03-19 22:35:59 - INFO - epoch-450, loss-0.0984, cindex-0.8923, test_loss-0.3530, test_cindex-0.7282, test_r2-0.4010
2026-03-19 22:37:27 - INFO - epoch-451, loss-0.1011, cindex-0.8885, test_loss-0.3546, test_cindex-0.7315, test_r2-0.3959
2026-03-19 22:38:56 - INFO - epoch-452, loss-0.0867, cindex-0.8896, test_loss-0.3467, test_cindex-0.7316, test_r2-0.3998
2026-03-19 22:40:24 - INFO - epoch-453, loss-0.0920, cindex-0.8903, test_loss-0.3509, test_cindex-0.7268, test_r2-0.3940
Epoch 00454: reducing learning rate of group 0 to 7.6256e-06.
2026-03-19 22:41:53 - INFO - epoch-454, loss-0.0972, cindex-0.8910, test_loss-0.3464, test_cindex-0.7285, test_r2-0.4056
2026-03-19 22:43:21 - INFO - epoch-455, loss-0.1067, cindex-0.8882, test_loss-0.3585, test_cindex-0.7290, test_r2-0.3725
2026-03-19 22:44:50 - INFO - epoch-456, loss-0.1087, cindex-0.8903, test_loss-0.3600, test_cindex-0.7282, test_r2-0.3740
2026-03-19 22:46:19 - INFO - epoch-457, loss-0.0965, cindex-0.8872, test_loss-0.3489, test_cindex-0.7347, test_r2-0.3926
2026-03-19 22:47:47 - INFO - epoch-458, loss-0.1101, cindex-0.8866, test_loss-0.3489, test_cindex-0.7308, test_r2-0.3946
2026-03-19 22:49:16 - INFO - epoch-459, loss-0.0980, cindex-0.8930, test_loss-0.4008, test_cindex-0.7218, test_r2-0.3660
2026-03-19 22:50:44 - INFO - epoch-460, loss-0.0911, cindex-0.8884, test_loss-0.3578, test_cindex-0.7269, test_r2-0.3786
2026-03-19 22:52:13 - INFO - epoch-461, loss-0.1025, cindex-0.8866, test_loss-0.3574, test_cindex-0.7270, test_r2-0.3815
2026-03-19 22:53:42 - INFO - epoch-462, loss-0.0928, cindex-0.8922, test_loss-0.3536, test_cindex-0.7317, test_r2-0.4022
2026-03-19 22:55:11 - INFO - epoch-463, loss-0.1055, cindex-0.8935, test_loss-0.3665, test_cindex-0.7218, test_r2-0.3668
2026-03-19 22:56:40 - INFO - epoch-464, loss-0.1091, cindex-0.8886, test_loss-0.3498, test_cindex-0.7275, test_r2-0.3922
2026-03-19 22:58:09 - INFO - epoch-465, loss-0.0966, cindex-0.8950, test_loss-0.3586, test_cindex-0.7273, test_r2-0.3820
2026-03-19 22:59:38 - INFO - epoch-466, loss-0.1035, cindex-0.8870, test_loss-0.3600, test_cindex-0.7269, test_r2-0.3798
2026-03-19 23:01:06 - INFO - epoch-467, loss-0.1028, cindex-0.8918, test_loss-0.3543, test_cindex-0.7301, test_r2-0.3911
2026-03-19 23:02:34 - INFO - epoch-468, loss-0.1025, cindex-0.8929, test_loss-0.3528, test_cindex-0.7286, test_r2-0.3902
2026-03-19 23:04:03 - INFO - epoch-469, loss-0.1006, cindex-0.8928, test_loss-0.3656, test_cindex-0.7256, test_r2-0.3699
2026-03-19 23:05:31 - INFO - epoch-470, loss-0.1154, cindex-0.8887, test_loss-0.3574, test_cindex-0.7292, test_r2-0.3921
2026-03-19 23:07:00 - INFO - epoch-471, loss-0.1165, cindex-0.8880, test_loss-0.3590, test_cindex-0.7273, test_r2-0.3921
2026-03-19 23:08:29 - INFO - epoch-472, loss-0.1023, cindex-0.8882, test_loss-0.3505, test_cindex-0.7297, test_r2-0.3934
2026-03-19 23:09:58 - INFO - epoch-473, loss-0.0915, cindex-0.8935, test_loss-0.3472, test_cindex-0.7314, test_r2-0.4056
2026-03-19 23:11:28 - INFO - epoch-474, loss-0.0875, cindex-0.8972, test_loss-0.3490, test_cindex-0.7270, test_r2-0.3975
Epoch 00475: reducing learning rate of group 0 to 6.8630e-06.
2026-03-19 23:12:57 - INFO - epoch-475, loss-0.0871, cindex-0.8983, test_loss-0.3652, test_cindex-0.7265, test_r2-0.3785
2026-03-19 23:14:25 - INFO - epoch-476, loss-0.0910, cindex-0.8968, test_loss-0.3526, test_cindex-0.7305, test_r2-0.3850
2026-03-19 23:15:54 - INFO - epoch-477, loss-0.0807, cindex-0.9017, test_loss-0.3778, test_cindex-0.7293, test_r2-0.3978
2026-03-19 23:17:22 - INFO - epoch-478, loss-0.0920, cindex-0.8997, test_loss-0.3497, test_cindex-0.7307, test_r2-0.4006
2026-03-19 23:18:51 - INFO - epoch-479, loss-0.0890, cindex-0.8944, test_loss-0.3521, test_cindex-0.7320, test_r2-0.3889
2026-03-19 23:20:20 - INFO - epoch-480, loss-0.0889, cindex-0.8983, test_loss-0.3463, test_cindex-0.7308, test_r2-0.3966
2026-03-19 23:21:48 - INFO - epoch-481, loss-0.0947, cindex-0.8910, test_loss-0.3545, test_cindex-0.7298, test_r2-0.4021
2026-03-19 23:23:17 - INFO - epoch-482, loss-0.0845, cindex-0.8961, test_loss-0.3555, test_cindex-0.7267, test_r2-0.3856
2026-03-19 23:24:46 - INFO - epoch-483, loss-0.0894, cindex-0.8976, test_loss-0.3520, test_cindex-0.7329, test_r2-0.3931
2026-03-19 23:26:14 - INFO - epoch-484, loss-0.0910, cindex-0.8946, test_loss-0.3673, test_cindex-0.7231, test_r2-0.3733
2026-03-19 23:27:42 - INFO - epoch-485, loss-0.0854, cindex-0.8989, test_loss-0.3503, test_cindex-0.7285, test_r2-0.3925
2026-03-19 23:29:11 - INFO - epoch-486, loss-0.0892, cindex-0.8983, test_loss-0.3539, test_cindex-0.7332, test_r2-0.3967
2026-03-19 23:30:40 - INFO - epoch-487, loss-0.0876, cindex-0.8972, test_loss-0.3514, test_cindex-0.7277, test_r2-0.4014
2026-03-19 23:32:09 - INFO - epoch-488, loss-0.0997, cindex-0.8877, test_loss-0.3653, test_cindex-0.7274, test_r2-0.3753
2026-03-19 23:33:38 - INFO - epoch-489, loss-0.0861, cindex-0.8984, test_loss-0.3519, test_cindex-0.7282, test_r2-0.3961
2026-03-19 23:35:07 - INFO - epoch-490, loss-0.0970, cindex-0.8908, test_loss-0.3626, test_cindex-0.7234, test_r2-0.3697
2026-03-19 23:36:35 - INFO - epoch-491, loss-0.0933, cindex-0.8956, test_loss-0.3563, test_cindex-0.7279, test_r2-0.3884
2026-03-19 23:38:03 - INFO - epoch-492, loss-0.0952, cindex-0.8925, test_loss-0.3556, test_cindex-0.7244, test_r2-0.3862
2026-03-19 23:39:33 - INFO - epoch-493, loss-0.1000, cindex-0.8963, test_loss-0.3511, test_cindex-0.7314, test_r2-0.3911
2026-03-19 23:41:01 - INFO - epoch-494, loss-0.0947, cindex-0.8971, test_loss-0.3514, test_cindex-0.7312, test_r2-0.3908
2026-03-19 23:42:30 - INFO - epoch-495, loss-0.0962, cindex-0.8902, test_loss-0.3533, test_cindex-0.7264, test_r2-0.3932
Epoch 00496: reducing learning rate of group 0 to 6.1767e-06.
2026-03-19 23:43:58 - INFO - epoch-496, loss-0.0984, cindex-0.8929, test_loss-0.3536, test_cindex-0.7268, test_r2-0.3905
2026-03-19 23:45:27 - INFO - epoch-497, loss-0.0909, cindex-0.8935, test_loss-0.3612, test_cindex-0.7295, test_r2-0.3755
2026-03-19 23:46:56 - INFO - epoch-498, loss-0.0892, cindex-0.9008, test_loss-0.3589, test_cindex-0.7286, test_r2-0.3783
2026-03-19 23:48:25 - INFO - epoch-499, loss-0.0929, cindex-0.8971, test_loss-0.3585, test_cindex-0.7277, test_r2-0.3796
2026-03-19 23:49:54 - INFO - epoch-500, loss-0.0905, cindex-0.8921, test_loss-0.3670, test_cindex-0.7202, test_r2-0.3692
2026-03-19 23:51:22 - INFO - epoch-501, loss-0.0989, cindex-0.8954, test_loss-0.3677, test_cindex-0.7251, test_r2-0.3716
2026-03-19 23:52:51 - INFO - epoch-502, loss-0.0909, cindex-0.8951, test_loss-0.3544, test_cindex-0.7287, test_r2-0.3941
2026-03-19 23:54:20 - INFO - epoch-503, loss-0.0848, cindex-0.8996, test_loss-0.3619, test_cindex-0.7325, test_r2-0.3813
2026-03-19 23:55:49 - INFO - epoch-504, loss-0.0822, cindex-0.9043, test_loss-0.3625, test_cindex-0.7280, test_r2-0.3722
2026-03-19 23:57:17 - INFO - epoch-505, loss-0.0783, cindex-0.8979, test_loss-0.3731, test_cindex-0.7220, test_r2-0.3668
2026-03-19 23:58:47 - INFO - epoch-506, loss-0.0796, cindex-0.9038, test_loss-0.3641, test_cindex-0.7288, test_r2-0.3675
2026-03-20 00:00:15 - INFO - epoch-507, loss-0.0838, cindex-0.8990, test_loss-0.3596, test_cindex-0.7250, test_r2-0.3783
2026-03-20 00:01:44 - INFO - epoch-508, loss-0.0751, cindex-0.9021, test_loss-0.3509, test_cindex-0.7277, test_r2-0.3943
2026-03-20 00:03:13 - INFO - epoch-509, loss-0.0805, cindex-0.9073, test_loss-0.3535, test_cindex-0.7311, test_r2-0.3907
2026-03-20 00:04:42 - INFO - epoch-510, loss-0.0831, cindex-0.9074, test_loss-0.3637, test_cindex-0.7268, test_r2-0.3724
2026-03-20 00:06:11 - INFO - epoch-511, loss-0.0809, cindex-0.9038, test_loss-0.3602, test_cindex-0.7299, test_r2-0.3741
2026-03-20 00:07:41 - INFO - epoch-512, loss-0.0862, cindex-0.8963, test_loss-0.3638, test_cindex-0.7282, test_r2-0.3669
2026-03-20 00:09:09 - INFO - epoch-513, loss-0.0749, cindex-0.9023, test_loss-0.3610, test_cindex-0.7289, test_r2-0.3765
2026-03-20 00:10:38 - INFO - epoch-514, loss-0.0821, cindex-0.9007, test_loss-0.3572, test_cindex-0.7302, test_r2-0.3900
2026-03-20 00:12:07 - INFO - epoch-515, loss-0.0804, cindex-0.9031, test_loss-0.3570, test_cindex-0.7274, test_r2-0.3833
2026-03-20 00:13:36 - INFO - epoch-516, loss-0.0763, cindex-0.9009, test_loss-0.3577, test_cindex-0.7300, test_r2-0.3792
Epoch 00517: reducing learning rate of group 0 to 5.5591e-06.
2026-03-20 00:15:04 - INFO - epoch-517, loss-0.0817, cindex-0.8991, test_loss-0.3615, test_cindex-0.7300, test_r2-0.3734
2026-03-20 00:16:32 - INFO - epoch-518, loss-0.0842, cindex-0.8991, test_loss-0.3576, test_cindex-0.7308, test_r2-0.3790
2026-03-20 00:17:59 - INFO - epoch-519, loss-0.0817, cindex-0.8999, test_loss-0.3598, test_cindex-0.7229, test_r2-0.3814
2026-03-20 00:19:28 - INFO - epoch-520, loss-0.0866, cindex-0.8954, test_loss-0.3533, test_cindex-0.7323, test_r2-0.3871
2026-03-20 00:20:56 - INFO - epoch-521, loss-0.0829, cindex-0.8986, test_loss-0.3577, test_cindex-0.7276, test_r2-0.3791
2026-03-20 00:22:25 - INFO - epoch-522, loss-0.0836, cindex-0.9027, test_loss-0.3683, test_cindex-0.7221, test_r2-0.3757
2026-03-20 00:23:55 - INFO - epoch-523, loss-0.0820, cindex-0.9020, test_loss-0.3557, test_cindex-0.7313, test_r2-0.3876
2026-03-20 00:25:23 - INFO - epoch-524, loss-0.0792, cindex-0.9067, test_loss-0.3513, test_cindex-0.7314, test_r2-0.3896
2026-03-20 00:26:52 - INFO - epoch-525, loss-0.0905, cindex-0.8993, test_loss-0.3571, test_cindex-0.7283, test_r2-0.3798
2026-03-20 00:28:20 - INFO - epoch-526, loss-0.0914, cindex-0.9024, test_loss-0.3646, test_cindex-0.7257, test_r2-0.3768
2026-03-20 00:29:49 - INFO - epoch-527, loss-0.0879, cindex-0.8988, test_loss-0.3561, test_cindex-0.7302, test_r2-0.3882
2026-03-20 00:31:18 - INFO - epoch-528, loss-0.0807, cindex-0.9014, test_loss-0.3556, test_cindex-0.7270, test_r2-0.3837
2026-03-20 00:32:47 - INFO - epoch-529, loss-0.0790, cindex-0.9003, test_loss-0.3571, test_cindex-0.7264, test_r2-0.3839
2026-03-20 00:34:16 - INFO - epoch-530, loss-0.0916, cindex-0.8988, test_loss-0.3565, test_cindex-0.7260, test_r2-0.3928
2026-03-20 00:35:45 - INFO - epoch-531, loss-0.0816, cindex-0.9028, test_loss-0.3649, test_cindex-0.7216, test_r2-0.3773
2026-03-20 00:37:14 - INFO - epoch-532, loss-0.0789, cindex-0.9061, test_loss-0.3530, test_cindex-0.7312, test_r2-0.3859
2026-03-20 00:38:43 - INFO - epoch-533, loss-0.0656, cindex-0.9132, test_loss-0.3583, test_cindex-0.7280, test_r2-0.3859
2026-03-20 00:40:12 - INFO - epoch-534, loss-0.0720, cindex-0.9065, test_loss-0.3596, test_cindex-0.7287, test_r2-0.3803
2026-03-20 00:41:41 - INFO - epoch-535, loss-0.0733, cindex-0.9058, test_loss-0.3566, test_cindex-0.7260, test_r2-0.3820
2026-03-20 00:43:10 - INFO - epoch-536, loss-0.0749, cindex-0.9059, test_loss-0.3654, test_cindex-0.7238, test_r2-0.3788
2026-03-20 00:44:38 - INFO - epoch-537, loss-0.0776, cindex-0.9076, test_loss-0.3535, test_cindex-0.7302, test_r2-0.3839
Epoch 00538: reducing learning rate of group 0 to 5.0032e-06.
2026-03-20 00:46:07 - INFO - epoch-538, loss-0.0726, cindex-0.9161, test_loss-0.3536, test_cindex-0.7297, test_r2-0.3887
2026-03-20 00:47:36 - INFO - epoch-539, loss-0.0739, cindex-0.9038, test_loss-0.3592, test_cindex-0.7305, test_r2-0.3800
2026-03-20 00:49:04 - INFO - epoch-540, loss-0.0878, cindex-0.9027, test_loss-0.3723, test_cindex-0.7278, test_r2-0.3747
2026-03-20 00:50:33 - INFO - epoch-541, loss-0.0836, cindex-0.9039, test_loss-0.3622, test_cindex-0.7220, test_r2-0.3739
2026-03-20 00:50:33 - INFO - early stop in epoch 541
2026-03-20 00:50:33 - INFO - fold_1's result is: test_loss:0.3322, test_cindex:0.7298, test_r2:0.4513
2026-03-20 00:51:41 - INFO - *****test_loss:0.3305, test_cindex:0.7854, test_r2:0.5824*****
2026-03-20 00:51:50 - INFO - fold_2---32_batch--kiba_dataset
2026-03-20 00:51:50 - INFO - learning rate: 3e-05
2026-03-20 00:51:50 - INFO - Experiment: prot
2026-03-20 00:51:50 - INFO - Number of train and test: 2922,386
2026-03-20 00:51:50 - INFO - save_model: False
2026-03-20 00:51:50 - INFO - epochs: 3038.88
2026-03-20 00:53:21 - INFO - epoch-1, loss-133.6806, cindex-0.5425, test_loss-129.7404, test_cindex-0.5584, test_r2--3.4637
2026-03-20 00:53:21 - INFO - ######test_loss:129.7404, test_cindex:0.5584, test_r2:-3.4637######
2026-03-20 00:54:52 - INFO - epoch-2, loss-4.7406, cindex-0.5811, test_loss-0.4035, test_cindex-0.5982, test_r2-0.0571
2026-03-20 00:54:52 - INFO - ######test_loss:0.4035, test_cindex:0.5982, test_r2:0.0571######
2026-03-20 00:56:22 - INFO - epoch-3, loss-0.7311, cindex-0.6364, test_loss-0.4060, test_cindex-0.6195, test_r2-0.0831
2026-03-20 00:57:52 - INFO - epoch-4, loss-0.7445, cindex-0.6501, test_loss-0.3855, test_cindex-0.6363, test_r2-0.1050
2026-03-20 00:57:52 - INFO - ######test_loss:0.3855, test_cindex:0.6363, test_r2:0.1050######
2026-03-20 00:59:23 - INFO - epoch-5, loss-0.6134, cindex-0.6651, test_loss-0.3744, test_cindex-0.6447, test_r2-0.1193
2026-03-20 00:59:23 - INFO - ######test_loss:0.3744, test_cindex:0.6447, test_r2:0.1193######
2026-03-20 01:00:53 - INFO - epoch-6, loss-0.6056, cindex-0.6784, test_loss-0.3835, test_cindex-0.6525, test_r2-0.1271
2026-03-20 01:02:23 - INFO - epoch-7, loss-0.5898, cindex-0.6829, test_loss-0.3973, test_cindex-0.6484, test_r2-0.1405
2026-03-20 01:03:53 - INFO - epoch-8, loss-0.6306, cindex-0.6905, test_loss-0.4818, test_cindex-0.6491, test_r2-0.1269
2026-03-20 01:05:24 - INFO - epoch-9, loss-0.5841, cindex-0.6932, test_loss-0.4280, test_cindex-0.6478, test_r2-0.1338
2026-03-20 01:06:53 - INFO - epoch-10, loss-0.5727, cindex-0.7051, test_loss-0.3909, test_cindex-0.6568, test_r2-0.1443
2026-03-20 01:08:23 - INFO - epoch-11, loss-0.5428, cindex-0.7061, test_loss-0.3857, test_cindex-0.6578, test_r2-0.1490
2026-03-20 01:09:52 - INFO - epoch-12, loss-0.5651, cindex-0.7058, test_loss-0.3887, test_cindex-0.6421, test_r2-0.1239
2026-03-20 01:11:22 - INFO - epoch-13, loss-0.5181, cindex-0.7160, test_loss-0.8175, test_cindex-0.6656, test_r2-0.1575
2026-03-20 01:12:53 - INFO - epoch-14, loss-0.5643, cindex-0.7282, test_loss-0.4405, test_cindex-0.6617, test_r2-0.1580
2026-03-20 01:14:23 - INFO - epoch-15, loss-0.5260, cindex-0.7055, test_loss-0.5138, test_cindex-0.6628, test_r2-0.1514
2026-03-20 01:15:52 - INFO - epoch-16, loss-0.5396, cindex-0.7223, test_loss-0.6996, test_cindex-0.6586, test_r2-0.1581
2026-03-20 01:17:23 - INFO - epoch-17, loss-0.5533, cindex-0.7222, test_loss-0.3725, test_cindex-0.6588, test_r2-0.1597
2026-03-20 01:17:23 - INFO - ######test_loss:0.3725, test_cindex:0.6588, test_r2:0.1597######
2026-03-20 01:18:53 - INFO - epoch-18, loss-0.5115, cindex-0.7298, test_loss-0.3885, test_cindex-0.6493, test_r2-0.1633
2026-03-20 01:20:22 - INFO - epoch-19, loss-0.5208, cindex-0.7189, test_loss-0.4012, test_cindex-0.6641, test_r2-0.1669
2026-03-20 01:21:52 - INFO - epoch-20, loss-0.4904, cindex-0.7138, test_loss-0.3975, test_cindex-0.6567, test_r2-0.2021
2026-03-20 01:23:22 - INFO - epoch-21, loss-0.5414, cindex-0.7217, test_loss-0.3759, test_cindex-0.6313, test_r2-0.1486
2026-03-20 01:24:52 - INFO - epoch-22, loss-0.4859, cindex-0.7237, test_loss-0.3418, test_cindex-0.6612, test_r2-0.1896
2026-03-20 01:24:52 - INFO - ######test_loss:0.3418, test_cindex:0.6612, test_r2:0.1896######
2026-03-20 01:26:22 - INFO - epoch-23, loss-0.4438, cindex-0.7395, test_loss-0.3510, test_cindex-0.6573, test_r2-0.1844
2026-03-20 01:27:52 - INFO - epoch-24, loss-0.4654, cindex-0.7225, test_loss-0.3377, test_cindex-0.6521, test_r2-0.2010
2026-03-20 01:27:52 - INFO - ######test_loss:0.3377, test_cindex:0.6521, test_r2:0.2010######
2026-03-20 01:29:21 - INFO - epoch-25, loss-0.5258, cindex-0.7407, test_loss-0.5406, test_cindex-0.6425, test_r2-0.1404
2026-03-20 01:30:51 - INFO - epoch-26, loss-0.4616, cindex-0.7316, test_loss-0.3831, test_cindex-0.6619, test_r2-0.1949
2026-03-20 01:32:21 - INFO - epoch-27, loss-0.4842, cindex-0.7305, test_loss-0.3645, test_cindex-0.6620, test_r2-0.2088
2026-03-20 01:33:52 - INFO - epoch-28, loss-0.4377, cindex-0.7356, test_loss-0.3353, test_cindex-0.6490, test_r2-0.2115
2026-03-20 01:33:52 - INFO - ######test_loss:0.3353, test_cindex:0.6490, test_r2:0.2115######
2026-03-20 01:35:22 - INFO - epoch-29, loss-0.4774, cindex-0.7361, test_loss-0.3606, test_cindex-0.6649, test_r2-0.1903
2026-03-20 01:36:52 - INFO - epoch-30, loss-0.5121, cindex-0.7437, test_loss-0.3904, test_cindex-0.6579, test_r2-0.1603
2026-03-20 01:38:22 - INFO - epoch-31, loss-0.4142, cindex-0.7382, test_loss-0.3503, test_cindex-0.6662, test_r2-0.1999
2026-03-20 01:39:51 - INFO - epoch-32, loss-0.4433, cindex-0.7503, test_loss-0.4007, test_cindex-0.6579, test_r2-0.2069
2026-03-20 01:41:23 - INFO - epoch-33, loss-0.4662, cindex-0.7428, test_loss-0.4376, test_cindex-0.6667, test_r2-0.1889
2026-03-20 01:42:53 - INFO - epoch-34, loss-0.3784, cindex-0.7549, test_loss-0.3651, test_cindex-0.6643, test_r2-0.2102
2026-03-20 01:44:22 - INFO - epoch-35, loss-0.4783, cindex-0.7486, test_loss-0.3359, test_cindex-0.6695, test_r2-0.2024
2026-03-20 01:45:52 - INFO - epoch-36, loss-0.4483, cindex-0.7466, test_loss-0.4867, test_cindex-0.6586, test_r2-0.1939
2026-03-20 01:47:23 - INFO - epoch-37, loss-0.4249, cindex-0.7562, test_loss-0.4030, test_cindex-0.6618, test_r2-0.2171
2026-03-20 01:48:53 - INFO - epoch-38, loss-0.4394, cindex-0.7350, test_loss-0.3267, test_cindex-0.6651, test_r2-0.2200
2026-03-20 01:48:53 - INFO - ######test_loss:0.3267, test_cindex:0.6651, test_r2:0.2200######
2026-03-20 01:50:23 - INFO - epoch-39, loss-0.4419, cindex-0.7454, test_loss-0.3658, test_cindex-0.6616, test_r2-0.1983
2026-03-20 01:51:53 - INFO - epoch-40, loss-0.4506, cindex-0.7532, test_loss-0.4401, test_cindex-0.6708, test_r2-0.2291
2026-03-20 01:53:24 - INFO - epoch-41, loss-0.4403, cindex-0.7399, test_loss-0.3414, test_cindex-0.6714, test_r2-0.2104
2026-03-20 01:54:54 - INFO - epoch-42, loss-0.4239, cindex-0.7540, test_loss-0.3975, test_cindex-0.6531, test_r2-0.1772
2026-03-20 01:56:24 - INFO - epoch-43, loss-0.4246, cindex-0.7479, test_loss-0.4295, test_cindex-0.6769, test_r2-0.2104
2026-03-20 01:57:54 - INFO - epoch-44, loss-0.4197, cindex-0.7676, test_loss-0.3845, test_cindex-0.6630, test_r2-0.2377
2026-03-20 01:59:24 - INFO - epoch-45, loss-0.3879, cindex-0.7582, test_loss-0.3728, test_cindex-0.6753, test_r2-0.2215
2026-03-20 02:00:54 - INFO - epoch-46, loss-0.4180, cindex-0.7583, test_loss-0.3263, test_cindex-0.6793, test_r2-0.2319
2026-03-20 02:00:54 - INFO - ######test_loss:0.3263, test_cindex:0.6793, test_r2:0.2319######
2026-03-20 02:02:24 - INFO - epoch-47, loss-0.4485, cindex-0.7719, test_loss-0.3624, test_cindex-0.6758, test_r2-0.2376
2026-03-20 02:03:54 - INFO - epoch-48, loss-0.4031, cindex-0.7573, test_loss-0.3319, test_cindex-0.6699, test_r2-0.2356
2026-03-20 02:05:24 - INFO - epoch-49, loss-0.3979, cindex-0.7606, test_loss-0.3736, test_cindex-0.6562, test_r2-0.1724
2026-03-20 02:06:55 - INFO - epoch-50, loss-0.3928, cindex-0.7641, test_loss-0.3304, test_cindex-0.6786, test_r2-0.2116
2026-03-20 02:08:24 - INFO - epoch-51, loss-0.3766, cindex-0.7670, test_loss-0.4240, test_cindex-0.6570, test_r2-0.1618
2026-03-20 02:09:55 - INFO - epoch-52, loss-0.3744, cindex-0.7648, test_loss-0.3442, test_cindex-0.6801, test_r2-0.2209
2026-03-20 02:11:25 - INFO - epoch-53, loss-0.3686, cindex-0.7576, test_loss-0.4329, test_cindex-0.6594, test_r2-0.1897
2026-03-20 02:12:54 - INFO - epoch-54, loss-0.4228, cindex-0.7701, test_loss-0.3236, test_cindex-0.6682, test_r2-0.2278
2026-03-20 02:12:54 - INFO - ######test_loss:0.3236, test_cindex:0.6682, test_r2:0.2278######
2026-03-20 02:14:24 - INFO - epoch-55, loss-0.4033, cindex-0.7684, test_loss-0.3436, test_cindex-0.6824, test_r2-0.2212
2026-03-20 02:15:55 - INFO - epoch-56, loss-0.4240, cindex-0.7734, test_loss-0.3206, test_cindex-0.6737, test_r2-0.2439
2026-03-20 02:15:55 - INFO - ######test_loss:0.3206, test_cindex:0.6737, test_r2:0.2439######
2026-03-20 02:17:25 - INFO - epoch-57, loss-0.4019, cindex-0.7669, test_loss-0.3639, test_cindex-0.6783, test_r2-0.2274
2026-03-20 02:18:55 - INFO - epoch-58, loss-0.4017, cindex-0.7750, test_loss-0.3367, test_cindex-0.6889, test_r2-0.2323
2026-03-20 02:20:25 - INFO - epoch-59, loss-0.3844, cindex-0.7734, test_loss-0.3192, test_cindex-0.6868, test_r2-0.2396
2026-03-20 02:20:25 - INFO - ######test_loss:0.3192, test_cindex:0.6868, test_r2:0.2396######
2026-03-20 02:21:55 - INFO - epoch-60, loss-0.4210, cindex-0.7688, test_loss-0.3827, test_cindex-0.6737, test_r2-0.2146
2026-03-20 02:23:25 - INFO - epoch-61, loss-0.3510, cindex-0.7783, test_loss-0.3793, test_cindex-0.6776, test_r2-0.2008
2026-03-20 02:24:55 - INFO - epoch-62, loss-0.4030, cindex-0.7752, test_loss-0.3079, test_cindex-0.6850, test_r2-0.2560
2026-03-20 02:24:55 - INFO - ######test_loss:0.3079, test_cindex:0.6850, test_r2:0.2560######
2026-03-20 02:26:24 - INFO - epoch-63, loss-0.3812, cindex-0.7705, test_loss-0.3139, test_cindex-0.6749, test_r2-0.2447
2026-03-20 02:27:54 - INFO - epoch-64, loss-0.3789, cindex-0.7728, test_loss-0.3440, test_cindex-0.6755, test_r2-0.2066
2026-03-20 02:29:25 - INFO - epoch-65, loss-0.4284, cindex-0.7683, test_loss-0.3383, test_cindex-0.6762, test_r2-0.2147
2026-03-20 02:30:55 - INFO - epoch-66, loss-0.3646, cindex-0.7731, test_loss-0.3334, test_cindex-0.6736, test_r2-0.2290
2026-03-20 02:32:25 - INFO - epoch-67, loss-0.3131, cindex-0.7812, test_loss-0.3395, test_cindex-0.6749, test_r2-0.2164
2026-03-20 02:33:55 - INFO - epoch-68, loss-0.3547, cindex-0.7802, test_loss-0.3375, test_cindex-0.6777, test_r2-0.2063
2026-03-20 02:35:25 - INFO - epoch-69, loss-0.3702, cindex-0.7795, test_loss-0.4128, test_cindex-0.6746, test_r2-0.2267
2026-03-20 02:36:55 - INFO - epoch-70, loss-0.3817, cindex-0.7730, test_loss-0.4206, test_cindex-0.6856, test_r2-0.2111
2026-03-20 02:38:24 - INFO - epoch-71, loss-0.3562, cindex-0.7805, test_loss-0.3374, test_cindex-0.6751, test_r2-0.2446
2026-03-20 02:39:54 - INFO - epoch-72, loss-0.3822, cindex-0.7836, test_loss-0.3659, test_cindex-0.6863, test_r2-0.2361
2026-03-20 02:41:24 - INFO - epoch-73, loss-0.3605, cindex-0.7772, test_loss-0.3544, test_cindex-0.6821, test_r2-0.2174
2026-03-20 02:42:54 - INFO - epoch-74, loss-0.3499, cindex-0.7779, test_loss-0.4831, test_cindex-0.6811, test_r2-0.2029
2026-03-20 02:44:24 - INFO - epoch-75, loss-0.3718, cindex-0.7800, test_loss-0.3055, test_cindex-0.6744, test_r2-0.2545
2026-03-20 02:44:24 - INFO - ######test_loss:0.3055, test_cindex:0.6744, test_r2:0.2545######
2026-03-20 02:45:54 - INFO - epoch-76, loss-0.3713, cindex-0.7807, test_loss-0.3438, test_cindex-0.6832, test_r2-0.2176
2026-03-20 02:47:25 - INFO - epoch-77, loss-0.3334, cindex-0.7943, test_loss-0.3901, test_cindex-0.6688, test_r2-0.2178
2026-03-20 02:48:55 - INFO - epoch-78, loss-0.3430, cindex-0.7812, test_loss-0.3254, test_cindex-0.6843, test_r2-0.2343
2026-03-20 02:50:25 - INFO - epoch-79, loss-0.3541, cindex-0.7847, test_loss-0.3135, test_cindex-0.6914, test_r2-0.2473
2026-03-20 02:51:55 - INFO - epoch-80, loss-0.4263, cindex-0.7818, test_loss-0.3576, test_cindex-0.6807, test_r2-0.1973
2026-03-20 02:53:26 - INFO - epoch-81, loss-0.3322, cindex-0.7825, test_loss-0.3561, test_cindex-0.6723, test_r2-0.2604
2026-03-20 02:54:56 - INFO - epoch-82, loss-0.3755, cindex-0.7831, test_loss-0.3458, test_cindex-0.6821, test_r2-0.2302
2026-03-20 02:56:26 - INFO - epoch-83, loss-0.3479, cindex-0.7811, test_loss-0.3238, test_cindex-0.6805, test_r2-0.2444
2026-03-20 02:57:55 - INFO - epoch-84, loss-0.3467, cindex-0.7783, test_loss-0.3074, test_cindex-0.6779, test_r2-0.2522
2026-03-20 02:59:26 - INFO - epoch-85, loss-0.3409, cindex-0.7842, test_loss-0.3569, test_cindex-0.6751, test_r2-0.2021
2026-03-20 03:00:56 - INFO - epoch-86, loss-0.3438, cindex-0.7824, test_loss-0.3338, test_cindex-0.6604, test_r2-0.2142
2026-03-20 03:02:26 - INFO - epoch-87, loss-0.3751, cindex-0.7826, test_loss-0.3192, test_cindex-0.6747, test_r2-0.2368
2026-03-20 03:03:56 - INFO - epoch-88, loss-0.3628, cindex-0.7960, test_loss-0.4161, test_cindex-0.6774, test_r2-0.2293
2026-03-20 03:05:26 - INFO - epoch-89, loss-0.3641, cindex-0.7910, test_loss-0.3355, test_cindex-0.6721, test_r2-0.2131
2026-03-20 03:06:56 - INFO - epoch-90, loss-0.3756, cindex-0.7790, test_loss-0.3324, test_cindex-0.6782, test_r2-0.2282
2026-03-20 03:08:26 - INFO - epoch-91, loss-0.3133, cindex-0.7920, test_loss-0.4556, test_cindex-0.6856, test_r2-0.2849
2026-03-20 03:09:56 - INFO - epoch-92, loss-0.3419, cindex-0.7916, test_loss-0.3384, test_cindex-0.6830, test_r2-0.2406
2026-03-20 03:11:26 - INFO - epoch-93, loss-0.3468, cindex-0.7975, test_loss-0.3122, test_cindex-0.6819, test_r2-0.2450
2026-03-20 03:12:56 - INFO - epoch-94, loss-0.3837, cindex-0.7848, test_loss-0.3790, test_cindex-0.6565, test_r2-0.1833
2026-03-20 03:14:25 - INFO - epoch-95, loss-0.3436, cindex-0.7936, test_loss-0.3270, test_cindex-0.6939, test_r2-0.2398
Epoch 00096: reducing learning rate of group 0 to 2.7000e-05.
2026-03-20 03:15:56 - INFO - epoch-96, loss-0.3320, cindex-0.7920, test_loss-0.3224, test_cindex-0.6835, test_r2-0.2356
2026-03-20 03:17:26 - INFO - epoch-97, loss-0.3195, cindex-0.7963, test_loss-0.3465, test_cindex-0.6988, test_r2-0.2633
2026-03-20 03:18:56 - INFO - epoch-98, loss-0.3321, cindex-0.8046, test_loss-0.3592, test_cindex-0.6824, test_r2-0.2160
2026-03-20 03:20:25 - INFO - epoch-99, loss-0.3511, cindex-0.7886, test_loss-0.3079, test_cindex-0.6897, test_r2-0.2692
2026-03-20 03:21:55 - INFO - epoch-100, loss-0.3058, cindex-0.7970, test_loss-0.3025, test_cindex-0.6906, test_r2-0.2685
2026-03-20 03:21:55 - INFO - ######test_loss:0.3025, test_cindex:0.6906, test_r2:0.2685######
2026-03-20 03:23:25 - INFO - epoch-101, loss-0.3378, cindex-0.7980, test_loss-0.4574, test_cindex-0.6834, test_r2-0.2463
2026-03-20 03:24:55 - INFO - epoch-102, loss-0.3263, cindex-0.7964, test_loss-0.3013, test_cindex-0.6957, test_r2-0.2993
2026-03-20 03:24:55 - INFO - ######test_loss:0.3013, test_cindex:0.6957, test_r2:0.2993######
2026-03-20 03:26:25 - INFO - epoch-103, loss-0.3266, cindex-0.8021, test_loss-0.2897, test_cindex-0.7008, test_r2-0.2883
2026-03-20 03:26:25 - INFO - ######test_loss:0.2897, test_cindex:0.7008, test_r2:0.2883######
2026-03-20 03:27:55 - INFO - epoch-104, loss-0.3114, cindex-0.7962, test_loss-0.3257, test_cindex-0.6823, test_r2-0.2500
2026-03-20 03:29:25 - INFO - epoch-105, loss-0.3074, cindex-0.8002, test_loss-0.3725, test_cindex-0.6962, test_r2-0.2680
2026-03-20 03:30:55 - INFO - epoch-106, loss-0.3194, cindex-0.7940, test_loss-0.3506, test_cindex-0.6975, test_r2-0.2528
2026-03-20 03:32:25 - INFO - epoch-107, loss-0.2826, cindex-0.8086, test_loss-0.3257, test_cindex-0.6968, test_r2-0.2448
2026-03-20 03:33:55 - INFO - epoch-108, loss-0.2571, cindex-0.8009, test_loss-0.3521, test_cindex-0.6893, test_r2-0.2400
2026-03-20 03:35:24 - INFO - epoch-109, loss-0.3229, cindex-0.8090, test_loss-0.3174, test_cindex-0.6845, test_r2-0.2544
2026-03-20 03:36:54 - INFO - epoch-110, loss-0.3053, cindex-0.8014, test_loss-0.3023, test_cindex-0.6840, test_r2-0.2623
2026-03-20 03:38:23 - INFO - epoch-111, loss-0.3087, cindex-0.8008, test_loss-0.3098, test_cindex-0.6925, test_r2-0.2825
2026-03-20 03:39:53 - INFO - epoch-112, loss-0.2869, cindex-0.8033, test_loss-0.3263, test_cindex-0.6936, test_r2-0.2884
2026-03-20 03:41:22 - INFO - epoch-113, loss-0.3240, cindex-0.7942, test_loss-0.3846, test_cindex-0.6810, test_r2-0.2245
2026-03-20 03:42:53 - INFO - epoch-114, loss-0.3122, cindex-0.7910, test_loss-0.3572, test_cindex-0.6798, test_r2-0.2322
2026-03-20 03:44:23 - INFO - epoch-115, loss-0.3055, cindex-0.8022, test_loss-0.3264, test_cindex-0.6747, test_r2-0.2462
2026-03-20 03:45:53 - INFO - epoch-116, loss-0.3322, cindex-0.8036, test_loss-0.3251, test_cindex-0.6827, test_r2-0.2318
2026-03-20 03:47:23 - INFO - epoch-117, loss-0.2965, cindex-0.8085, test_loss-0.3448, test_cindex-0.6804, test_r2-0.2267
2026-03-20 03:48:53 - INFO - epoch-118, loss-0.2926, cindex-0.8065, test_loss-0.3737, test_cindex-0.6830, test_r2-0.2560
2026-03-20 03:50:22 - INFO - epoch-119, loss-0.2709, cindex-0.8074, test_loss-0.3477, test_cindex-0.6951, test_r2-0.2816
2026-03-20 03:51:52 - INFO - epoch-120, loss-0.3093, cindex-0.8082, test_loss-0.3658, test_cindex-0.6751, test_r2-0.2273
2026-03-20 03:53:22 - INFO - epoch-121, loss-0.2863, cindex-0.8081, test_loss-0.3165, test_cindex-0.6963, test_r2-0.2608
2026-03-20 03:54:53 - INFO - epoch-122, loss-0.2806, cindex-0.8065, test_loss-0.3142, test_cindex-0.6926, test_r2-0.2905
2026-03-20 03:56:23 - INFO - epoch-123, loss-0.2843, cindex-0.8179, test_loss-0.3279, test_cindex-0.6901, test_r2-0.2701
Epoch 00124: reducing learning rate of group 0 to 2.4300e-05.
2026-03-20 03:57:53 - INFO - epoch-124, loss-0.2930, cindex-0.8162, test_loss-0.3249, test_cindex-0.6861, test_r2-0.2345
2026-03-20 03:59:23 - INFO - epoch-125, loss-0.2764, cindex-0.8100, test_loss-0.3384, test_cindex-0.6765, test_r2-0.2140
2026-03-20 04:00:52 - INFO - epoch-126, loss-0.2808, cindex-0.8131, test_loss-0.3151, test_cindex-0.6839, test_r2-0.2461
2026-03-20 04:02:23 - INFO - epoch-127, loss-0.2549, cindex-0.8097, test_loss-0.3103, test_cindex-0.6937, test_r2-0.2715
2026-03-20 04:03:53 - INFO - epoch-128, loss-0.2712, cindex-0.8138, test_loss-0.3158, test_cindex-0.6847, test_r2-0.2576
2026-03-20 04:05:22 - INFO - epoch-129, loss-0.2999, cindex-0.8122, test_loss-0.3371, test_cindex-0.6904, test_r2-0.2346
2026-03-20 04:06:52 - INFO - epoch-130, loss-0.2707, cindex-0.8214, test_loss-0.3196, test_cindex-0.6866, test_r2-0.2487
2026-03-20 04:08:22 - INFO - epoch-131, loss-0.2736, cindex-0.8061, test_loss-0.3530, test_cindex-0.6826, test_r2-0.2519
2026-03-20 04:09:52 - INFO - epoch-132, loss-0.2867, cindex-0.8124, test_loss-0.3205, test_cindex-0.6887, test_r2-0.2419
2026-03-20 04:11:21 - INFO - epoch-133, loss-0.2971, cindex-0.8112, test_loss-0.3155, test_cindex-0.6994, test_r2-0.2698
2026-03-20 04:12:51 - INFO - epoch-134, loss-0.2959, cindex-0.8052, test_loss-0.2977, test_cindex-0.6936, test_r2-0.2763
2026-03-20 04:14:21 - INFO - epoch-135, loss-0.2705, cindex-0.8133, test_loss-0.3274, test_cindex-0.6795, test_r2-0.2353
2026-03-20 04:15:51 - INFO - epoch-136, loss-0.2568, cindex-0.8064, test_loss-0.3349, test_cindex-0.6823, test_r2-0.2409
2026-03-20 04:17:21 - INFO - epoch-137, loss-0.2710, cindex-0.8092, test_loss-0.3513, test_cindex-0.6883, test_r2-0.2310
2026-03-20 04:18:50 - INFO - epoch-138, loss-0.2823, cindex-0.8120, test_loss-0.3733, test_cindex-0.6986, test_r2-0.2823
2026-03-20 04:20:21 - INFO - epoch-139, loss-0.2644, cindex-0.8144, test_loss-0.3000, test_cindex-0.6925, test_r2-0.2698
2026-03-20 04:21:52 - INFO - epoch-140, loss-0.2758, cindex-0.8137, test_loss-0.3041, test_cindex-0.6839, test_r2-0.2663
2026-03-20 04:23:21 - INFO - epoch-141, loss-0.2850, cindex-0.8136, test_loss-0.3233, test_cindex-0.6982, test_r2-0.2722
2026-03-20 04:24:51 - INFO - epoch-142, loss-0.2648, cindex-0.8137, test_loss-0.2997, test_cindex-0.6963, test_r2-0.2761
2026-03-20 04:26:22 - INFO - epoch-143, loss-0.3009, cindex-0.8146, test_loss-0.3885, test_cindex-0.6648, test_r2-0.2119
2026-03-20 04:27:53 - INFO - epoch-144, loss-0.2960, cindex-0.8069, test_loss-0.3652, test_cindex-0.6865, test_r2-0.2236
Epoch 00145: reducing learning rate of group 0 to 2.1870e-05.
2026-03-20 04:29:23 - INFO - epoch-145, loss-0.3270, cindex-0.8114, test_loss-0.4112, test_cindex-0.6828, test_r2-0.2625
2026-03-20 04:30:53 - INFO - epoch-146, loss-0.2902, cindex-0.8128, test_loss-0.3089, test_cindex-0.6918, test_r2-0.2707
2026-03-20 04:32:23 - INFO - epoch-147, loss-0.2679, cindex-0.8184, test_loss-0.3047, test_cindex-0.6919, test_r2-0.2760
2026-03-20 04:33:52 - INFO - epoch-148, loss-0.2287, cindex-0.8280, test_loss-0.2977, test_cindex-0.7033, test_r2-0.2751
2026-03-20 04:35:21 - INFO - epoch-149, loss-0.2546, cindex-0.8254, test_loss-0.3016, test_cindex-0.7085, test_r2-0.2995
2026-03-20 04:36:51 - INFO - epoch-150, loss-0.2526, cindex-0.8289, test_loss-0.3184, test_cindex-0.6974, test_r2-0.2574
2026-03-20 04:38:21 - INFO - epoch-151, loss-0.2780, cindex-0.8208, test_loss-0.2963, test_cindex-0.6926, test_r2-0.2752
2026-03-20 04:39:51 - INFO - epoch-152, loss-0.2588, cindex-0.8228, test_loss-0.3192, test_cindex-0.6977, test_r2-0.2697
2026-03-20 04:41:20 - INFO - epoch-153, loss-0.2450, cindex-0.8275, test_loss-0.3206, test_cindex-0.6895, test_r2-0.2689
2026-03-20 04:42:50 - INFO - epoch-154, loss-0.2331, cindex-0.8244, test_loss-0.2938, test_cindex-0.6955, test_r2-0.2814
2026-03-20 04:44:20 - INFO - epoch-155, loss-0.2558, cindex-0.8205, test_loss-0.3148, test_cindex-0.6954, test_r2-0.2554
2026-03-20 04:45:50 - INFO - epoch-156, loss-0.2638, cindex-0.8235, test_loss-0.3090, test_cindex-0.6965, test_r2-0.2706
2026-03-20 04:47:20 - INFO - epoch-157, loss-0.2500, cindex-0.8168, test_loss-0.3372, test_cindex-0.6959, test_r2-0.2385
2026-03-20 04:48:51 - INFO - epoch-158, loss-0.2157, cindex-0.8306, test_loss-0.3389, test_cindex-0.6957, test_r2-0.2614
2026-03-20 04:50:22 - INFO - epoch-159, loss-0.2706, cindex-0.8255, test_loss-0.3117, test_cindex-0.6994, test_r2-0.2909
2026-03-20 04:51:52 - INFO - epoch-160, loss-0.2468, cindex-0.8191, test_loss-0.3220, test_cindex-0.6973, test_r2-0.2699
2026-03-20 04:53:22 - INFO - epoch-161, loss-0.2350, cindex-0.8241, test_loss-0.2974, test_cindex-0.6953, test_r2-0.2796
2026-03-20 04:54:52 - INFO - epoch-162, loss-0.2453, cindex-0.8214, test_loss-0.3187, test_cindex-0.7058, test_r2-0.2792
2026-03-20 04:56:22 - INFO - epoch-163, loss-0.2390, cindex-0.8198, test_loss-0.3177, test_cindex-0.6920, test_r2-0.2568
2026-03-20 04:57:52 - INFO - epoch-164, loss-0.2445, cindex-0.8268, test_loss-0.3518, test_cindex-0.6895, test_r2-0.2445
2026-03-20 04:59:22 - INFO - epoch-165, loss-0.2346, cindex-0.8315, test_loss-0.3392, test_cindex-0.6847, test_r2-0.2309
Epoch 00166: reducing learning rate of group 0 to 1.9683e-05.
2026-03-20 05:00:52 - INFO - epoch-166, loss-0.2842, cindex-0.8228, test_loss-0.3331, test_cindex-0.6846, test_r2-0.2255
2026-03-20 05:02:22 - INFO - epoch-167, loss-0.2465, cindex-0.8270, test_loss-0.3204, test_cindex-0.6935, test_r2-0.2686
2026-03-20 05:03:53 - INFO - epoch-168, loss-0.2654, cindex-0.8154, test_loss-0.3671, test_cindex-0.7016, test_r2-0.2684
2026-03-20 05:05:22 - INFO - epoch-169, loss-0.2558, cindex-0.8210, test_loss-0.3337, test_cindex-0.7007, test_r2-0.2762
2026-03-20 05:06:52 - INFO - epoch-170, loss-0.2460, cindex-0.8291, test_loss-0.3156, test_cindex-0.7001, test_r2-0.2557
2026-03-20 05:08:22 - INFO - epoch-171, loss-0.2391, cindex-0.8283, test_loss-0.3084, test_cindex-0.6918, test_r2-0.2802
2026-03-20 05:09:52 - INFO - epoch-172, loss-0.2444, cindex-0.8302, test_loss-0.3281, test_cindex-0.7008, test_r2-0.2723
2026-03-20 05:11:22 - INFO - epoch-173, loss-0.2813, cindex-0.8123, test_loss-0.3348, test_cindex-0.6956, test_r2-0.2736
2026-03-20 05:12:52 - INFO - epoch-174, loss-0.2407, cindex-0.8209, test_loss-0.3294, test_cindex-0.6945, test_r2-0.2599
2026-03-20 05:14:22 - INFO - epoch-175, loss-0.2553, cindex-0.8252, test_loss-0.2955, test_cindex-0.7068, test_r2-0.2846
2026-03-20 05:15:52 - INFO - epoch-176, loss-0.2037, cindex-0.8391, test_loss-0.3299, test_cindex-0.6993, test_r2-0.2702
2026-03-20 05:17:22 - INFO - epoch-177, loss-0.2215, cindex-0.8340, test_loss-0.3136, test_cindex-0.7045, test_r2-0.2563
2026-03-20 05:18:52 - INFO - epoch-178, loss-0.2005, cindex-0.8388, test_loss-0.2857, test_cindex-0.7073, test_r2-0.2970
2026-03-20 05:18:52 - INFO - ######test_loss:0.2857, test_cindex:0.7073, test_r2:0.2970######
2026-03-20 05:20:22 - INFO - epoch-179, loss-0.2319, cindex-0.8279, test_loss-0.3216, test_cindex-0.6943, test_r2-0.2611
2026-03-20 05:21:53 - INFO - epoch-180, loss-0.2157, cindex-0.8349, test_loss-0.3256, test_cindex-0.6990, test_r2-0.2483
2026-03-20 05:23:23 - INFO - epoch-181, loss-0.2364, cindex-0.8284, test_loss-0.2920, test_cindex-0.7012, test_r2-0.2933
2026-03-20 05:24:53 - INFO - epoch-182, loss-0.2160, cindex-0.8346, test_loss-0.3278, test_cindex-0.6903, test_r2-0.2682
2026-03-20 05:26:23 - INFO - epoch-183, loss-0.2204, cindex-0.8301, test_loss-0.2981, test_cindex-0.6929, test_r2-0.2711
2026-03-20 05:27:53 - INFO - epoch-184, loss-0.2348, cindex-0.8246, test_loss-0.3091, test_cindex-0.6988, test_r2-0.2646
2026-03-20 05:29:23 - INFO - epoch-185, loss-0.2191, cindex-0.8382, test_loss-0.3105, test_cindex-0.7047, test_r2-0.2611
2026-03-20 05:30:54 - INFO - epoch-186, loss-0.2248, cindex-0.8324, test_loss-0.2956, test_cindex-0.6953, test_r2-0.2810
2026-03-20 05:32:24 - INFO - epoch-187, loss-0.2217, cindex-0.8355, test_loss-0.3205, test_cindex-0.6940, test_r2-0.2628
2026-03-20 05:33:54 - INFO - epoch-188, loss-0.2377, cindex-0.8371, test_loss-0.3230, test_cindex-0.7003, test_r2-0.2522
2026-03-20 05:35:24 - INFO - epoch-189, loss-0.2230, cindex-0.8390, test_loss-0.3056, test_cindex-0.6958, test_r2-0.2878
2026-03-20 05:36:55 - INFO - epoch-190, loss-0.2171, cindex-0.8397, test_loss-0.3107, test_cindex-0.6972, test_r2-0.2564
2026-03-20 05:38:24 - INFO - epoch-191, loss-0.2285, cindex-0.8320, test_loss-0.2970, test_cindex-0.7033, test_r2-0.2746
2026-03-20 05:39:55 - INFO - epoch-192, loss-0.2369, cindex-0.8289, test_loss-0.3416, test_cindex-0.6911, test_r2-0.2454
2026-03-20 05:41:25 - INFO - epoch-193, loss-0.2277, cindex-0.8374, test_loss-0.3291, test_cindex-0.6946, test_r2-0.2495
2026-03-20 05:42:55 - INFO - epoch-194, loss-0.2388, cindex-0.8324, test_loss-0.3337, test_cindex-0.6925, test_r2-0.2484
2026-03-20 05:44:25 - INFO - epoch-195, loss-0.2217, cindex-0.8377, test_loss-0.2919, test_cindex-0.7024, test_r2-0.3006
2026-03-20 05:45:55 - INFO - epoch-196, loss-0.2447, cindex-0.8219, test_loss-0.2913, test_cindex-0.6951, test_r2-0.2875
2026-03-20 05:47:25 - INFO - epoch-197, loss-0.2112, cindex-0.8302, test_loss-0.3170, test_cindex-0.6929, test_r2-0.2570
2026-03-20 05:48:55 - INFO - epoch-198, loss-0.2296, cindex-0.8325, test_loss-0.3084, test_cindex-0.6982, test_r2-0.2602
Epoch 00199: reducing learning rate of group 0 to 1.7715e-05.
2026-03-20 05:50:25 - INFO - epoch-199, loss-0.2097, cindex-0.8407, test_loss-0.3046, test_cindex-0.6844, test_r2-0.2643
2026-03-20 05:51:55 - INFO - epoch-200, loss-0.2288, cindex-0.8292, test_loss-0.3323, test_cindex-0.6996, test_r2-0.2587
2026-03-20 05:53:25 - INFO - epoch-201, loss-0.2128, cindex-0.8324, test_loss-0.3200, test_cindex-0.7021, test_r2-0.2573
2026-03-20 05:54:56 - INFO - epoch-202, loss-0.2307, cindex-0.8331, test_loss-0.2926, test_cindex-0.7026, test_r2-0.2895
2026-03-20 05:56:26 - INFO - epoch-203, loss-0.2167, cindex-0.8297, test_loss-0.3220, test_cindex-0.6930, test_r2-0.2559
2026-03-20 05:57:56 - INFO - epoch-204, loss-0.2320, cindex-0.8346, test_loss-0.3051, test_cindex-0.6932, test_r2-0.2675
2026-03-20 05:59:26 - INFO - epoch-205, loss-0.1968, cindex-0.8432, test_loss-0.3223, test_cindex-0.6921, test_r2-0.2455
2026-03-20 06:00:57 - INFO - epoch-206, loss-0.1952, cindex-0.8393, test_loss-0.2995, test_cindex-0.7069, test_r2-0.2793
2026-03-20 06:02:27 - INFO - epoch-207, loss-0.1764, cindex-0.8517, test_loss-0.2986, test_cindex-0.6934, test_r2-0.2752
2026-03-20 06:03:57 - INFO - epoch-208, loss-0.2038, cindex-0.8441, test_loss-0.3027, test_cindex-0.6991, test_r2-0.2670
2026-03-20 06:05:27 - INFO - epoch-209, loss-0.2002, cindex-0.8489, test_loss-0.3056, test_cindex-0.7026, test_r2-0.2840
2026-03-20 06:06:57 - INFO - epoch-210, loss-0.1972, cindex-0.8430, test_loss-0.2879, test_cindex-0.7036, test_r2-0.2903
2026-03-20 06:08:28 - INFO - epoch-211, loss-0.1942, cindex-0.8453, test_loss-0.2974, test_cindex-0.7092, test_r2-0.2857
2026-03-20 06:09:58 - INFO - epoch-212, loss-0.2091, cindex-0.8397, test_loss-0.3119, test_cindex-0.6966, test_r2-0.2671
2026-03-20 06:11:28 - INFO - epoch-213, loss-0.2125, cindex-0.8405, test_loss-0.3204, test_cindex-0.7061, test_r2-0.2604
2026-03-20 06:12:58 - INFO - epoch-214, loss-0.2239, cindex-0.8343, test_loss-0.3198, test_cindex-0.6919, test_r2-0.2477
2026-03-20 06:14:28 - INFO - epoch-215, loss-0.2188, cindex-0.8423, test_loss-0.3161, test_cindex-0.6862, test_r2-0.2544
2026-03-20 06:15:59 - INFO - epoch-216, loss-0.1958, cindex-0.8450, test_loss-0.3495, test_cindex-0.6971, test_r2-0.2402
2026-03-20 06:17:28 - INFO - epoch-217, loss-0.2130, cindex-0.8410, test_loss-0.2932, test_cindex-0.7067, test_r2-0.2857
2026-03-20 06:18:59 - INFO - epoch-218, loss-0.1879, cindex-0.8411, test_loss-0.3108, test_cindex-0.7020, test_r2-0.2638
2026-03-20 06:20:29 - INFO - epoch-219, loss-0.1952, cindex-0.8461, test_loss-0.3183, test_cindex-0.7014, test_r2-0.2647
Epoch 00220: reducing learning rate of group 0 to 1.5943e-05.
2026-03-20 06:21:59 - INFO - epoch-220, loss-0.1972, cindex-0.8382, test_loss-0.3337, test_cindex-0.7048, test_r2-0.2553
2026-03-20 06:23:29 - INFO - epoch-221, loss-0.1927, cindex-0.8465, test_loss-0.3014, test_cindex-0.7020, test_r2-0.2744
2026-03-20 06:24:58 - INFO - epoch-222, loss-0.2003, cindex-0.8448, test_loss-0.3328, test_cindex-0.6981, test_r2-0.2546
2026-03-20 06:26:28 - INFO - epoch-223, loss-0.2164, cindex-0.8425, test_loss-0.2981, test_cindex-0.7070, test_r2-0.2812
2026-03-20 06:27:58 - INFO - epoch-224, loss-0.2028, cindex-0.8435, test_loss-0.2964, test_cindex-0.7114, test_r2-0.2812
2026-03-20 06:29:28 - INFO - epoch-225, loss-0.2099, cindex-0.8406, test_loss-0.3107, test_cindex-0.7092, test_r2-0.2654
2026-03-20 06:30:58 - INFO - epoch-226, loss-0.1915, cindex-0.8502, test_loss-0.3053, test_cindex-0.7098, test_r2-0.2854
2026-03-20 06:32:28 - INFO - epoch-227, loss-0.2057, cindex-0.8512, test_loss-0.2866, test_cindex-0.6998, test_r2-0.2930
2026-03-20 06:33:57 - INFO - epoch-228, loss-0.1920, cindex-0.8467, test_loss-0.3029, test_cindex-0.6974, test_r2-0.2709
2026-03-20 06:35:27 - INFO - epoch-229, loss-0.1894, cindex-0.8452, test_loss-0.3074, test_cindex-0.7128, test_r2-0.2773
2026-03-20 06:36:57 - INFO - epoch-230, loss-0.2180, cindex-0.8426, test_loss-0.3008, test_cindex-0.7050, test_r2-0.2777
2026-03-20 06:38:27 - INFO - epoch-231, loss-0.1937, cindex-0.8474, test_loss-0.2891, test_cindex-0.7035, test_r2-0.2895
2026-03-20 06:39:57 - INFO - epoch-232, loss-0.1898, cindex-0.8474, test_loss-0.3372, test_cindex-0.7137, test_r2-0.2689
2026-03-20 06:41:27 - INFO - epoch-233, loss-0.2029, cindex-0.8397, test_loss-0.2935, test_cindex-0.7106, test_r2-0.2852
2026-03-20 06:42:57 - INFO - epoch-234, loss-0.2063, cindex-0.8529, test_loss-0.3174, test_cindex-0.6981, test_r2-0.2672
2026-03-20 06:44:26 - INFO - epoch-235, loss-0.1804, cindex-0.8496, test_loss-0.2884, test_cindex-0.7099, test_r2-0.2988
2026-03-20 06:45:56 - INFO - epoch-236, loss-0.1689, cindex-0.8502, test_loss-0.2997, test_cindex-0.7055, test_r2-0.2799
2026-03-20 06:47:26 - INFO - epoch-237, loss-0.1887, cindex-0.8505, test_loss-0.3217, test_cindex-0.7023, test_r2-0.2524
2026-03-20 06:48:56 - INFO - epoch-238, loss-0.1905, cindex-0.8465, test_loss-0.2898, test_cindex-0.7088, test_r2-0.2895
2026-03-20 06:50:26 - INFO - epoch-239, loss-0.1834, cindex-0.8540, test_loss-0.3087, test_cindex-0.7004, test_r2-0.2658
2026-03-20 06:51:57 - INFO - epoch-240, loss-0.1760, cindex-0.8528, test_loss-0.3569, test_cindex-0.7036, test_r2-0.2640
Epoch 00241: reducing learning rate of group 0 to 1.4349e-05.
2026-03-20 06:53:27 - INFO - epoch-241, loss-0.1917, cindex-0.8498, test_loss-0.3298, test_cindex-0.6882, test_r2-0.2423
2026-03-20 06:54:58 - INFO - epoch-242, loss-0.1694, cindex-0.8554, test_loss-0.3272, test_cindex-0.7034, test_r2-0.2634
2026-03-20 06:56:28 - INFO - epoch-243, loss-0.1897, cindex-0.8545, test_loss-0.3000, test_cindex-0.7072, test_r2-0.2841
2026-03-20 06:57:59 - INFO - epoch-244, loss-0.1722, cindex-0.8587, test_loss-0.2919, test_cindex-0.7156, test_r2-0.2894
2026-03-20 06:59:29 - INFO - epoch-245, loss-0.1816, cindex-0.8517, test_loss-0.3148, test_cindex-0.7134, test_r2-0.2810
2026-03-20 07:00:59 - INFO - epoch-246, loss-0.1759, cindex-0.8532, test_loss-0.3008, test_cindex-0.7091, test_r2-0.2935
2026-03-20 07:02:29 - INFO - epoch-247, loss-0.1765, cindex-0.8550, test_loss-0.3043, test_cindex-0.7090, test_r2-0.2747
2026-03-20 07:03:59 - INFO - epoch-248, loss-0.1731, cindex-0.8564, test_loss-0.2985, test_cindex-0.7054, test_r2-0.2869
2026-03-20 07:05:29 - INFO - epoch-249, loss-0.1856, cindex-0.8464, test_loss-0.3244, test_cindex-0.7129, test_r2-0.2805
2026-03-20 07:06:59 - INFO - epoch-250, loss-0.1790, cindex-0.8472, test_loss-0.3135, test_cindex-0.6917, test_r2-0.2640
2026-03-20 07:08:29 - INFO - epoch-251, loss-0.1770, cindex-0.8562, test_loss-0.3177, test_cindex-0.7112, test_r2-0.2706
2026-03-20 07:09:59 - INFO - epoch-252, loss-0.2013, cindex-0.8515, test_loss-0.2944, test_cindex-0.7101, test_r2-0.2853
2026-03-20 07:11:29 - INFO - epoch-253, loss-0.1921, cindex-0.8430, test_loss-0.3085, test_cindex-0.7044, test_r2-0.2860
2026-03-20 07:12:59 - INFO - epoch-254, loss-0.1810, cindex-0.8437, test_loss-0.3007, test_cindex-0.7114, test_r2-0.3012
2026-03-20 07:14:29 - INFO - epoch-255, loss-0.1946, cindex-0.8532, test_loss-0.2907, test_cindex-0.7092, test_r2-0.2911
2026-03-20 07:15:59 - INFO - epoch-256, loss-0.1840, cindex-0.8496, test_loss-0.3283, test_cindex-0.6958, test_r2-0.2567
2026-03-20 07:17:30 - INFO - epoch-257, loss-0.1942, cindex-0.8473, test_loss-0.3099, test_cindex-0.7105, test_r2-0.2806
2026-03-20 07:19:00 - INFO - epoch-258, loss-0.1632, cindex-0.8510, test_loss-0.2819, test_cindex-0.7202, test_r2-0.3103
2026-03-20 07:19:00 - INFO - ######test_loss:0.2819, test_cindex:0.7202, test_r2:0.3103######
2026-03-20 07:20:30 - INFO - epoch-259, loss-0.1802, cindex-0.8562, test_loss-0.3196, test_cindex-0.7082, test_r2-0.2540
2026-03-20 07:22:00 - INFO - epoch-260, loss-0.1842, cindex-0.8495, test_loss-0.3063, test_cindex-0.7093, test_r2-0.2912
2026-03-20 07:23:30 - INFO - epoch-261, loss-0.1846, cindex-0.8571, test_loss-0.3052, test_cindex-0.7111, test_r2-0.2875
2026-03-20 07:25:00 - INFO - epoch-262, loss-0.1851, cindex-0.8517, test_loss-0.3073, test_cindex-0.7101, test_r2-0.2762
2026-03-20 07:26:30 - INFO - epoch-263, loss-0.1896, cindex-0.8586, test_loss-0.3259, test_cindex-0.7021, test_r2-0.2502
2026-03-20 07:28:00 - INFO - epoch-264, loss-0.1612, cindex-0.8618, test_loss-0.3259, test_cindex-0.7048, test_r2-0.2450
2026-03-20 07:29:31 - INFO - epoch-265, loss-0.1622, cindex-0.8598, test_loss-0.3187, test_cindex-0.7061, test_r2-0.2635
2026-03-20 07:31:01 - INFO - epoch-266, loss-0.1685, cindex-0.8564, test_loss-0.3266, test_cindex-0.6997, test_r2-0.2477
2026-03-20 07:32:31 - INFO - epoch-267, loss-0.1835, cindex-0.8517, test_loss-0.2949, test_cindex-0.7071, test_r2-0.2817
2026-03-20 07:34:02 - INFO - epoch-268, loss-0.1545, cindex-0.8582, test_loss-0.2983, test_cindex-0.7192, test_r2-0.2989
2026-03-20 07:35:32 - INFO - epoch-269, loss-0.1704, cindex-0.8596, test_loss-0.3075, test_cindex-0.7083, test_r2-0.2714
2026-03-20 07:37:03 - INFO - epoch-270, loss-0.1732, cindex-0.8601, test_loss-0.3117, test_cindex-0.7042, test_r2-0.2688
2026-03-20 07:38:33 - INFO - epoch-271, loss-0.1796, cindex-0.8489, test_loss-0.3350, test_cindex-0.7016, test_r2-0.2815
2026-03-20 07:40:03 - INFO - epoch-272, loss-0.1617, cindex-0.8520, test_loss-0.3177, test_cindex-0.7037, test_r2-0.2592
2026-03-20 07:41:34 - INFO - epoch-273, loss-0.1657, cindex-0.8623, test_loss-0.3106, test_cindex-0.7110, test_r2-0.2804
2026-03-20 07:43:04 - INFO - epoch-274, loss-0.1636, cindex-0.8575, test_loss-0.3039, test_cindex-0.7102, test_r2-0.2730
2026-03-20 07:44:34 - INFO - epoch-275, loss-0.1743, cindex-0.8568, test_loss-0.3034, test_cindex-0.7053, test_r2-0.2728
2026-03-20 07:46:03 - INFO - epoch-276, loss-0.1471, cindex-0.8577, test_loss-0.3253, test_cindex-0.6988, test_r2-0.2467
2026-03-20 07:47:34 - INFO - epoch-277, loss-0.1579, cindex-0.8629, test_loss-0.2899, test_cindex-0.7109, test_r2-0.3182
2026-03-20 07:49:05 - INFO - epoch-278, loss-0.1652, cindex-0.8638, test_loss-0.2897, test_cindex-0.7141, test_r2-0.2941
Epoch 00279: reducing learning rate of group 0 to 1.2914e-05.
2026-03-20 07:50:34 - INFO - epoch-279, loss-0.2196, cindex-0.8558, test_loss-0.3037, test_cindex-0.7104, test_r2-0.2969
2026-03-20 07:52:04 - INFO - epoch-280, loss-0.1720, cindex-0.8568, test_loss-0.2752, test_cindex-0.7150, test_r2-0.3135
2026-03-20 07:52:04 - INFO - ######test_loss:0.2752, test_cindex:0.7150, test_r2:0.3135######
2026-03-20 07:53:34 - INFO - epoch-281, loss-0.1498, cindex-0.8574, test_loss-0.2856, test_cindex-0.7142, test_r2-0.2970
2026-03-20 07:55:04 - INFO - epoch-282, loss-0.1494, cindex-0.8618, test_loss-0.2858, test_cindex-0.7110, test_r2-0.2971
2026-03-20 07:56:35 - INFO - epoch-283, loss-0.1704, cindex-0.8558, test_loss-0.3075, test_cindex-0.7027, test_r2-0.2672
2026-03-20 07:58:05 - INFO - epoch-284, loss-0.1655, cindex-0.8622, test_loss-0.3136, test_cindex-0.7083, test_r2-0.2661
2026-03-20 07:59:35 - INFO - epoch-285, loss-0.1689, cindex-0.8595, test_loss-0.2983, test_cindex-0.7064, test_r2-0.2782
2026-03-20 08:01:05 - INFO - epoch-286, loss-0.1854, cindex-0.8584, test_loss-0.3087, test_cindex-0.7183, test_r2-0.2894
2026-03-20 08:02:35 - INFO - epoch-287, loss-0.1491, cindex-0.8638, test_loss-0.2940, test_cindex-0.7121, test_r2-0.2926
2026-03-20 08:04:05 - INFO - epoch-288, loss-0.1636, cindex-0.8668, test_loss-0.3140, test_cindex-0.7150, test_r2-0.2671
2026-03-20 08:05:35 - INFO - epoch-289, loss-0.1489, cindex-0.8644, test_loss-0.2920, test_cindex-0.7102, test_r2-0.2939
2026-03-20 08:07:05 - INFO - epoch-290, loss-0.1741, cindex-0.8547, test_loss-0.3027, test_cindex-0.7140, test_r2-0.2893
2026-03-20 08:08:35 - INFO - epoch-291, loss-0.1651, cindex-0.8669, test_loss-0.2962, test_cindex-0.7127, test_r2-0.3037
2026-03-20 08:10:05 - INFO - epoch-292, loss-0.1679, cindex-0.8580, test_loss-0.2925, test_cindex-0.7128, test_r2-0.3005
2026-03-20 08:11:36 - INFO - epoch-293, loss-0.1461, cindex-0.8639, test_loss-0.2895, test_cindex-0.7139, test_r2-0.2931
2026-03-20 08:13:06 - INFO - epoch-294, loss-0.1410, cindex-0.8661, test_loss-0.2977, test_cindex-0.7107, test_r2-0.2837
2026-03-20 08:14:37 - INFO - epoch-295, loss-0.1347, cindex-0.8730, test_loss-0.3377, test_cindex-0.7083, test_r2-0.2570
2026-03-20 08:16:07 - INFO - epoch-296, loss-0.1511, cindex-0.8664, test_loss-0.2963, test_cindex-0.7081, test_r2-0.2853
2026-03-20 08:17:37 - INFO - epoch-297, loss-0.1429, cindex-0.8656, test_loss-0.2905, test_cindex-0.7120, test_r2-0.2927
2026-03-20 08:19:07 - INFO - epoch-298, loss-0.1530, cindex-0.8642, test_loss-0.2943, test_cindex-0.7066, test_r2-0.2824
2026-03-20 08:20:38 - INFO - epoch-299, loss-0.1633, cindex-0.8678, test_loss-0.3643, test_cindex-0.7056, test_r2-0.2648
2026-03-20 08:22:08 - INFO - epoch-300, loss-0.1569, cindex-0.8606, test_loss-0.3078, test_cindex-0.7035, test_r2-0.2695
Epoch 00301: reducing learning rate of group 0 to 1.1623e-05.
2026-03-20 08:23:38 - INFO - epoch-301, loss-0.1495, cindex-0.8637, test_loss-0.3292, test_cindex-0.7008, test_r2-0.2582
2026-03-20 08:25:08 - INFO - epoch-302, loss-0.1512, cindex-0.8670, test_loss-0.2946, test_cindex-0.7112, test_r2-0.2845
2026-03-20 08:26:38 - INFO - epoch-303, loss-0.1490, cindex-0.8728, test_loss-0.3117, test_cindex-0.7033, test_r2-0.2650
2026-03-20 08:28:08 - INFO - epoch-304, loss-0.1387, cindex-0.8673, test_loss-0.3170, test_cindex-0.7069, test_r2-0.2639
2026-03-20 08:29:39 - INFO - epoch-305, loss-0.1455, cindex-0.8651, test_loss-0.2925, test_cindex-0.7174, test_r2-0.2926
2026-03-20 08:31:09 - INFO - epoch-306, loss-0.1428, cindex-0.8710, test_loss-0.2988, test_cindex-0.7113, test_r2-0.2822
2026-03-20 08:32:39 - INFO - epoch-307, loss-0.1523, cindex-0.8700, test_loss-0.3006, test_cindex-0.7160, test_r2-0.2957
2026-03-20 08:34:09 - INFO - epoch-308, loss-0.1511, cindex-0.8642, test_loss-0.3012, test_cindex-0.7167, test_r2-0.2784
2026-03-20 08:35:39 - INFO - epoch-309, loss-0.1535, cindex-0.8640, test_loss-0.3207, test_cindex-0.7107, test_r2-0.2693
2026-03-20 08:37:09 - INFO - epoch-310, loss-0.1815, cindex-0.8600, test_loss-0.2999, test_cindex-0.7074, test_r2-0.2772
2026-03-20 08:38:39 - INFO - epoch-311, loss-0.1446, cindex-0.8696, test_loss-0.3096, test_cindex-0.7100, test_r2-0.2784
2026-03-20 08:40:10 - INFO - epoch-312, loss-0.1527, cindex-0.8625, test_loss-0.3043, test_cindex-0.7105, test_r2-0.2803
2026-03-20 08:41:40 - INFO - epoch-313, loss-0.1416, cindex-0.8669, test_loss-0.3147, test_cindex-0.7107, test_r2-0.2632
2026-03-20 08:43:10 - INFO - epoch-314, loss-0.1424, cindex-0.8690, test_loss-0.3128, test_cindex-0.7084, test_r2-0.2665
2026-03-20 08:44:40 - INFO - epoch-315, loss-0.1660, cindex-0.8676, test_loss-0.3148, test_cindex-0.7118, test_r2-0.2648
2026-03-20 08:46:10 - INFO - epoch-316, loss-0.1609, cindex-0.8672, test_loss-0.3174, test_cindex-0.7131, test_r2-0.2637
2026-03-20 08:47:40 - INFO - epoch-317, loss-0.1632, cindex-0.8658, test_loss-0.2926, test_cindex-0.7145, test_r2-0.2866
2026-03-20 08:49:10 - INFO - epoch-318, loss-0.1601, cindex-0.8707, test_loss-0.3061, test_cindex-0.7060, test_r2-0.2846
2026-03-20 08:50:40 - INFO - epoch-319, loss-0.1531, cindex-0.8647, test_loss-0.2896, test_cindex-0.7180, test_r2-0.2949
2026-03-20 08:52:11 - INFO - epoch-320, loss-0.1723, cindex-0.8670, test_loss-0.3031, test_cindex-0.7155, test_r2-0.2919
2026-03-20 08:53:41 - INFO - epoch-321, loss-0.1402, cindex-0.8643, test_loss-0.2965, test_cindex-0.7138, test_r2-0.2826
Epoch 00322: reducing learning rate of group 0 to 1.0460e-05.
2026-03-20 08:55:11 - INFO - epoch-322, loss-0.1477, cindex-0.8696, test_loss-0.3058, test_cindex-0.7202, test_r2-0.2949
2026-03-20 08:56:41 - INFO - epoch-323, loss-0.1369, cindex-0.8705, test_loss-0.2949, test_cindex-0.7094, test_r2-0.2833
2026-03-20 08:58:11 - INFO - epoch-324, loss-0.1359, cindex-0.8747, test_loss-0.3087, test_cindex-0.7138, test_r2-0.2665
2026-03-20 08:59:41 - INFO - epoch-325, loss-0.1277, cindex-0.8773, test_loss-0.3138, test_cindex-0.7148, test_r2-0.2631
2026-03-20 09:01:11 - INFO - epoch-326, loss-0.1365, cindex-0.8787, test_loss-0.3052, test_cindex-0.7151, test_r2-0.2763
2026-03-20 09:02:42 - INFO - epoch-327, loss-0.1312, cindex-0.8759, test_loss-0.2886, test_cindex-0.7163, test_r2-0.2924
2026-03-20 09:04:12 - INFO - epoch-328, loss-0.1370, cindex-0.8748, test_loss-0.2951, test_cindex-0.7191, test_r2-0.2879
2026-03-20 09:05:42 - INFO - epoch-329, loss-0.1279, cindex-0.8739, test_loss-0.2890, test_cindex-0.7147, test_r2-0.2926
2026-03-20 09:07:12 - INFO - epoch-330, loss-0.1414, cindex-0.8684, test_loss-0.2989, test_cindex-0.7181, test_r2-0.2816
2026-03-20 09:08:42 - INFO - epoch-331, loss-0.1353, cindex-0.8723, test_loss-0.2913, test_cindex-0.7122, test_r2-0.2893
2026-03-20 09:10:12 - INFO - epoch-332, loss-0.1364, cindex-0.8780, test_loss-0.3123, test_cindex-0.7134, test_r2-0.2715
2026-03-20 09:11:42 - INFO - epoch-333, loss-0.1411, cindex-0.8716, test_loss-0.2881, test_cindex-0.7139, test_r2-0.3003
2026-03-20 09:13:12 - INFO - epoch-334, loss-0.1307, cindex-0.8756, test_loss-0.2906, test_cindex-0.7149, test_r2-0.2924
2026-03-20 09:14:42 - INFO - epoch-335, loss-0.1232, cindex-0.8779, test_loss-0.2854, test_cindex-0.7147, test_r2-0.3016
2026-03-20 09:16:12 - INFO - epoch-336, loss-0.1521, cindex-0.8778, test_loss-0.3030, test_cindex-0.7152, test_r2-0.2762
2026-03-20 09:17:42 - INFO - epoch-337, loss-0.1295, cindex-0.8778, test_loss-0.2796, test_cindex-0.7216, test_r2-0.3088
2026-03-20 09:19:12 - INFO - epoch-338, loss-0.1423, cindex-0.8664, test_loss-0.2922, test_cindex-0.7156, test_r2-0.2900
2026-03-20 09:20:42 - INFO - epoch-339, loss-0.1453, cindex-0.8712, test_loss-0.2888, test_cindex-0.7099, test_r2-0.2937
2026-03-20 09:22:12 - INFO - epoch-340, loss-0.1383, cindex-0.8714, test_loss-0.3122, test_cindex-0.7149, test_r2-0.2714
2026-03-20 09:23:42 - INFO - epoch-341, loss-0.1340, cindex-0.8720, test_loss-0.3095, test_cindex-0.7106, test_r2-0.2823
2026-03-20 09:25:12 - INFO - epoch-342, loss-0.1395, cindex-0.8744, test_loss-0.3089, test_cindex-0.7084, test_r2-0.2766
Epoch 00343: reducing learning rate of group 0 to 9.4143e-06.
2026-03-20 09:26:42 - INFO - epoch-343, loss-0.1352, cindex-0.8778, test_loss-0.2895, test_cindex-0.7170, test_r2-0.2923
2026-03-20 09:28:13 - INFO - epoch-344, loss-0.1415, cindex-0.8695, test_loss-0.2833, test_cindex-0.7145, test_r2-0.3056
2026-03-20 09:29:43 - INFO - epoch-345, loss-0.1290, cindex-0.8700, test_loss-0.2996, test_cindex-0.7138, test_r2-0.2797
2026-03-20 09:31:13 - INFO - epoch-346, loss-0.1340, cindex-0.8790, test_loss-0.2930, test_cindex-0.7178, test_r2-0.2946
2026-03-20 09:32:43 - INFO - epoch-347, loss-0.1347, cindex-0.8687, test_loss-0.3005, test_cindex-0.7143, test_r2-0.2869
2026-03-20 09:34:13 - INFO - epoch-348, loss-0.1306, cindex-0.8729, test_loss-0.2873, test_cindex-0.7205, test_r2-0.2969
2026-03-20 09:35:44 - INFO - epoch-349, loss-0.1312, cindex-0.8720, test_loss-0.2801, test_cindex-0.7180, test_r2-0.3075
2026-03-20 09:37:14 - INFO - epoch-350, loss-0.1509, cindex-0.8679, test_loss-0.2892, test_cindex-0.7131, test_r2-0.2934
2026-03-20 09:38:44 - INFO - epoch-351, loss-0.1377, cindex-0.8756, test_loss-0.3079, test_cindex-0.7184, test_r2-0.2774
2026-03-20 09:40:14 - INFO - epoch-352, loss-0.1221, cindex-0.8829, test_loss-0.2936, test_cindex-0.7213, test_r2-0.2897
2026-03-20 09:41:44 - INFO - epoch-353, loss-0.1173, cindex-0.8828, test_loss-0.3040, test_cindex-0.7142, test_r2-0.2782
2026-03-20 09:43:13 - INFO - epoch-354, loss-0.1172, cindex-0.8867, test_loss-0.2844, test_cindex-0.7137, test_r2-0.2980
2026-03-20 09:44:43 - INFO - epoch-355, loss-0.1140, cindex-0.8827, test_loss-0.2849, test_cindex-0.7158, test_r2-0.2980
2026-03-20 09:46:13 - INFO - epoch-356, loss-0.1336, cindex-0.8816, test_loss-0.3023, test_cindex-0.7172, test_r2-0.2788
2026-03-20 09:47:44 - INFO - epoch-357, loss-0.1310, cindex-0.8753, test_loss-0.3051, test_cindex-0.7187, test_r2-0.2802
2026-03-20 09:49:14 - INFO - epoch-358, loss-0.1316, cindex-0.8789, test_loss-0.3001, test_cindex-0.7124, test_r2-0.2821
2026-03-20 09:50:44 - INFO - epoch-359, loss-0.1187, cindex-0.8807, test_loss-0.2993, test_cindex-0.7141, test_r2-0.2781
2026-03-20 09:52:14 - INFO - epoch-360, loss-0.1189, cindex-0.8817, test_loss-0.2928, test_cindex-0.7204, test_r2-0.2898
2026-03-20 09:53:44 - INFO - epoch-361, loss-0.1180, cindex-0.8823, test_loss-0.3093, test_cindex-0.7101, test_r2-0.2669
2026-03-20 09:55:13 - INFO - epoch-362, loss-0.1158, cindex-0.8865, test_loss-0.3170, test_cindex-0.7191, test_r2-0.2698
2026-03-20 09:56:44 - INFO - epoch-363, loss-0.1225, cindex-0.8855, test_loss-0.3007, test_cindex-0.7222, test_r2-0.2854
Epoch 00364: reducing learning rate of group 0 to 8.4729e-06.
2026-03-20 09:58:14 - INFO - epoch-364, loss-0.1362, cindex-0.8778, test_loss-0.3293, test_cindex-0.7204, test_r2-0.2806
2026-03-20 09:59:44 - INFO - epoch-365, loss-0.1164, cindex-0.8768, test_loss-0.3092, test_cindex-0.7176, test_r2-0.2743
2026-03-20 10:01:14 - INFO - epoch-366, loss-0.1290, cindex-0.8782, test_loss-0.2937, test_cindex-0.7201, test_r2-0.2941
2026-03-20 10:02:44 - INFO - epoch-367, loss-0.1250, cindex-0.8856, test_loss-0.2814, test_cindex-0.7210, test_r2-0.3045
2026-03-20 10:04:14 - INFO - epoch-368, loss-0.1231, cindex-0.8767, test_loss-0.2995, test_cindex-0.7193, test_r2-0.2817
2026-03-20 10:05:45 - INFO - epoch-369, loss-0.1181, cindex-0.8840, test_loss-0.2933, test_cindex-0.7192, test_r2-0.2943
2026-03-20 10:07:15 - INFO - epoch-370, loss-0.1211, cindex-0.8815, test_loss-0.3107, test_cindex-0.7134, test_r2-0.2781
2026-03-20 10:08:45 - INFO - epoch-371, loss-0.1299, cindex-0.8773, test_loss-0.3061, test_cindex-0.7213, test_r2-0.2736
2026-03-20 10:10:16 - INFO - epoch-372, loss-0.1319, cindex-0.8741, test_loss-0.3006, test_cindex-0.7152, test_r2-0.2776
2026-03-20 10:11:45 - INFO - epoch-373, loss-0.1341, cindex-0.8793, test_loss-0.2936, test_cindex-0.7150, test_r2-0.2886
2026-03-20 10:13:15 - INFO - epoch-374, loss-0.1241, cindex-0.8808, test_loss-0.2783, test_cindex-0.7190, test_r2-0.3099
2026-03-20 10:14:46 - INFO - epoch-375, loss-0.1209, cindex-0.8807, test_loss-0.2867, test_cindex-0.7225, test_r2-0.2976
2026-03-20 10:16:16 - INFO - epoch-376, loss-0.1207, cindex-0.8800, test_loss-0.2912, test_cindex-0.7176, test_r2-0.2916
2026-03-20 10:17:46 - INFO - epoch-377, loss-0.1212, cindex-0.8812, test_loss-0.3153, test_cindex-0.7159, test_r2-0.2673
2026-03-20 10:19:15 - INFO - epoch-378, loss-0.1315, cindex-0.8820, test_loss-0.3014, test_cindex-0.7199, test_r2-0.2809
2026-03-20 10:20:45 - INFO - epoch-379, loss-0.1164, cindex-0.8738, test_loss-0.2821, test_cindex-0.7201, test_r2-0.3038
2026-03-20 10:22:15 - INFO - epoch-380, loss-0.1148, cindex-0.8857, test_loss-0.2962, test_cindex-0.7139, test_r2-0.2854
2026-03-20 10:23:45 - INFO - epoch-381, loss-0.0947, cindex-0.8910, test_loss-0.2845, test_cindex-0.7218, test_r2-0.3015
2026-03-20 10:25:15 - INFO - epoch-382, loss-0.0995, cindex-0.8922, test_loss-0.3143, test_cindex-0.7105, test_r2-0.2652
2026-03-20 10:26:45 - INFO - epoch-383, loss-0.1123, cindex-0.8854, test_loss-0.3058, test_cindex-0.7150, test_r2-0.2752
2026-03-20 10:28:15 - INFO - epoch-384, loss-0.1009, cindex-0.8944, test_loss-0.2945, test_cindex-0.7170, test_r2-0.2856
Epoch 00385: reducing learning rate of group 0 to 7.6256e-06.
2026-03-20 10:29:45 - INFO - epoch-385, loss-0.1082, cindex-0.8858, test_loss-0.2920, test_cindex-0.7169, test_r2-0.2897
2026-03-20 10:31:16 - INFO - epoch-386, loss-0.1181, cindex-0.8876, test_loss-0.3227, test_cindex-0.7126, test_r2-0.2728
2026-03-20 10:32:46 - INFO - epoch-387, loss-0.1052, cindex-0.8866, test_loss-0.3020, test_cindex-0.7178, test_r2-0.2777
2026-03-20 10:34:16 - INFO - epoch-388, loss-0.1074, cindex-0.8919, test_loss-0.2877, test_cindex-0.7221, test_r2-0.2955
2026-03-20 10:35:46 - INFO - epoch-389, loss-0.1046, cindex-0.8878, test_loss-0.3012, test_cindex-0.7090, test_r2-0.2784
2026-03-20 10:37:16 - INFO - epoch-390, loss-0.0988, cindex-0.8880, test_loss-0.3222, test_cindex-0.7190, test_r2-0.2770
2026-03-20 10:38:46 - INFO - epoch-391, loss-0.1166, cindex-0.8853, test_loss-0.3188, test_cindex-0.7081, test_r2-0.2586
2026-03-20 10:40:15 - INFO - epoch-392, loss-0.1083, cindex-0.8866, test_loss-0.2810, test_cindex-0.7205, test_r2-0.3066
2026-03-20 10:41:46 - INFO - epoch-393, loss-0.1190, cindex-0.8851, test_loss-0.2896, test_cindex-0.7174, test_r2-0.2919
2026-03-20 10:43:16 - INFO - epoch-394, loss-0.1066, cindex-0.8812, test_loss-0.2997, test_cindex-0.7170, test_r2-0.2824
2026-03-20 10:44:46 - INFO - epoch-395, loss-0.1199, cindex-0.8853, test_loss-0.3004, test_cindex-0.7174, test_r2-0.2787
2026-03-20 10:46:16 - INFO - epoch-396, loss-0.1139, cindex-0.8846, test_loss-0.2847, test_cindex-0.7201, test_r2-0.2988
2026-03-20 10:47:47 - INFO - epoch-397, loss-0.1213, cindex-0.8805, test_loss-0.2924, test_cindex-0.7222, test_r2-0.2977
2026-03-20 10:49:17 - INFO - epoch-398, loss-0.1070, cindex-0.8924, test_loss-0.2888, test_cindex-0.7206, test_r2-0.2944
2026-03-20 10:50:47 - INFO - epoch-399, loss-0.1118, cindex-0.8854, test_loss-0.2958, test_cindex-0.7176, test_r2-0.2867
2026-03-20 10:52:17 - INFO - epoch-400, loss-0.1019, cindex-0.8865, test_loss-0.2901, test_cindex-0.7255, test_r2-0.2938
2026-03-20 10:53:47 - INFO - epoch-401, loss-0.1195, cindex-0.8888, test_loss-0.2899, test_cindex-0.7118, test_r2-0.2927
2026-03-20 10:55:17 - INFO - epoch-402, loss-0.1192, cindex-0.8865, test_loss-0.3096, test_cindex-0.7156, test_r2-0.2759
2026-03-20 10:56:47 - INFO - epoch-403, loss-0.1171, cindex-0.8836, test_loss-0.2954, test_cindex-0.7150, test_r2-0.2875
2026-03-20 10:58:17 - INFO - epoch-404, loss-0.1125, cindex-0.8907, test_loss-0.2912, test_cindex-0.7118, test_r2-0.2945
2026-03-20 10:59:47 - INFO - epoch-405, loss-0.1145, cindex-0.8861, test_loss-0.2968, test_cindex-0.7210, test_r2-0.2899
Epoch 00406: reducing learning rate of group 0 to 6.8630e-06.
2026-03-20 11:01:18 - INFO - epoch-406, loss-0.1228, cindex-0.8803, test_loss-0.2970, test_cindex-0.7126, test_r2-0.2835
2026-03-20 11:02:47 - INFO - epoch-407, loss-0.1232, cindex-0.8814, test_loss-0.2882, test_cindex-0.7198, test_r2-0.2969
2026-03-20 11:04:17 - INFO - epoch-408, loss-0.1329, cindex-0.8857, test_loss-0.2985, test_cindex-0.7225, test_r2-0.2883
2026-03-20 11:05:47 - INFO - epoch-409, loss-0.1026, cindex-0.8860, test_loss-0.2854, test_cindex-0.7238, test_r2-0.2994
2026-03-20 11:07:18 - INFO - epoch-410, loss-0.0875, cindex-0.8954, test_loss-0.2973, test_cindex-0.7223, test_r2-0.2853
2026-03-20 11:08:48 - INFO - epoch-411, loss-0.0879, cindex-0.8935, test_loss-0.3053, test_cindex-0.7159, test_r2-0.2760
2026-03-20 11:10:18 - INFO - epoch-412, loss-0.0932, cindex-0.8908, test_loss-0.2990, test_cindex-0.7175, test_r2-0.2802
2026-03-20 11:11:48 - INFO - epoch-413, loss-0.0986, cindex-0.8895, test_loss-0.2968, test_cindex-0.7171, test_r2-0.2846
2026-03-20 11:13:18 - INFO - epoch-414, loss-0.0973, cindex-0.8924, test_loss-0.3062, test_cindex-0.7214, test_r2-0.2815
2026-03-20 11:14:49 - INFO - epoch-415, loss-0.1045, cindex-0.8878, test_loss-0.2950, test_cindex-0.7216, test_r2-0.2862
2026-03-20 11:16:19 - INFO - epoch-416, loss-0.1026, cindex-0.8854, test_loss-0.3081, test_cindex-0.7110, test_r2-0.2715
2026-03-20 11:17:49 - INFO - epoch-417, loss-0.1006, cindex-0.8935, test_loss-0.3010, test_cindex-0.7181, test_r2-0.2795
2026-03-20 11:19:19 - INFO - epoch-418, loss-0.0954, cindex-0.8965, test_loss-0.3189, test_cindex-0.7139, test_r2-0.2666
2026-03-20 11:20:50 - INFO - epoch-419, loss-0.1020, cindex-0.8968, test_loss-0.3188, test_cindex-0.7198, test_r2-0.2842
2026-03-20 11:22:20 - INFO - epoch-420, loss-0.1016, cindex-0.8935, test_loss-0.3092, test_cindex-0.7229, test_r2-0.2922
2026-03-20 11:23:50 - INFO - epoch-421, loss-0.1088, cindex-0.8967, test_loss-0.3027, test_cindex-0.7170, test_r2-0.2812
2026-03-20 11:25:20 - INFO - epoch-422, loss-0.1013, cindex-0.8912, test_loss-0.2945, test_cindex-0.7252, test_r2-0.2940
2026-03-20 11:26:50 - INFO - epoch-423, loss-0.1134, cindex-0.8872, test_loss-0.2938, test_cindex-0.7204, test_r2-0.2873
2026-03-20 11:28:20 - INFO - epoch-424, loss-0.1071, cindex-0.8908, test_loss-0.2908, test_cindex-0.7214, test_r2-0.2935
2026-03-20 11:29:50 - INFO - epoch-425, loss-0.0957, cindex-0.8949, test_loss-0.2906, test_cindex-0.7191, test_r2-0.2932
2026-03-20 11:31:20 - INFO - epoch-426, loss-0.1004, cindex-0.8885, test_loss-0.2989, test_cindex-0.7157, test_r2-0.2807
Epoch 00427: reducing learning rate of group 0 to 6.1767e-06.
2026-03-20 11:32:50 - INFO - epoch-427, loss-0.1105, cindex-0.8848, test_loss-0.3007, test_cindex-0.7183, test_r2-0.2823
2026-03-20 11:34:20 - INFO - epoch-428, loss-0.1006, cindex-0.8920, test_loss-0.2893, test_cindex-0.7215, test_r2-0.2948
2026-03-20 11:35:50 - INFO - epoch-429, loss-0.1095, cindex-0.8982, test_loss-0.3087, test_cindex-0.7161, test_r2-0.2705
2026-03-20 11:37:19 - INFO - epoch-430, loss-0.1163, cindex-0.8840, test_loss-0.3005, test_cindex-0.7146, test_r2-0.2806
2026-03-20 11:38:50 - INFO - epoch-431, loss-0.1076, cindex-0.8915, test_loss-0.3014, test_cindex-0.7172, test_r2-0.2853
2026-03-20 11:40:21 - INFO - epoch-432, loss-0.1087, cindex-0.8953, test_loss-0.2964, test_cindex-0.7225, test_r2-0.2926
2026-03-20 11:41:51 - INFO - epoch-433, loss-0.1049, cindex-0.8905, test_loss-0.2973, test_cindex-0.7187, test_r2-0.2874
2026-03-20 11:43:21 - INFO - epoch-434, loss-0.1073, cindex-0.8916, test_loss-0.2946, test_cindex-0.7189, test_r2-0.2885
2026-03-20 11:44:51 - INFO - epoch-435, loss-0.0955, cindex-0.8926, test_loss-0.2945, test_cindex-0.7164, test_r2-0.2948
2026-03-20 11:46:20 - INFO - epoch-436, loss-0.0963, cindex-0.8953, test_loss-0.2826, test_cindex-0.7249, test_r2-0.3033
2026-03-20 11:47:50 - INFO - epoch-437, loss-0.0965, cindex-0.8876, test_loss-0.2899, test_cindex-0.7205, test_r2-0.2927
2026-03-20 11:49:21 - INFO - epoch-438, loss-0.0976, cindex-0.9006, test_loss-0.2990, test_cindex-0.7213, test_r2-0.2845
2026-03-20 11:50:51 - INFO - epoch-439, loss-0.0911, cindex-0.9014, test_loss-0.2882, test_cindex-0.7194, test_r2-0.2952
2026-03-20 11:52:21 - INFO - epoch-440, loss-0.0977, cindex-0.8991, test_loss-0.2985, test_cindex-0.7153, test_r2-0.2824
2026-03-20 11:53:51 - INFO - epoch-441, loss-0.0909, cindex-0.8994, test_loss-0.3047, test_cindex-0.7155, test_r2-0.2760
2026-03-20 11:55:21 - INFO - epoch-442, loss-0.0916, cindex-0.9018, test_loss-0.2979, test_cindex-0.7172, test_r2-0.2880
2026-03-20 11:56:51 - INFO - epoch-443, loss-0.0991, cindex-0.8996, test_loss-0.3036, test_cindex-0.7181, test_r2-0.2753
2026-03-20 11:58:22 - INFO - epoch-444, loss-0.0878, cindex-0.8978, test_loss-0.2992, test_cindex-0.7196, test_r2-0.2824
2026-03-20 11:59:52 - INFO - epoch-445, loss-0.1002, cindex-0.8958, test_loss-0.2968, test_cindex-0.7195, test_r2-0.2889
2026-03-20 12:01:22 - INFO - epoch-446, loss-0.0970, cindex-0.8950, test_loss-0.3064, test_cindex-0.7192, test_r2-0.2826
2026-03-20 12:02:52 - INFO - epoch-447, loss-0.0907, cindex-0.8963, test_loss-0.2844, test_cindex-0.7250, test_r2-0.3033
Epoch 00448: reducing learning rate of group 0 to 5.5591e-06.
2026-03-20 12:04:22 - INFO - epoch-448, loss-0.0950, cindex-0.8993, test_loss-0.3014, test_cindex-0.7177, test_r2-0.2789
2026-03-20 12:05:52 - INFO - epoch-449, loss-0.0901, cindex-0.8986, test_loss-0.2942, test_cindex-0.7184, test_r2-0.2881
2026-03-20 12:07:22 - INFO - epoch-450, loss-0.0919, cindex-0.8950, test_loss-0.2946, test_cindex-0.7190, test_r2-0.2878
2026-03-20 12:08:52 - INFO - epoch-451, loss-0.0953, cindex-0.8917, test_loss-0.3089, test_cindex-0.7227, test_r2-0.2773
2026-03-20 12:10:21 - INFO - epoch-452, loss-0.0894, cindex-0.8974, test_loss-0.2997, test_cindex-0.7216, test_r2-0.2823
2026-03-20 12:11:52 - INFO - epoch-453, loss-0.0908, cindex-0.8977, test_loss-0.3005, test_cindex-0.7240, test_r2-0.2895
2026-03-20 12:13:22 - INFO - epoch-454, loss-0.0959, cindex-0.8950, test_loss-0.3012, test_cindex-0.7205, test_r2-0.2820
2026-03-20 12:14:52 - INFO - epoch-455, loss-0.0879, cindex-0.8961, test_loss-0.2932, test_cindex-0.7236, test_r2-0.2918
2026-03-20 12:16:22 - INFO - epoch-456, loss-0.0961, cindex-0.8899, test_loss-0.2837, test_cindex-0.7228, test_r2-0.3066
2026-03-20 12:17:52 - INFO - epoch-457, loss-0.0903, cindex-0.9027, test_loss-0.2943, test_cindex-0.7141, test_r2-0.2866
2026-03-20 12:19:22 - INFO - epoch-458, loss-0.0868, cindex-0.8980, test_loss-0.2900, test_cindex-0.7197, test_r2-0.2942
2026-03-20 12:20:52 - INFO - epoch-459, loss-0.0908, cindex-0.9015, test_loss-0.3137, test_cindex-0.7224, test_r2-0.2757
2026-03-20 12:22:22 - INFO - epoch-460, loss-0.0892, cindex-0.8978, test_loss-0.3031, test_cindex-0.7165, test_r2-0.2769
2026-03-20 12:23:52 - INFO - epoch-461, loss-0.0911, cindex-0.8961, test_loss-0.3005, test_cindex-0.7224, test_r2-0.2822
2026-03-20 12:25:22 - INFO - epoch-462, loss-0.0880, cindex-0.8994, test_loss-0.2952, test_cindex-0.7219, test_r2-0.2877
2026-03-20 12:26:53 - INFO - epoch-463, loss-0.0971, cindex-0.8934, test_loss-0.2895, test_cindex-0.7212, test_r2-0.2943
2026-03-20 12:28:23 - INFO - epoch-464, loss-0.0925, cindex-0.8982, test_loss-0.2989, test_cindex-0.7215, test_r2-0.2907
2026-03-20 12:29:53 - INFO - epoch-465, loss-0.1061, cindex-0.8917, test_loss-0.2908, test_cindex-0.7218, test_r2-0.2919
2026-03-20 12:31:23 - INFO - epoch-466, loss-0.0928, cindex-0.8963, test_loss-0.2992, test_cindex-0.7187, test_r2-0.2842
2026-03-20 12:32:53 - INFO - epoch-467, loss-0.0927, cindex-0.8972, test_loss-0.2949, test_cindex-0.7203, test_r2-0.2897
2026-03-20 12:34:23 - INFO - epoch-468, loss-0.0976, cindex-0.8937, test_loss-0.2954, test_cindex-0.7171, test_r2-0.2861
Epoch 00469: reducing learning rate of group 0 to 5.0032e-06.
2026-03-20 12:35:53 - INFO - epoch-469, loss-0.0815, cindex-0.9083, test_loss-0.2865, test_cindex-0.7281, test_r2-0.2986
2026-03-20 12:37:24 - INFO - epoch-470, loss-0.0777, cindex-0.9085, test_loss-0.3032, test_cindex-0.7205, test_r2-0.2839
2026-03-20 12:38:54 - INFO - epoch-471, loss-0.0859, cindex-0.8997, test_loss-0.2978, test_cindex-0.7241, test_r2-0.2846
2026-03-20 12:40:24 - INFO - epoch-472, loss-0.0823, cindex-0.9006, test_loss-0.2850, test_cindex-0.7247, test_r2-0.3000
2026-03-20 12:41:54 - INFO - epoch-473, loss-0.0831, cindex-0.9009, test_loss-0.2902, test_cindex-0.7279, test_r2-0.2950
2026-03-20 12:43:24 - INFO - epoch-474, loss-0.0855, cindex-0.9036, test_loss-0.3015, test_cindex-0.7211, test_r2-0.2879
2026-03-20 12:44:54 - INFO - epoch-475, loss-0.0878, cindex-0.9015, test_loss-0.2842, test_cindex-0.7225, test_r2-0.3003
2026-03-20 12:46:23 - INFO - epoch-476, loss-0.0822, cindex-0.9021, test_loss-0.3019, test_cindex-0.7221, test_r2-0.2819
2026-03-20 12:47:53 - INFO - epoch-477, loss-0.0802, cindex-0.8997, test_loss-0.2918, test_cindex-0.7257, test_r2-0.2939
2026-03-20 12:49:23 - INFO - epoch-478, loss-0.0847, cindex-0.9051, test_loss-0.2832, test_cindex-0.7240, test_r2-0.3034
2026-03-20 12:50:53 - INFO - epoch-479, loss-0.0876, cindex-0.9047, test_loss-0.2873, test_cindex-0.7277, test_r2-0.2991
2026-03-20 12:52:23 - INFO - epoch-480, loss-0.0934, cindex-0.8971, test_loss-0.2929, test_cindex-0.7252, test_r2-0.2903
2026-03-20 12:53:53 - INFO - epoch-481, loss-0.0843, cindex-0.8954, test_loss-0.3086, test_cindex-0.7213, test_r2-0.2759
2026-03-20 12:53:53 - INFO - early stop in epoch 481
2026-03-20 12:53:53 - INFO - fold_2's result is: test_loss:0.2752, test_cindex:0.7150, test_r2:0.3135
2026-03-20 12:55:04 - INFO - *****test_loss:0.3050, test_cindex:0.7898, test_r2:0.5422*****
2026-03-20 12:55:13 - INFO - fold_3---32_batch--kiba_dataset
2026-03-20 12:55:13 - INFO - learning rate: 3e-05
2026-03-20 12:55:13 - INFO - Experiment: prot
2026-03-20 12:55:13 - INFO - Number of train and test: 2960,367
2026-03-20 12:55:13 - INFO - save_model: False
2026-03-20 12:55:13 - INFO - epochs: 3019.2
2026-03-20 12:56:40 - INFO - epoch-1, loss-135.9169, cindex-0.5314, test_loss-133.3087, test_cindex-0.5510, test_r2--1.5981
2026-03-20 12:56:40 - INFO - ######test_loss:133.3087, test_cindex:0.5510, test_r2:-1.5981######
2026-03-20 12:58:07 - INFO - epoch-2, loss-5.1365, cindex-0.5815, test_loss-0.5813, test_cindex-0.6040, test_r2-0.0879
2026-03-20 12:58:07 - INFO - ######test_loss:0.5813, test_cindex:0.6040, test_r2:0.0879######
2026-03-20 12:59:33 - INFO - epoch-3, loss-0.6744, cindex-0.6191, test_loss-0.7576, test_cindex-0.6122, test_r2-0.1088
2026-03-20 13:01:00 - INFO - epoch-4, loss-0.6250, cindex-0.6562, test_loss-0.6734, test_cindex-0.6301, test_r2-0.1408
2026-03-20 13:02:27 - INFO - epoch-5, loss-0.6159, cindex-0.6680, test_loss-0.5120, test_cindex-0.6349, test_r2-0.1556
2026-03-20 13:02:27 - INFO - ######test_loss:0.5120, test_cindex:0.6349, test_r2:0.1556######
2026-03-20 13:03:53 - INFO - epoch-6, loss-0.6141, cindex-0.6811, test_loss-0.4993, test_cindex-0.6478, test_r2-0.1783
2026-03-20 13:03:53 - INFO - ######test_loss:0.4993, test_cindex:0.6478, test_r2:0.1783######
2026-03-20 13:05:19 - INFO - epoch-7, loss-0.5901, cindex-0.6833, test_loss-0.5099, test_cindex-0.6393, test_r2-0.1667
2026-03-20 13:06:46 - INFO - epoch-8, loss-0.5530, cindex-0.6939, test_loss-0.7437, test_cindex-0.6552, test_r2-0.1991
2026-03-20 13:08:13 - INFO - epoch-9, loss-0.5659, cindex-0.6968, test_loss-0.5022, test_cindex-0.6501, test_r2-0.1739
2026-03-20 13:09:39 - INFO - epoch-10, loss-0.5348, cindex-0.6897, test_loss-0.4726, test_cindex-0.6654, test_r2-0.2172
2026-03-20 13:09:39 - INFO - ######test_loss:0.4726, test_cindex:0.6654, test_r2:0.2172######
2026-03-20 13:11:06 - INFO - epoch-11, loss-0.5919, cindex-0.6938, test_loss-0.4750, test_cindex-0.6732, test_r2-0.2127
2026-03-20 13:12:32 - INFO - epoch-12, loss-0.5913, cindex-0.7072, test_loss-0.4914, test_cindex-0.6592, test_r2-0.1988
2026-03-20 13:13:59 - INFO - epoch-13, loss-0.4873, cindex-0.7005, test_loss-0.5345, test_cindex-0.6730, test_r2-0.2329
2026-03-20 13:15:25 - INFO - epoch-14, loss-0.5511, cindex-0.7054, test_loss-0.5350, test_cindex-0.6787, test_r2-0.2323
2026-03-20 13:16:52 - INFO - epoch-15, loss-0.4956, cindex-0.7088, test_loss-0.4644, test_cindex-0.6748, test_r2-0.2392
2026-03-20 13:16:52 - INFO - ######test_loss:0.4644, test_cindex:0.6748, test_r2:0.2392######
2026-03-20 13:18:19 - INFO - epoch-16, loss-0.5295, cindex-0.7055, test_loss-0.4558, test_cindex-0.6757, test_r2-0.2449
2026-03-20 13:18:19 - INFO - ######test_loss:0.4558, test_cindex:0.6757, test_r2:0.2449######
2026-03-20 13:19:46 - INFO - epoch-17, loss-0.5452, cindex-0.7122, test_loss-0.4796, test_cindex-0.6725, test_r2-0.2365
2026-03-20 13:21:12 - INFO - epoch-18, loss-0.5101, cindex-0.7184, test_loss-0.4710, test_cindex-0.6805, test_r2-0.2556
2026-03-20 13:22:39 - INFO - epoch-19, loss-0.4996, cindex-0.7196, test_loss-0.4475, test_cindex-0.6773, test_r2-0.2606
2026-03-20 13:22:39 - INFO - ######test_loss:0.4475, test_cindex:0.6773, test_r2:0.2606######
2026-03-20 13:24:05 - INFO - epoch-20, loss-0.4716, cindex-0.7223, test_loss-0.4859, test_cindex-0.6737, test_r2-0.2098
2026-03-20 13:25:31 - INFO - epoch-21, loss-0.4469, cindex-0.7298, test_loss-0.4305, test_cindex-0.6963, test_r2-0.2816
2026-03-20 13:25:31 - INFO - ######test_loss:0.4305, test_cindex:0.6963, test_r2:0.2816######
2026-03-20 13:26:56 - INFO - epoch-22, loss-0.4598, cindex-0.7336, test_loss-0.4411, test_cindex-0.6955, test_r2-0.2853
2026-03-20 13:28:22 - INFO - epoch-23, loss-0.4810, cindex-0.7376, test_loss-0.4521, test_cindex-0.6809, test_r2-0.2470
2026-03-20 13:29:50 - INFO - epoch-24, loss-0.4957, cindex-0.7335, test_loss-0.4273, test_cindex-0.6909, test_r2-0.2887
2026-03-20 13:29:50 - INFO - ######test_loss:0.4273, test_cindex:0.6909, test_r2:0.2887######
2026-03-20 13:31:16 - INFO - epoch-25, loss-0.4887, cindex-0.7293, test_loss-0.4783, test_cindex-0.6943, test_r2-0.2720
2026-03-20 13:32:43 - INFO - epoch-26, loss-0.4534, cindex-0.7293, test_loss-0.4863, test_cindex-0.6998, test_r2-0.2741
2026-03-20 13:34:10 - INFO - epoch-27, loss-0.4803, cindex-0.7385, test_loss-0.4321, test_cindex-0.6956, test_r2-0.2985
2026-03-20 13:35:36 - INFO - epoch-28, loss-0.4207, cindex-0.7379, test_loss-0.4723, test_cindex-0.7022, test_r2-0.3085
2026-03-20 13:37:02 - INFO - epoch-29, loss-0.4476, cindex-0.7416, test_loss-0.4559, test_cindex-0.7072, test_r2-0.3053
2026-03-20 13:38:29 - INFO - epoch-30, loss-0.4732, cindex-0.7358, test_loss-0.4747, test_cindex-0.6821, test_r2-0.2537
2026-03-20 13:39:55 - INFO - epoch-31, loss-0.4349, cindex-0.7441, test_loss-0.4392, test_cindex-0.7077, test_r2-0.3094
2026-03-20 13:41:22 - INFO - epoch-32, loss-0.4215, cindex-0.7489, test_loss-0.4281, test_cindex-0.7102, test_r2-0.3218
2026-03-20 13:42:49 - INFO - epoch-33, loss-0.4631, cindex-0.7395, test_loss-0.4367, test_cindex-0.7007, test_r2-0.3144
2026-03-20 13:44:15 - INFO - epoch-34, loss-0.4699, cindex-0.7310, test_loss-0.4828, test_cindex-0.7047, test_r2-0.2863
2026-03-20 13:45:42 - INFO - epoch-35, loss-0.4494, cindex-0.7480, test_loss-0.4890, test_cindex-0.6920, test_r2-0.3134
2026-03-20 13:47:09 - INFO - epoch-36, loss-0.4023, cindex-0.7441, test_loss-0.4444, test_cindex-0.6876, test_r2-0.2727
2026-03-20 13:48:35 - INFO - epoch-37, loss-0.3895, cindex-0.7534, test_loss-0.4449, test_cindex-0.6866, test_r2-0.2734
2026-03-20 13:50:02 - INFO - epoch-38, loss-0.4615, cindex-0.7454, test_loss-0.4109, test_cindex-0.6993, test_r2-0.3133
2026-03-20 13:50:02 - INFO - ######test_loss:0.4109, test_cindex:0.6993, test_r2:0.3133######
2026-03-20 13:51:29 - INFO - epoch-39, loss-0.4550, cindex-0.7566, test_loss-0.4094, test_cindex-0.6985, test_r2-0.3237
2026-03-20 13:51:29 - INFO - ######test_loss:0.4094, test_cindex:0.6985, test_r2:0.3237######
2026-03-20 13:52:56 - INFO - epoch-40, loss-0.4111, cindex-0.7597, test_loss-0.4113, test_cindex-0.6956, test_r2-0.3168
2026-03-20 13:54:22 - INFO - epoch-41, loss-0.4184, cindex-0.7516, test_loss-0.4172, test_cindex-0.6993, test_r2-0.3144
2026-03-20 13:55:49 - INFO - epoch-42, loss-0.4023, cindex-0.7512, test_loss-0.4586, test_cindex-0.6889, test_r2-0.3254
2026-03-20 13:57:15 - INFO - epoch-43, loss-0.3948, cindex-0.7552, test_loss-0.4772, test_cindex-0.7047, test_r2-0.3279
2026-03-20 13:58:41 - INFO - epoch-44, loss-0.4283, cindex-0.7576, test_loss-0.4431, test_cindex-0.6765, test_r2-0.2569
2026-03-20 14:00:08 - INFO - epoch-45, loss-0.3574, cindex-0.7657, test_loss-0.4193, test_cindex-0.6938, test_r2-0.2947
2026-03-20 14:01:34 - INFO - epoch-46, loss-0.3942, cindex-0.7669, test_loss-0.4174, test_cindex-0.7101, test_r2-0.3279
2026-03-20 14:03:00 - INFO - epoch-47, loss-0.3607, cindex-0.7621, test_loss-0.4196, test_cindex-0.7031, test_r2-0.3343
2026-03-20 14:04:27 - INFO - epoch-48, loss-0.3383, cindex-0.7781, test_loss-0.4033, test_cindex-0.7038, test_r2-0.3252
2026-03-20 14:04:27 - INFO - ######test_loss:0.4033, test_cindex:0.7038, test_r2:0.3252######
2026-03-20 14:05:53 - INFO - epoch-49, loss-0.4019, cindex-0.7539, test_loss-0.4077, test_cindex-0.7011, test_r2-0.3140
2026-03-20 14:07:20 - INFO - epoch-50, loss-0.3790, cindex-0.7609, test_loss-0.4374, test_cindex-0.6993, test_r2-0.3149
2026-03-20 14:08:47 - INFO - epoch-51, loss-0.4528, cindex-0.7754, test_loss-0.4442, test_cindex-0.7008, test_r2-0.3211
2026-03-20 14:10:14 - INFO - epoch-52, loss-0.4174, cindex-0.7580, test_loss-0.5557, test_cindex-0.6964, test_r2-0.3240
2026-03-20 14:11:40 - INFO - epoch-53, loss-0.4064, cindex-0.7657, test_loss-0.4717, test_cindex-0.6909, test_r2-0.2947
2026-03-20 14:13:07 - INFO - epoch-54, loss-0.3871, cindex-0.7661, test_loss-0.4412, test_cindex-0.6940, test_r2-0.3087
2026-03-20 14:14:34 - INFO - epoch-55, loss-0.3931, cindex-0.7566, test_loss-0.4950, test_cindex-0.6969, test_r2-0.3000
2026-03-20 14:16:00 - INFO - epoch-56, loss-0.3784, cindex-0.7636, test_loss-0.4298, test_cindex-0.6882, test_r2-0.2869
2026-03-20 14:17:26 - INFO - epoch-57, loss-0.3908, cindex-0.7606, test_loss-0.4190, test_cindex-0.6906, test_r2-0.3012
2026-03-20 14:18:53 - INFO - epoch-58, loss-0.3901, cindex-0.7720, test_loss-0.4066, test_cindex-0.7002, test_r2-0.3094
2026-03-20 14:20:20 - INFO - epoch-59, loss-0.3862, cindex-0.7682, test_loss-0.4178, test_cindex-0.7059, test_r2-0.3519
2026-03-20 14:21:46 - INFO - epoch-60, loss-0.4022, cindex-0.7722, test_loss-0.4135, test_cindex-0.6938, test_r2-0.3163
2026-03-20 14:23:12 - INFO - epoch-61, loss-0.4056, cindex-0.7771, test_loss-0.4560, test_cindex-0.7028, test_r2-0.3369
2026-03-20 14:24:39 - INFO - epoch-62, loss-0.3540, cindex-0.7804, test_loss-0.4354, test_cindex-0.6803, test_r2-0.2999
2026-03-20 14:26:06 - INFO - epoch-63, loss-0.3600, cindex-0.7663, test_loss-0.4721, test_cindex-0.6917, test_r2-0.3065
2026-03-20 14:27:33 - INFO - epoch-64, loss-0.3924, cindex-0.7691, test_loss-0.4317, test_cindex-0.7109, test_r2-0.3214
2026-03-20 14:29:00 - INFO - epoch-65, loss-0.3398, cindex-0.7879, test_loss-0.5124, test_cindex-0.7018, test_r2-0.3424
2026-03-20 14:30:26 - INFO - epoch-66, loss-0.3428, cindex-0.7720, test_loss-0.3990, test_cindex-0.7074, test_r2-0.3415
2026-03-20 14:30:26 - INFO - ######test_loss:0.3990, test_cindex:0.7074, test_r2:0.3415######
2026-03-20 14:31:53 - INFO - epoch-67, loss-0.3670, cindex-0.7756, test_loss-0.5607, test_cindex-0.6993, test_r2-0.2938
2026-03-20 14:33:20 - INFO - epoch-68, loss-0.4056, cindex-0.7661, test_loss-0.4641, test_cindex-0.6953, test_r2-0.2801
2026-03-20 14:34:45 - INFO - epoch-69, loss-0.3505, cindex-0.7795, test_loss-0.4182, test_cindex-0.7062, test_r2-0.3220
2026-03-20 14:36:09 - INFO - epoch-70, loss-0.3622, cindex-0.7746, test_loss-0.3833, test_cindex-0.7088, test_r2-0.3534
2026-03-20 14:36:09 - INFO - ######test_loss:0.3833, test_cindex:0.7088, test_r2:0.3534######
2026-03-20 14:37:35 - INFO - epoch-71, loss-0.3556, cindex-0.7783, test_loss-0.4007, test_cindex-0.7115, test_r2-0.3513
2026-03-20 14:38:59 - INFO - epoch-72, loss-0.3487, cindex-0.7871, test_loss-0.4313, test_cindex-0.7006, test_r2-0.3233
2026-03-20 14:40:24 - INFO - epoch-73, loss-0.3741, cindex-0.7680, test_loss-0.4845, test_cindex-0.6988, test_r2-0.3390
2026-03-20 14:41:48 - INFO - epoch-74, loss-0.3293, cindex-0.7755, test_loss-0.4085, test_cindex-0.6999, test_r2-0.3424
2026-03-20 14:43:12 - INFO - epoch-75, loss-0.3789, cindex-0.7723, test_loss-0.4082, test_cindex-0.7095, test_r2-0.3398
2026-03-20 14:44:37 - INFO - epoch-76, loss-0.3202, cindex-0.7830, test_loss-0.4002, test_cindex-0.7016, test_r2-0.3326
2026-03-20 14:46:01 - INFO - epoch-77, loss-0.4032, cindex-0.7709, test_loss-0.3922, test_cindex-0.7097, test_r2-0.3471
2026-03-20 14:47:26 - INFO - epoch-78, loss-0.3305, cindex-0.7851, test_loss-0.3916, test_cindex-0.7013, test_r2-0.3407
2026-03-20 14:48:50 - INFO - epoch-79, loss-0.3871, cindex-0.7818, test_loss-0.5338, test_cindex-0.7050, test_r2-0.3247
2026-03-20 14:50:14 - INFO - epoch-80, loss-0.3841, cindex-0.7810, test_loss-0.4359, test_cindex-0.7017, test_r2-0.3305
2026-03-20 14:51:38 - INFO - epoch-81, loss-0.3400, cindex-0.7890, test_loss-0.4054, test_cindex-0.6889, test_r2-0.3127
2026-03-20 14:53:02 - INFO - epoch-82, loss-0.3188, cindex-0.7877, test_loss-0.4834, test_cindex-0.6845, test_r2-0.2732
2026-03-20 14:54:27 - INFO - epoch-83, loss-0.3659, cindex-0.7849, test_loss-0.4172, test_cindex-0.6938, test_r2-0.2918
2026-03-20 14:55:51 - INFO - epoch-84, loss-0.3450, cindex-0.7834, test_loss-0.4217, test_cindex-0.6857, test_r2-0.2943
2026-03-20 14:57:16 - INFO - epoch-85, loss-0.3137, cindex-0.7864, test_loss-0.4094, test_cindex-0.6920, test_r2-0.3227
2026-03-20 14:58:40 - INFO - epoch-86, loss-0.3481, cindex-0.7878, test_loss-0.4673, test_cindex-0.6848, test_r2-0.2801
2026-03-20 15:00:04 - INFO - epoch-87, loss-0.3325, cindex-0.7854, test_loss-0.4179, test_cindex-0.6909, test_r2-0.3401
2026-03-20 15:01:29 - INFO - epoch-88, loss-0.3443, cindex-0.7840, test_loss-0.4586, test_cindex-0.6910, test_r2-0.2931
2026-03-20 15:02:53 - INFO - epoch-89, loss-0.3052, cindex-0.7921, test_loss-0.3946, test_cindex-0.7028, test_r2-0.3295
2026-03-20 15:04:18 - INFO - epoch-90, loss-0.3127, cindex-0.7962, test_loss-0.4479, test_cindex-0.6791, test_r2-0.2952
Epoch 00091: reducing learning rate of group 0 to 2.7000e-05.
2026-03-20 15:05:42 - INFO - epoch-91, loss-0.3296, cindex-0.7878, test_loss-0.4586, test_cindex-0.6666, test_r2-0.2861
2026-03-20 15:07:06 - INFO - epoch-92, loss-0.3314, cindex-0.7885, test_loss-0.3921, test_cindex-0.6935, test_r2-0.3329
2026-03-20 15:08:30 - INFO - epoch-93, loss-0.2908, cindex-0.7966, test_loss-0.3797, test_cindex-0.7106, test_r2-0.3655
2026-03-20 15:08:30 - INFO - ######test_loss:0.3797, test_cindex:0.7106, test_r2:0.3655######
2026-03-20 15:09:55 - INFO - epoch-94, loss-0.3044, cindex-0.7979, test_loss-0.3830, test_cindex-0.7075, test_r2-0.3555
2026-03-20 15:11:19 - INFO - epoch-95, loss-0.3107, cindex-0.7898, test_loss-0.3991, test_cindex-0.7011, test_r2-0.3296
2026-03-20 15:12:43 - INFO - epoch-96, loss-0.3720, cindex-0.7921, test_loss-0.4105, test_cindex-0.7052, test_r2-0.3440
2026-03-20 15:14:07 - INFO - epoch-97, loss-0.3324, cindex-0.7994, test_loss-0.4676, test_cindex-0.6917, test_r2-0.3384
2026-03-20 15:15:31 - INFO - epoch-98, loss-0.3056, cindex-0.7924, test_loss-0.3935, test_cindex-0.6979, test_r2-0.3472
2026-03-20 15:16:56 - INFO - epoch-99, loss-0.2921, cindex-0.7944, test_loss-0.4140, test_cindex-0.6943, test_r2-0.3515
2026-03-20 15:18:20 - INFO - epoch-100, loss-0.2995, cindex-0.7929, test_loss-0.4244, test_cindex-0.7008, test_r2-0.3439
2026-03-20 15:19:44 - INFO - epoch-101, loss-0.3057, cindex-0.7953, test_loss-0.3936, test_cindex-0.7073, test_r2-0.3271
2026-03-20 15:21:09 - INFO - epoch-102, loss-0.3314, cindex-0.7941, test_loss-0.4228, test_cindex-0.6920, test_r2-0.3255
2026-03-20 15:22:34 - INFO - epoch-103, loss-0.3329, cindex-0.7994, test_loss-0.4165, test_cindex-0.6978, test_r2-0.3384
2026-03-20 15:23:58 - INFO - epoch-104, loss-0.2908, cindex-0.7950, test_loss-0.4276, test_cindex-0.7124, test_r2-0.3383
2026-03-20 15:25:22 - INFO - epoch-105, loss-0.3016, cindex-0.8006, test_loss-0.4039, test_cindex-0.6813, test_r2-0.3324
2026-03-20 15:26:47 - INFO - epoch-106, loss-0.2909, cindex-0.8012, test_loss-0.5050, test_cindex-0.7043, test_r2-0.3511
2026-03-20 15:28:10 - INFO - epoch-107, loss-0.3011, cindex-0.7993, test_loss-0.3776, test_cindex-0.7023, test_r2-0.3690
2026-03-20 15:28:10 - INFO - ######test_loss:0.3776, test_cindex:0.7023, test_r2:0.3690######
2026-03-20 15:29:35 - INFO - epoch-108, loss-0.2749, cindex-0.7977, test_loss-0.4284, test_cindex-0.7099, test_r2-0.3276
2026-03-20 15:31:00 - INFO - epoch-109, loss-0.3185, cindex-0.7951, test_loss-0.3943, test_cindex-0.6892, test_r2-0.3377
2026-03-20 15:32:24 - INFO - epoch-110, loss-0.3059, cindex-0.7908, test_loss-0.4073, test_cindex-0.6799, test_r2-0.3221
2026-03-20 15:33:49 - INFO - epoch-111, loss-0.2962, cindex-0.7944, test_loss-0.4355, test_cindex-0.7017, test_r2-0.3531
2026-03-20 15:35:13 - INFO - epoch-112, loss-0.3327, cindex-0.8083, test_loss-0.3929, test_cindex-0.6919, test_r2-0.3418
2026-03-20 15:36:37 - INFO - epoch-113, loss-0.3099, cindex-0.7967, test_loss-0.4033, test_cindex-0.6947, test_r2-0.3441
2026-03-20 15:38:02 - INFO - epoch-114, loss-0.2903, cindex-0.7994, test_loss-0.4071, test_cindex-0.6781, test_r2-0.3200
2026-03-20 15:39:26 - INFO - epoch-115, loss-0.2867, cindex-0.7888, test_loss-0.3944, test_cindex-0.7038, test_r2-0.3617
2026-03-20 15:40:50 - INFO - epoch-116, loss-0.2930, cindex-0.8010, test_loss-0.3808, test_cindex-0.7089, test_r2-0.3616
2026-03-20 15:42:15 - INFO - epoch-117, loss-0.2921, cindex-0.8026, test_loss-0.4430, test_cindex-0.7119, test_r2-0.3576
2026-03-20 15:43:40 - INFO - epoch-118, loss-0.3000, cindex-0.8005, test_loss-0.4205, test_cindex-0.7048, test_r2-0.3494
2026-03-20 15:45:04 - INFO - epoch-119, loss-0.2778, cindex-0.8117, test_loss-0.4040, test_cindex-0.6924, test_r2-0.3155
2026-03-20 15:46:28 - INFO - epoch-120, loss-0.2859, cindex-0.8014, test_loss-0.3819, test_cindex-0.6997, test_r2-0.3556
2026-03-20 15:47:52 - INFO - epoch-121, loss-0.2623, cindex-0.8101, test_loss-0.3850, test_cindex-0.7081, test_r2-0.3362
2026-03-20 15:49:17 - INFO - epoch-122, loss-0.3085, cindex-0.8020, test_loss-0.4498, test_cindex-0.7130, test_r2-0.3454
2026-03-20 15:50:41 - INFO - epoch-123, loss-0.3239, cindex-0.7987, test_loss-0.4518, test_cindex-0.6941, test_r2-0.3416
2026-03-20 15:52:05 - INFO - epoch-124, loss-0.2787, cindex-0.8020, test_loss-0.3778, test_cindex-0.7145, test_r2-0.3649
2026-03-20 15:53:29 - INFO - epoch-125, loss-0.2678, cindex-0.8082, test_loss-0.3773, test_cindex-0.6990, test_r2-0.3684
2026-03-20 15:53:29 - INFO - ######test_loss:0.3773, test_cindex:0.6990, test_r2:0.3684######
2026-03-20 15:54:53 - INFO - epoch-126, loss-0.3051, cindex-0.8033, test_loss-0.4410, test_cindex-0.7032, test_r2-0.3306
2026-03-20 15:56:17 - INFO - epoch-127, loss-0.2928, cindex-0.8012, test_loss-0.4554, test_cindex-0.7062, test_r2-0.3394
2026-03-20 15:57:42 - INFO - epoch-128, loss-0.2782, cindex-0.8128, test_loss-0.5244, test_cindex-0.7046, test_r2-0.3422
2026-03-20 15:59:06 - INFO - epoch-129, loss-0.2732, cindex-0.8114, test_loss-0.4341, test_cindex-0.6987, test_r2-0.3800
2026-03-20 16:00:31 - INFO - epoch-130, loss-0.2718, cindex-0.8015, test_loss-0.3772, test_cindex-0.7069, test_r2-0.3556
2026-03-20 16:00:31 - INFO - ######test_loss:0.3772, test_cindex:0.7069, test_r2:0.3556######
