0.000000,0.084757,0.038476,0.047501,0.110509,0.139888,0.103237,0.206307,0.149763,0.108629,0.140656,0.233725,0.156628,0.058967,0.113018,0.144398,0.077305,0.140406,0.234054,0.230324,0.119874,0.081178,0.142961,0.152564,0.071783,0.069251,0.102549,0.067176,0.081749,0.274508,0.285222,0.058442,0.092739,0.091571,0.148218,0.077459,0.069590,0.086551,0.106283,0.085487,0.059382,0.071323,0.098559,0.047212,0.074142,0.085518,0.074394,0.115667,0.091848,0.121761,0.090981,0.091453,0.172947,0.078792,0.082330,0.290073,0.355149,0.069938,0.137856,0.089133,0.078533,0.093769,0.351332,0.358523,0.340567,0.068458,0.272577,0.151246,0.151795,0.139356,0.149345,0.084982,0.081739,0.071308,0.067346,0.085000,0.083216,0.372083,0.369635,0.190473,0.064743,0.063361,0.137803,0.065859,0.107462,0.113248,0.304379,0.041213,0.041059,0.029172,0.092593,0.075367,0.110005,0.101645,0.092813,0.123589,0.117910,0.099417,0.085409,0.044798,0.192429,0.109787,0.088187,0.099462,0.093985,0.136857,0.150134,0.128967,0.121319,0.099715,0.074682,0.268813,0.097477,0.327358,0.149463,0.120325,0.073121,0.137876,0.147107,0.112007,0.135650,0.123689,0.053015,0.157248,0.078713,0.046527,0.136464,0.095629,0.080431,0.129128,0.144733,0.274277,0.130863,0.077063,0.093316,0.256541,0.106882,0.054141,0.078169,0.298702,0.259228,0.097171,0.079696,0.076937,0.091157,0.100106,0.075640,0.157071,0.151478,0.153137,0.128419,0.190191,0.144475,0.127461,0.152270,0.150056,0.105173,0.107416,0.208728,0.224125,0.093422,0.088715,0.136889,0.052939,0.047874,0.118108,0.070493,0.269146,0.134831,0.086863,0.221586,0.226076,0.137705,0.160378,0.090433,0.081862,0.183575,0.049910,0.133462,0.152680,0.090002,0.127186,0.223776,0.143297,0.076760,0.101781,0.140406,0.227479,0.081844,0.143261,0.169376,0.078106,0.151648,0.064029,0.087271,0.151048,0.107624,0.165051,0.124450,0.109301,0.090610,0.078733,0.101179,0.154475,0.098748,0.161277,0.627288,0.156833,0.110533,0.115846,0.108440,0.090439,0.146445,0.157924,0.115546,0.047421,0.355917,0.158723,0.051141,0.053016,0.097456,0.051871,0.159656,0.392283,0.110499,0.056137,0.099656,0.099177
0.084757,0.000000,0.049346,0.052538,0.063525,0.081660,0.069619,0.077823,0.065121,0.064601,0.122429,0.086086,0.079981,0.043065,0.083362,0.079590,0.044512,0.057460,0.077368,0.075684,0.071121,0.045598,0.075270,0.095210,0.058312,0.040076,0.059459,0.040605,0.049638,0.060898,0.064129,0.045220,0.054334,0.059125,0.115194,0.050069,0.051484,0.059761,0.061868,0.047633,0.034644,0.044475,0.067992,0.028817,0.051697,0.067260,0.057468,0.069427,0.050209,0.085208,0.061203,0.056987,0.106378,0.046321,0.052754,0.066789,0.088823,0.049274,0.138686,0.049379,0.054054,0.049412,0.085284,0.092863,0.077000,0.055951,0.062299,0.129985,0.121863,0.071294,0.118482,0.048380,0.055046,0.036227,0.045031,0.069451,0.047894,0.088402,0.084831,0.070832,0.042789,0.050220,0.078662,0.046028,0.056928,0.076693,0.072957,0.042918,0.046115,0.031802,0.059385,0.051685,0.058150,0.066745,0.052869,0.084881,0.081172,0.103303,0.097135,0.044588,0.091598,0.088465,0.101050,0.080734,0.085860,0.095784,0.109693,0.106610,0.108125,0.055998,0.071868,0.107118,0.056026,0.087124,0.064414,0.065962,0.048479,0.083254,0.071876,0.052928,0.109325,0.081838,0.044624,0.071680,0.058148,0.049903,0.122262,0.074337,0.054693,0.115971,0.131579,0.064174,0.084977,0.039239,0.052870,0.060586,0.065019,0.041840,0.055132,0.069104,0.070114,0.057746,0.048695,0.047739,0.053765,0.064424,0.043897,0.072575,0.073886,0.077411,0.086283,0.073731,0.056154,0.078116,0.084363,0.092258,0.070669,0.053486,0.077378,0.115374,0.073674,0.052745,0.074287,0.052637,0.045512,0.064793,0.034971,0.104514,0.103946,0.055938,0.059761,0.058385,0.100728,0.100396,0.054309,0.044544,0.078579,0.041531,0.049881,0.063469,0.056545,0.077480,0.109749,0.077996,0.043757,0.076901,0.061324,0.081960,0.057755,0.067093,0.084842,0.044536,0.085212,0.083189,0.048889,0.084674,0.091271,0.077863,0.063574,0.066062,0.052649,0.067988,0.052257,0.074486,0.081654,0.082979,0.087939,0.077005,0.072851,0.084137,0.062082,0.058224,0.074369,0.081176,0.100440,0.055590,0.068600,0.072023,0.042189,0.040529,0.057796,0.031313,0.097587,0.084610,0.083345,0.042891,0.060004,0.074119
0.038476,0.049346,0.000000,0.043019,0.039067,0.039490,0.053618,0.039807,0.042362,0.057604,0.048037,0.047674,0.043463,0.034370,0.047479,0.046066,0.059534,0.048221,0.045084,0.045853,0.047370,0.045875,0.044007,0.043557,0.036767,0.046218,0.053417,0.045348,0.050090,0.053807,0.049198,0.043943,0.050343,0.040043,0.044424,0.054502,0.052609,0.045422,0.047218,0.049260,0.039866,0.047749,0.044195,0.037940,0.053426,0.040434,0.045577,0.043424,0.051954,0.032499,0.042435,0.051747,0.043726,0.049455,0.049210,0.053478,0.035693,0.046036,0.037351,0.049559,0.052622,0.055836,0.038311,0.033304,0.040492,0.050419,0.041703,0.038009,0.037849,0.038701,0.039901,0.047171,0.044719,0.041914,0.056224,0.050734,0.057052,0.042252,0.040166,0.044901,0.051087,0.047204,0.039499,0.051378,0.049255,0.043906,0.049039,0.374278,0.568054,0.053428,0.043280,0.039828,0.048068,0.047573,0.051826,0.038671,0.042993,0.039362,0.035422,0.274311,0.046543,0.040181,0.040172,0.037065,0.034304,0.032535,0.038661,0.034682,0.044795,0.047200,0.049272,0.045357,0.048673,0.042430,0.042294,0.039942,0.052444,0.042056,0.050350,0.044213,0.040773,0.040921,0.042170,0.044938,0.043058,0.037828,0.038952,0.036277,0.043180,0.039552,0.041137,0.052385,0.039566,0.048452,0.038109,0.053652,0.045786,0.055753,0.044026,0.046669,0.044926,0.050105,0.049189,0.036610,0.048227,0.051355,0.050173,0.044972,0.050204,0.049253,0.036985,0.046429,0.045705,0.044413,0.044353,0.043976,0.036509,0.051954,0.046556,0.042853,0.052257,0.053611,0.047618,0.040427,0.040513,0.050134,0.041087,0.044841,0.041286,0.048314,0.055925,0.055100,0.040434,0.037098,0.042992,0.047424,0.043719,0.042880,0.043271,0.042150,0.047594,0.041851,0.041448,0.052105,0.051319,0.047013,0.036897,0.040738,0.038728,0.038223,0.039010,0.046226,0.049460,0.043715,0.046284,0.042479,0.032324,0.036924,0.046441,0.044356,0.041605,0.041599,0.048409,0.044879,0.043586,0.040481,0.045513,0.035971,0.037664,0.041815,0.043408,0.044069,0.039798,0.045300,0.047302,0.094512,0.037662,0.045211,0.043417,0.043144,0.048743,0.042771,0.041245,0.042005,0.040198,0.040442,0.048704,0.036922
0.047501,0.052538,0.043019,0.000000,0.047772,0.054733,0.049612,0.044775,0.048516,0.049104,0.048973,0.052731,0.053575,0.043663,0.049382,0.063942,0.051524,0.050540,0.050976,0.056202,0.045226,0.047484,0.054757,0.054467,0.044450,0.046171,0.052050,0.036607,0.048839,0.043584,0.045307,0.042768,0.047488,0.048492,0.055097,0.053914,0.052218,0.051046,0.053333,0.042258,0.038853,0.035982,0.053336,0.034043,0.041265,0.050142,0.048085,0.047135,0.053741,0.046916,0.051704,0.048493,0.058942,0.041641,0.053088,0.048902,0.045085,0.043032,0.059724,0.053810,0.051740,0.054903,0.039877,0.046785,0.044752,0.046772,0.046258,0.037879,0.047843,0.048308,0.045604,0.044181,0.040761,0.038520,0.053334,0.055707,0.053838,0.051544,0.047809,0.045082,0.046666,0.036983,0.044114,0.049899,0.057105,0.054047,0.053775,0.046956,0.047070,0.032373,0.050078,0.047291,0.051907,0.061776,0.058287,0.054902,0.047177,0.045179,0.055736,0.041672,0.045088,0.056465,0.054925,0.052543,0.064556,0.041689,0.045601,0.046986,0.042795,0.046880,0.048663,0.057063,0.052309,0.047060,0.052588,0.047762,0.055137,0.039220,0.058969,0.051187,0.049520,0.053032,0.039520,0.043953,0.047053,0.038590,0.056663,0.044229,0.052105,0.060448,0.053700,0.059430,0.050542,0.052000,0.048278,0.061301,0.042752,0.042026,0.049753,0.051035,0.047356,0.047263,0.051490,0.042696,0.044692,0.054741,0.045731,0.043029,0.048428,0.050433,0.064031,0.052519,0.046461,0.046457,0.044128,0.047476,0.056088,0.047772,0.046105,0.049582,0.047757,0.042538,0.044819,0.043374,0.046377,0.044556,0.040057,0.056553,0.048119,0.052323,0.052638,0.054943,0.042603,0.056138,0.046425,0.047809,0.047192,0.036261,0.038448,0.051288,0.056624,0.041972,0.051301,0.050049,0.044629,0.053480,0.058419,0.040514,0.053717,0.051304,0.047424,0.044597,0.055547,0.059775,0.043218,0.049170,0.049700,0.051766,0.042647,0.048814,0.042387,0.038586,0.048733,0.050876,0.051771,0.054349,0.046648,0.048408,0.046937,0.052187,0.051159,0.053075,0.049606,0.046183,0.048201,0.055911,0.047918,0.046888,0.040383,0.046839,0.055712,0.032396,0.055718,0.050875,0.049913,0.047275,0.046592,0.047788
0.110509,0.063525,0.039067,0.047772,0.000000,0.118555,0.080974,0.160158,0.103100,0.073274,0.092155,0.138313,0.139752,0.038518,0.071840,0.146350,0.047702,0.087654,0.109216,0.112153,0.068914,0.093070,0.083059,0.100522,0.086978,0.054873,0.064890,0.053000,0.052029,0.087094,0.086302,0.044873,0.067765,0.066349,0.118520,0.052441,0.056865,0.065953,0.067125,0.052308,0.046772,0.047821,0.063055,0.043860,0.052036,0.070610,0.052419,0.090380,0.061832,0.099643,0.068781,0.060534,0.128789,0.056001,0.058533,0.097062,0.131088,0.054376,0.093710,0.061519,0.059670,0.057039,0.131452,0.132629,0.127926,0.052316,0.090743,0.122948,0.098313,0.138465,0.100891,0.054911,0.059605,0.044120,0.045017,0.053116,0.053655,0.113467,0.111935,0.085434,0.046130,0.048982,0.090220,0.057989,0.068199,0.081616,0.096848,0.052422,0.053586,0.035178,0.067822,0.079478,0.070878,0.063276,0.056537,0.082980,0.090299,0.078358,0.075959,0.049940,0.108252,0.089564,0.073054,0.076245,0.081217,0.090228,0.092293,0.108864,0.102208,0.059085,0.059161,0.112390,0.064895,0.128097,0.115308,0.116102,0.051232,0.083991,0.156159,0.070295,0.090320,0.090642,0.045042,0.132071,0.056659,0.041913,0.096210,0.078444,0.088055,0.113608,0.119660,0.091948,0.094556,0.050674,0.082167,0.096120,0.060052,0.045677,0.070895,0.100039,0.099187,0.057871,0.055842,0.077595,0.066196,0.090297,0.053689,0.126660,0.086370,0.089708,0.114075,0.089683,0.093747,0.137515,0.139756,0.139867,0.089402,0.083521,0.100456,0.138443,0.084487,0.063719,0.135221,0.038533,0.049995,0.069102,0.063171,0.113208,0.095339,0.056019,0.084310,0.084365,0.100097,0.123004,0.086457,0.055468,0.112745,0.046955,0.073871,0.141028,0.105354,0.102991,0.144199,0.103742,0.086628,0.090925,0.133094,0.165855,0.067383,0.134738,0.128348,0.055596,0.103847,0.057334,0.077865,0.112217,0.089057,0.127457,0.070598,0.129486,0.094987,0.077610,0.076533,0.167338,0.076403,0.108575,0.104717,0.112913,0.076790,0.077672,0.069649,0.080821,0.111572,0.115434,0.091764,0.051942,0.128077,0.112392,0.047720,0.054647,0.084513,0.042677,0.142948,0.115986,0.089625,0.039665,0.104881,0.082753
0.139888,0.081660,0.039490,0.054733,0.118555,0.000000,0.115846,0.154193,0.119420,0.119771,0.149139,0.140357,0.141005,0.053259,0.088761,0.156009,0.063313,0.083830,0.135688,0.127106,0.085149,0.080865,0.107068,0.155743,0.070160,0.063037,0.093044,0.059268,0.085207,0.111468,0.106953,0.062519,0.092679,0.098159,0.172783,0.073191,0.067918,0.087437,0.096392,0.074625,0.057563,0.053660,0.097984,0.047337,0.073027,0.095126,0.076695,0.116259,0.086552,0.133453,0.098103,0.088252,0.151195,0.062804,0.075265,0.108686,0.154827,0.065898,0.122322,0.086698,0.076827,0.084315,0.158298,0.163299,0.136799,0.066176,0.105120,0.164990,0.143605,0.162219,0.145570,0.070586,0.074424,0.072805,0.069350,0.079118,0.073605,0.120894,0.124287,0.094353,0.060993,0.058666,0.115912,0.065443,0.096591,0.114236,0.108998,0.045313,0.050518,0.028987,0.091237,0.068646,0.103493,0.086480,0.068582,0.121378,0.119996,0.112282,0.100378,0.046716,0.140616,0.120330,0.103619,0.101549,0.104407,0.123767,0.129403,0.144847,0.143689,0.101422,0.090155,0.145108,0.074023,0.158558,0.126827,0.105177,0.059666,0.120229,0.149257,0.086308,0.139909,0.123331,0.043784,0.178618,0.072444,0.048472,0.124005,0.093670,0.090205,0.141814,0.158600,0.105786,0.126225,0.059596,0.083408,0.107569,0.088201,0.054640,0.081499,0.114189,0.105936,0.069718,0.072365,0.083274,0.070338,0.104930,0.067818,0.186094,0.105735,0.108300,0.131968,0.120836,0.088046,0.145414,0.166976,0.166125,0.086071,0.104802,0.136967,0.186510,0.114320,0.082334,0.180739,0.054110,0.046375,0.087534,0.063301,0.142974,0.130078,0.080686,0.088334,0.086449,0.126349,0.152331,0.085564,0.082267,0.140208,0.043820,0.071839,0.166378,0.086340,0.136947,0.191666,0.126792,0.075484,0.102675,0.157831,0.174802,0.078472,0.151438,0.175132,0.076680,0.135648,0.080270,0.082000,0.129507,0.119068,0.177858,0.089248,0.146209,0.087990,0.064344,0.088494,0.137056,0.093912,0.135873,0.133737,0.126887,0.096396,0.089655,0.111243,0.100993,0.152008,0.161335,0.106698,0.050079,0.143540,0.140720,0.042937,0.044336,0.107053,0.062470,0.174996,0.131413,0.091726,0.064672,0.106821,0.094826
0.103237,0.069619,0.053618,0.049612,0.080974,0.115846,0.000000,0.099496,0.087529,0.500451,0.104841,0.107791,0.129044,0.046087,0.074066,0.107021,0.057039,0.079686,0.095882,0.097949,0.074596,0.084494,0.073067,0.105911,0.078092,0.054389,0.073965,0.048352,0.057185,0.077616,0.074195,0.051355,0.077772,0.082434,0.117375,0.070778,0.055332,0.083708,0.069400,0.060396,0.047397,0.046677,0.071620,0.042660,0.060192,0.080727,0.048813,0.072104,0.069205,0.116621,0.079952,0.069679,0.103494,0.058444,0.064890,0.075411,0.122803,0.054257,0.090860,0.068472,0.061417,0.065506,0.127757,0.114895,0.108821,0.057361,0.082528,0.113162,0.108421,0.108035,0.109134,0.060577,0.073173,0.069607,0.056456,0.070918,0.057681,0.105191,0.101117,0.097954,0.051759,0.059789,0.094033,0.056686,0.077337,0.075235,0.087818,0.047963,0.050996,0.039477,0.076888,0.075208,0.083344,0.066545,0.070110,0.088635,0.084711,0.083373,0.083440,0.055452,0.108816,0.095723,0.079502,0.076702,0.069422,0.086632,0.095362,0.111007,0.092488,0.070033,0.073893,0.102236,0.068538,0.117022,0.125523,0.105146,0.055239,0.084640,0.108963,0.068270,0.112304,0.087144,0.039343,0.112144,0.070635,0.040976,0.087830,0.069830,0.086848,0.105090,0.123992,0.073248,0.093923,0.049801,0.092627,0.078215,0.076574,0.048752,0.082509,0.086696,0.080164,0.066668,0.064730,0.065194,0.068316,0.088435,0.061872,0.119061,0.094287,0.096546,0.105169,0.079158,0.079710,0.089729,0.105437,0.110620,0.066177,0.070430,0.083223,0.123061,0.145054,0.075058,0.107284,0.035376,0.038564,0.077076,0.058995,0.102012,0.113149,0.055042,0.067163,0.067822,0.116682,0.110073,0.092166,0.052469,0.115965,0.047526,0.071389,0.096633,0.101661,0.090553,0.132018,0.104651,0.073145,0.086004,0.092922,0.115998,0.081800,0.097892,0.094632,0.051955,0.088467,0.059383,0.076017,0.073579,0.097851,0.094606,0.076379,0.100277,0.088895,0.071004,0.073276,0.091535,0.075434,0.082714,0.100378,0.098122,0.070607,0.088716,0.076034,0.090909,0.095691,0.103313,0.083559,0.055157,0.105718,0.106604,0.047192,0.041261,0.140147,0.054008,0.101461,0.102134,0.067455,0.036100,0.077254,0.067643
0.206307,0.077823,0.039807,0.044775,0.160158,0.154193,0.099496,0.000000,0.165722,0.103688,0.159192,0.198212,0.186795,0.051137,0.124670,0.163722,0.090305,0.105332,0.150945,0.145732,0.120186,0.084197,0.146840,0.173093,0.093914,0.077528,0.135930,0.071034,0.099800,0.154547,0.149374,0.069044,0.118062,0.100946,0.204384,0.109278,0.079219,0.104944,0.116340,0.088443,0.062430,0.070005,0.111149,0.048997,0.073565,0.096794,0.073165,0.169966,0.108157,0.143997,0.111415,0.119711,0.173794,0.074002,0.108383,0.158902,0.220735,0.072663,0.167512,0.114299,0.102376,0.113180,0.226209,0.228319,0.188034,0.080399,0.160883,0.213454,0.145404,0.168432,0.145339,0.072440,0.072484,0.096178,0.075825,0.098585,0.099790,0.189603,0.199734,0.118478,0.069081,0.072542,0.164558,0.074117,0.122365,0.156390,0.159773,0.039713,0.048498,0.027511,0.117447,0.087166,0.112821,0.121383,0.107878,0.131639,0.135179,0.117258,0.113739,0.042103,0.192452,0.130561,0.110539,0.121957,0.117437,0.140576,0.150960,0.163786,0.144408,0.116961,0.102836,0.164093,0.101702,0.220741,0.172011,0.109718,0.085970,0.162613,0.176471,0.128992,0.153965,0.125206,0.053383,0.170115,0.070976,0.039249,0.153119,0.117237,0.084657,0.166010,0.216742,0.164019,0.175760,0.082250,0.082666,0.165299,0.116277,0.065398,0.095877,0.152860,0.147816,0.116662,0.092603,0.080496,0.115299,0.106268,0.076960,0.172540,0.164422,0.163844,0.154440,0.151494,0.104086,0.144324,0.158949,0.172457,0.102126,0.125602,0.159329,0.209973,0.092578,0.089797,0.157034,0.054769,0.049885,0.122559,0.070415,0.155993,0.155317,0.099894,0.136184,0.137927,0.145610,0.184609,0.089063,0.100709,0.178287,0.058948,0.092501,0.159965,0.104591,0.184624,0.205640,0.156136,0.077697,0.096550,0.145656,0.556993,0.105842,0.163780,0.183886,0.097272,0.184739,0.077719,0.093629,0.174534,0.131023,0.178687,0.123394,0.138101,0.102078,0.080700,0.141778,0.166365,0.123191,0.185449,0.196472,0.186821,0.121187,0.121482,0.138401,0.104820,0.187699,0.188619,0.127531,0.052471,0.211397,0.175638,0.055436,0.060995,0.100409,0.064761,0.181948,0.192971,0.111980,0.058524,0.095982,0.115149
0.149763,0.065121,0.042362,0.048516,0.103100,0.119420,0.087529,0.165722,0.000000,0.088275,0.124985,0.136403,0.186935,0.039018,0.106237,0.139320,0.077433,0.071098,0.142704,0.140713,0.126019,0.064763,0.131520,0.173238,0.080149,0.061024,0.105621,0.057087,0.075875,0.123583,0.111424,0.058179,0.085237,0.082742,0.137683,0.091306,0.066222,0.087128,0.093340,0.075764,0.065392,0.060819,0.082508,0.045558,0.066733,0.087323,0.065714,0.128125,0.080947,0.117174,0.090000,0.105715,0.187389,0.068514,0.094017,0.116021,0.174000,0.080579,0.107816,0.084763,0.079263,0.080903,0.181470,0.174186,0.140877,0.071889,0.126814,0.133269,0.122955,0.128727,0.121481,0.078263,0.074883,0.067190,0.070471,0.093426,0.075969,0.145853,0.149509,0.105565,0.070986,0.066721,0.095177,0.066372,0.081313,0.087736,0.118623,0.040908,0.039433,0.034217,0.091611,0.075094,0.099219,0.096907,0.091585,0.121786,0.125219,0.074221,0.080561,0.046029,0.180545,0.104709,0.081310,0.109122,0.116012,0.115797,0.116652,0.113641,0.105662,0.081564,0.080272,0.173330,0.086464,0.179443,0.131776,0.083275,0.072059,0.103918,0.112842,0.105783,0.124114,0.117564,0.046267,0.146966,0.077297,0.037046,0.105135,0.076170,0.066858,0.130272,0.116305,0.126899,0.090571,0.059856,0.068010,0.112275,0.084751,0.063791,0.092455,0.109414,0.109733,0.073448,0.074411,0.059431,0.092820,0.079153,0.074859,0.145106,0.135713,0.139355,0.104612,0.121487,0.066318,0.166236,0.184350,0.185980,0.082340,0.096997,0.122620,0.252735,0.073423,0.082653,0.130928,0.051714,0.043366,0.126556,0.066996,0.167781,0.129095,0.070605,0.104137,0.108858,0.125446,0.215218,0.075452,0.077203,0.194912,0.047077,0.058259,0.129025,0.067933,0.124445,0.249843,0.166613,0.058314,0.077958,0.119678,0.168857,0.078407,0.129461,0.155359,0.083329,0.142821,0.068333,0.074518,0.170966,0.100399,0.152908,0.130101,0.113451,0.068053,0.080554,0.094728,0.127368,0.107187,0.181138,0.143143,0.148275,0.079073,0.102879,0.086114,0.059015,0.126558,0.115664,0.110494,0.059451,0.142168,0.178063,0.046424,0.058134,0.072792,0.054669,0.196693,0.143703,0.085247,0.045532,0.078499,0.075960
0.108629,0.064601,0.057604,0.049104,0.073274,0.119771,0.500451,0.103688,0.088275,0.000000,0.102237,0.108440,0.125101,0.044455,0.085947,0.104567,0.060164,0.076137,0.099844,0.095379,0.071436,0.070983,0.086170,0.105733,0.070002,0.052132,0.075961,0.053874,0.064380,0.077011,0.073759,0.051989,0.078074,0.083573,0.123252,0.067042,0.056069,0.081236,0.072072,0.060225,0.052763,0.044812,0.076865,0.044062,0.063966,0.083624,0.055890,0.074650,0.076468,0.109445,0.080497,0.064925,0.103492,0.062682,0.068626,0.079211,0.128963,0.056868,0.087153,0.069401,0.065581,0.068536,0.127381,0.125999,0.100239,0.056146,0.072158,0.107106,0.109403,0.106141,0.115000,0.064890,0.065091,0.072331,0.056364,0.074405,0.061137,0.102749,0.104360,0.103011,0.056584,0.058683,0.096998,0.055959,0.078664,0.085378,0.087170,0.047240,0.055280,0.041100,0.082485,0.069228,0.077752,0.076656,0.066299,0.101521,0.104675,0.076697,0.078671,0.050093,0.096935,0.096593,0.081281,0.082352,0.074756,0.091924,0.096667,0.092230,0.096386,0.080073,0.065601,0.100518,0.068699,0.119470,0.116277,0.105364,0.055856,0.076591,0.102814,0.076383,0.120885,0.104194,0.049792,0.107705,0.068149,0.044759,0.081052,0.071166,0.077806,0.103982,0.113402,0.076109,0.098285,0.053295,0.083149,0.085254,0.068742,0.048152,0.081820,0.084271,0.077464,0.062275,0.061891,0.061238,0.066085,0.082356,0.067122,0.110427,0.092177,0.098486,0.104464,0.086212,0.075131,0.084402,0.104924,0.105218,0.060055,0.079683,0.081008,0.123962,0.133757,0.078093,0.109195,0.036921,0.044730,0.074496,0.058929,0.102811,0.111007,0.068673,0.068676,0.070798,0.120597,0.101483,0.082712,0.068381,0.112144,0.047711,0.066453,0.101917,0.094499,0.083417,0.127184,0.111348,0.071426,0.087535,0.088154,0.115569,0.078766,0.094794,0.100197,0.056261,0.089928,0.058653,0.085601,0.073106,0.097629,0.097955,0.073656,0.097903,0.086776,0.077220,0.083896,0.093280,0.079617,0.079654,0.099345,0.118506,0.073389,0.089539,0.077996,0.089917,0.103268,0.102227,0.084001,0.056334,0.103663,0.102553,0.045891,0.049058,0.141507,0.055353,0.096508,0.095348,0.064712,0.043619,0.087446,0.075963
0.140656,0.122429,0.048037,0.048973,0.092155,0.149139,0.104841,0.159192,0.124985,0.102237,0.000000,0.134190,0.148247,0.054667,0.164553,0.115779,0.079752,0.074450,0.117012,0.110946,0.108419,0.078225,0.141481,0.164173,0.090426,0.077703,0.105804,0.071820,0.079356,0.091447,0.093378,0.058906,0.112734,0.104498,0.290141,0.085655,0.078341,0.116261,0.116196,0.077243,0.060628,0.063359,0.110311,0.048226,0.077741,0.113106,0.081462,0.122818,0.104884,0.245923,0.114858,0.098275,0.164809,0.074720,0.088901,0.099473,0.170493,0.073220,0.240741,0.104932,0.097289,0.104426,0.163234,0.158649,0.148165,0.083111,0.099431,0.320420,0.412552,0.104985,0.414368,0.092894,0.087545,0.073924,0.067475,0.093097,0.078584,0.139847,0.138956,0.121811,0.071731,0.078040,0.114839,0.085506,0.109562,0.124715,0.107755,0.041904,0.038709,0.027542,0.109559,0.080562,0.110021,0.083103,0.084792,0.424858,0.427333,0.125652,0.116159,0.037237,0.133888,0.200642,0.118173,0.171520,0.166374,0.207092,0.238546,0.255858,0.238222,0.116305,0.065134,0.132319,0.089426,0.141019,0.143876,0.108662,0.075767,0.153091,0.133530,0.093245,0.659072,0.404160,0.055223,0.129285,0.092125,0.045841,0.216272,0.093686,0.090615,0.273425,0.284393,0.093726,0.116899,0.067462,0.094359,0.118205,0.095712,0.073440,0.068169,0.106681,0.122835,0.084952,0.077463,0.065719,0.089060,0.101541,0.072141,0.131081,0.138928,0.145366,0.150328,0.102669,0.074803,0.120105,0.135399,0.140930,0.125672,0.115077,0.108531,0.190541,0.100945,0.075283,0.120129,0.046772,0.048125,0.104619,0.075467,0.131968,0.613482,0.082233,0.086629,0.091069,0.625970,0.133816,0.100170,0.085444,0.144952,0.054168,0.055109,0.101753,0.100372,0.132598,0.183009,0.143589,0.080916,0.143501,0.116832,0.178549,0.109709,0.102117,0.174522,0.067138,0.131665,0.084458,0.085870,0.143801,0.203655,0.152630,0.109157,0.097786,0.100056,0.107121,0.102062,0.130696,0.164055,0.139872,0.142792,0.143760,0.098655,0.166895,0.101598,0.096517,0.116069,0.139355,0.271997,0.040693,0.142799,0.144682,0.054227,0.049060,0.099939,0.046835,0.144435,0.136514,0.142683,0.042425,0.104227,0.095950
0.233725,0.086086,0.047674,0.052731,0.138313,0.140357,0.107791,0.198212,0.136403,0.108440,0.134190,0.000000,0.150693,0.047498,0.093517,0.149113,0.063469,0.120397,0.168510,0.154426,0.095944,0.071593,0.123232,0.146900,0.079085,0.081604,0.095914,0.067456,0.068228,0.156242,0.161153,0.049798,0.084031,0.077150,0.139649,0.070199,0.067006,0.081098,0.093562,0.079878,0.051621,0.051710,0.087332,0.039625,0.059278,0.075354,0.057954,0.120598,0.082131,0.120544,0.083125,0.088106,0.156695,0.066063,0.068356,0.168527,0.249539,0.063544,0.142235,0.079975,0.074681,0.076877,0.246492,0.253724,0.209326,0.053545,0.161431,0.136756,0.138528,0.144189,0.136503,0.070273,0.062657,0.057566,0.056147,0.067328,0.076970,0.204951,0.209385,0.168600,0.062075,0.060335,0.117928,0.068149,0.096104,0.099250,0.175681,0.051748,0.043392,0.031911,0.099907,0.082175,0.088188,0.091080,0.079605,0.126593,0.125074,0.107063,0.096039,0.046924,0.146958,0.114195,0.099500,0.094748,0.095446,0.145530,0.149603,0.126223,0.118409,0.080431,0.082687,0.179450,0.079033,0.254196,0.142676,0.109074,0.071430,0.111858,0.158102,0.104441,0.151035,0.121694,0.045398,0.138079,0.069182,0.037848,0.133499,0.113741,0.075383,0.140803,0.131041,0.162041,0.128526,0.061964,0.083992,0.180166,0.092567,0.054322,0.081509,0.170527,0.164158,0.083818,0.086520,0.073046,0.072877,0.088495,0.075660,0.144034,0.126225,0.137821,0.133969,0.139550,0.117504,0.121166,0.139170,0.155062,0.091834,0.091365,0.156813,0.190237,0.090918,0.075276,0.144356,0.049826,0.046484,0.100083,0.074391,0.175336,0.130080,0.069245,0.136000,0.127240,0.127509,0.158728,0.078514,0.072829,0.149279,0.041023,0.106609,0.135734,0.091606,0.135313,0.187836,0.122826,0.080710,0.104528,0.127071,0.211884,0.076123,0.135414,0.154771,0.075340,0.143087,0.074696,0.086259,0.152519,0.118770,0.144978,0.108962,0.122645,0.081611,0.085908,0.097091,0.148697,0.094257,0.167645,0.224946,0.161055,0.112559,0.100145,0.099477,0.091343,0.136831,0.138091,0.116697,0.061450,0.203682,0.148471,0.069227,0.048866,0.092233,0.043071,0.159726,0.202190,0.105385,0.048063,0.086369,0.112890
0.156628,0.079981,0.043463,0.053575,0.139752,0.141005,0.129044,0.186795,0.186935,0.125101,0.148247,0.150693,0.000000,0.048759,0.101373,0.182137,0.077567,0.097238,0.158803,0.163119,0.128575,0.105850,0.124014,0.179633,0.080728,0.064977,0.093377,0.055432,0.064209,0.117137,0.124981,0.060533,0.106998,0.093887,0.195142,0.094982,0.067888,0.096520,0.103411,0.066595,0.055750,0.051056,0.105678,0.046616,0.061704,0.088493,0.064782,0.136072,0.079640,0.147696,0.090851,0.089722,0.230663,0.062752,0.096774,0.122310,0.172234,0.066751,0.133963,0.072802,0.070754,0.076260,0.165390,0.171608,0.154637,0.076292,0.115968,0.168166,0.147578,0.163075,0.148814,0.068546,0.074110,0.070013,0.066920,0.095253,0.067288,0.160136,0.168256,0.146509,0.064047,0.065882,0.122620,0.064640,0.081890,0.114027,0.121570,0.038959,0.047854,0.030958,0.092937,0.080727,0.107894,0.093779,0.084341,0.126109,0.139073,0.104012,0.107828,0.035452,0.197881,0.143556,0.110360,0.124647,0.116126,0.101946,0.124219,0.175036,0.143918,0.099235,0.068769,0.163653,0.090705,0.175953,0.168911,0.113890,0.063053,0.124864,0.155741,0.091588,0.155407,0.134043,0.043296,0.177175,0.080708,0.051289,0.146393,0.086106,0.087526,0.160684,0.157094,0.104275,0.122647,0.068253,0.087277,0.117642,0.080050,0.048803,0.092668,0.120701,0.118514,0.088668,0.078956,0.071484,0.090861,0.104327,0.067239,0.184682,0.129280,0.126054,0.150183,0.124148,0.094211,0.187586,0.217714,0.238172,0.083323,0.102259,0.130676,0.261669,0.128108,0.072788,0.168680,0.042845,0.053813,0.129094,0.062993,0.161689,0.154667,0.068375,0.099832,0.103665,0.161616,0.269618,0.101774,0.069760,0.198398,0.054981,0.092352,0.160695,0.101179,0.155814,0.272291,0.198498,0.098356,0.114131,0.161794,0.193907,0.101015,0.161061,0.172535,0.090832,0.151944,0.081189,0.087533,0.188110,0.141021,0.165374,0.133683,0.155627,0.108709,0.081468,0.103242,0.148832,0.125510,0.192667,0.148483,0.154689,0.095646,0.144464,0.096488,0.097053,0.145151,0.146533,0.117604,0.060820,0.162163,0.330635,0.051867,0.042451,0.112217,0.044622,0.238577,0.173456,0.097734,0.042545,0.105291,0.080602
0.058967,0.043065,0.034370,0.043663,0.038518,0.053259,0.046087,0.051137,0.039018,0.044455,0.054667,0.047498,0.048759,0.000000,0.061082,0.047705,0.031279,0.035028,0.042117,0.044466,0.038201,0.044911,0.047651,0.050776,0.038735,0.033474,0.055191,0.028150,0.040831,0.043032,0.044050,0.031071,0.054380,0.043212,0.063420,0.049019,0.036871,0.049051,0.046589,0.037725,0.028184,0.036195,0.054842,0.027270,0.033967,0.043227,0.038279,0.061602,0.050076,0.052417,0.049651,0.044227,0.050864,0.035174,0.045689,0.052599,0.052430,0.032441,0.048824,0.039745,0.046455,0.041865,0.049438,0.051566,0.053190,0.035853,0.038340,0.053868,0.057336,0.038522,0.052236,0.041091,0.043772,0.042892,0.031479,0.048590,0.042820,0.046230,0.049299,0.043744,0.034520,0.033757,0.051029,0.036516,0.048077,0.046484,0.044086,0.038302,0.037155,0.027672,0.047896,0.041274,0.046029,0.053072,0.054090,0.044231,0.049922,0.049650,0.050432,0.037346,0.043287,0.055746,0.054718,0.043766,0.043382,0.052548,0.069194,0.049126,0.046485,0.055330,0.039644,0.040560,0.042281,0.059224,0.045155,0.041434,0.043500,0.052341,0.055888,0.049562,0.054005,0.045133,0.050728,0.049803,0.042000,0.065498,0.057621,0.054885,0.040920,0.055537,0.043854,0.043997,0.053009,0.039595,0.048426,0.043805,0.035713,0.039084,0.048436,0.054503,0.037361,0.043451,0.043499,0.042907,0.044236,0.040060,0.041347,0.045040,0.055834,0.062594,0.047392,0.045846,0.036864,0.044583,0.052141,0.057751,0.041785,0.053648,0.043635,0.061913,0.044424,0.035228,0.046156,0.043894,0.070154,0.043656,0.030469,0.045626,0.065567,0.040753,0.036748,0.041453,0.059997,0.065822,0.039349,0.037568,0.050705,0.028026,0.028644,0.044077,0.037557,0.061051,0.048762,0.052744,0.034398,0.046899,0.041364,0.064628,0.049032,0.047886,0.044797,0.037930,0.046093,0.045761,0.030046,0.057823,0.050465,0.052249,0.047569,0.037526,0.035673,0.032286,0.051573,0.043029,0.040123,0.050022,0.052519,0.051273,0.049015,0.044847,0.054836,0.050419,0.061932,0.057578,0.056152,0.045772,0.054114,0.055600,0.058183,0.058242,0.044589,0.029975,0.055009,0.047618,0.049239,0.705824,0.048211,0.060153
0.113018,0.083362,0.047479,0.049382,0.071840,0.088761,0.074066,0.124670,0.106237,0.085947,0.164553,0.093517,0.101373,0.061082,0.000000,0.104734,0.071283,0.070151,0.095088,0.088999,0.093314,0.057773,0.113727,0.115645,0.071119,0.062907,0.090373,0.056926,0.072153,0.104615,0.098719,0.054776,0.075103,0.080456,0.177100,0.080143,0.067218,0.084393,0.087917,0.067387,0.057490,0.054730,0.081662,0.042516,0.064669,0.084519,0.065084,0.106206,0.073617,0.182662,0.082333,0.081686,0.113990,0.061264,0.074305,0.107413,0.104864,0.058599,0.147943,0.067698,0.066862,0.074337,0.107404,0.113549,0.108832,0.067825,0.080401,0.188729,0.172181,0.083641,0.165950,0.068631,0.074791,0.067523,0.059329,0.068667,0.079149,0.105535,0.104011,0.096192,0.056011,0.061833,0.109152,0.061760,0.086897,0.095686,0.092247,0.045035,0.044442,0.029563,0.089749,0.064405,0.087151,0.086383,0.078046,0.147666,0.145577,0.085869,0.077276,0.042966,0.115116,0.139271,0.079920,0.216258,0.196170,0.151169,0.162922,0.189079,0.160369,0.084489,0.070259,0.098140,0.071041,0.103744,0.091863,0.080970,0.058542,0.109655,0.086756,0.092718,0.179308,0.144581,0.053235,0.102584,0.066511,0.042523,0.154671,0.081752,0.065525,0.179877,0.174436,0.082720,0.106900,0.070169,0.063141,0.098523,0.087233,0.055490,0.065305,0.098610,0.102572,0.083174,0.064995,0.054411,0.070450,0.076196,0.066413,0.101777,0.128158,0.128617,0.099165,0.089572,0.060507,0.093373,0.109514,0.113228,0.232791,0.096248,0.097964,0.132057,0.064187,0.071075,0.081344,0.039508,0.060358,0.094202,0.059412,0.097409,0.192472,0.070281,0.083734,0.076373,0.179731,0.119076,0.065066,0.071260,0.123619,0.041193,0.052060,0.087334,0.068617,0.107603,0.125454,0.093493,0.058513,0.168132,0.090071,0.126517,0.070990,0.092268,0.101798,0.059865,0.106853,0.133583,0.071407,0.100346,0.141511,0.100256,0.099073,0.075523,0.073435,0.137706,0.089535,0.092771,0.217184,0.114198,0.107541,0.120398,0.084956,0.395531,0.090022,0.068272,0.113213,0.126318,0.137781,0.044656,0.109775,0.109606,0.054321,0.066325,0.063796,0.052825,0.116595,0.110834,0.250271,0.048741,0.063718,0.078738
0.144398,0.079590,0.046066,0.063942,0.146350,0.156009,0.107021,0.163722,0.139320,0.104567,0.115779,0.149113,0.182137,0.047705,0.104734,0.000000,0.064689,0.091854,0.137055,0.130405,0.098141,0.091431,0.115421,0.158711,0.105471,0.069005,0.084330,0.070755,0.071428,0.120746,0.116808,0.052757,0.090670,0.092510,0.143690,0.066837,0.063615,0.090755,0.094559,0.077450,0.056204,0.048747,0.093593,0.048133,0.060947,0.090580,0.053963,0.159465,0.086691,0.116584,0.094886,0.073462,0.181206,0.059026,0.077846,0.120634,0.163919,0.059059,0.111220,0.079180,0.080362,0.081469,0.160473,0.161279,0.144011,0.056235,0.130079,0.138564,0.124745,0.232022,0.122349,0.074667,0.070317,0.059916,0.062363,0.077776,0.071818,0.163978,0.163582,0.115187,0.058085,0.066709,0.109445,0.055024,0.092953,0.085297,0.127048,0.047506,0.040234,0.033343,0.091970,0.099537,0.098256,0.083848,0.082413,0.121221,0.138636,0.095501,0.096794,0.044976,0.156399,0.116436,0.094984,0.098737,0.089136,0.103990,0.109230,0.123236,0.110362,0.095958,0.090092,0.137116,0.085099,0.172161,0.162253,0.124493,0.060444,0.101824,0.154491,0.098195,0.120246,0.125151,0.049930,0.224762,0.076821,0.044976,0.124987,0.074532,0.100690,0.112864,0.136467,0.129950,0.106899,0.063547,0.108234,0.117696,0.085323,0.048541,0.093965,0.124122,0.115037,0.086723,0.069897,0.104443,0.084498,0.112175,0.059446,0.234400,0.109114,0.117992,0.133691,0.111068,0.090606,0.168953,0.171827,0.163720,0.101185,0.107920,0.114116,0.187631,0.118314,0.089944,0.196477,0.051328,0.050573,0.100344,0.074493,0.141007,0.124511,0.082284,0.104208,0.108789,0.120780,0.175885,0.115555,0.082360,0.173024,0.049656,0.082035,0.220582,0.083824,0.163357,0.187484,0.145952,0.092361,0.116324,0.196363,0.186223,0.076763,0.222383,0.200238,0.091088,0.156958,0.056004,0.073850,0.126378,0.112461,0.204908,0.106629,0.180843,0.091844,0.092887,0.101284,0.169249,0.092838,0.134212,0.148816,0.148351,0.069458,0.111446,0.091556,0.101513,0.161328,0.123587,0.118348,0.054674,0.164653,0.160982,0.045854,0.052874,0.098066,0.057897,0.169174,0.167521,0.114546,0.053626,0.105576,0.072744
0.077305,0.044512,0.059534,0.051524,0.047702,0.063313,0.057039,0.090305,0.077433,0.060164,0.079752,0.063469,0.077567,0.031279,0.071283,0.064689,0.000000,0.045473,0.085972,0.087043,0.066409,0.051602,0.071464,0.067276,0.093220,0.104552,0.090861,0.101563,0.120308,0.070477,0.073678,0.095530,0.121215,0.115469,0.098479,0.118664,0.104357,0.110145,0.137407,0.106547,0.095220,0.105961,0.134315,0.075284,0.092374,0.110235,0.101573,0.052051,0.120962,0.088100,0.111056,0.092150,0.062341,0.097631,0.112679,0.078127,0.075983,0.097041,0.062601,0.122558,0.114702,0.119865,0.076645,0.079434,0.068296,0.419092,0.074205,0.097089,0.075194,0.063765,0.077917,0.109194,0.104024,0.088298,0.354331,0.061189,0.100445,0.074748,0.075249,0.063020,0.085316,0.093798,0.087816,0.101612,0.142333,0.065039,0.068782,0.050875,0.053250,0.039299,0.127622,0.088954,0.143768,0.130505,0.136122,0.062007,0.068641,0.056104,0.051789,0.050106,0.064593,0.062873,0.050795,0.058904,0.054488,0.070206,0.078795,0.078828,0.078835,0.120301,0.069188,0.095998,0.108793,0.073674,0.081666,0.060424,0.485046,0.083807,0.061325,0.097276,0.083171,0.065912,0.042986,0.062488,0.099515,0.035452,0.063421,0.051187,0.067713,0.091536,0.084772,0.073866,0.087145,0.112464,0.066797,0.084607,0.076834,0.098739,0.100815,0.067591,0.075467,0.118553,0.093382,0.098345,0.114305,0.051079,0.102729,0.063113,0.083380,0.086042,0.080148,0.071780,0.048335,0.048349,0.057698,0.060210,0.055293,0.115645,0.075234,0.075816,0.057693,0.109285,0.058678,0.033895,0.039438,0.071571,0.101248,0.093881,0.073856,0.120148,0.080820,0.086595,0.082799,0.061813,0.073612,0.124933,0.067382,0.058674,0.044493,0.066041,0.060245,0.052907,0.074725,0.058383,0.051087,0.056858,0.054681,0.086314,0.078578,0.061532,0.068512,0.061648,0.072970,0.053106,0.070643,0.051738,0.061408,0.064154,0.067016,0.050097,0.050686,0.045267,0.123654,0.059774,0.058369,0.064799,0.074247,0.096415,0.050365,0.065321,0.099144,0.074011,0.057759,0.094011,0.061079,0.049823,0.070251,0.078750,0.035399,0.045084,0.056622,0.082588,0.058815,0.080885,0.060557,0.034997,0.054397,0.050244
0.140406,0.057460,0.048221,0.050540,0.087654,0.083830,0.079686,0.105332,0.071098,0.076137,0.074450,0.120397,0.097238,0.035028,0.070151,0.091854,0.045473,0.000000,0.114184,0.116224,0.065832,0.089178,0.076039,0.088646,0.053102,0.040271,0.051577,0.039683,0.039363,0.101466,0.113580,0.041096,0.049640,0.056515,0.089547,0.051859,0.039767,0.051671,0.062904,0.042327,0.042613,0.040131,0.048996,0.037583,0.039682,0.053817,0.040342,0.076551,0.039725,0.061261,0.055508,0.046609,0.092601,0.043394,0.061560,0.108637,0.166388,0.047547,0.075185,0.042738,0.043726,0.041440,0.166251,0.173658,0.127357,0.050200,0.113544,0.081793,0.074190,0.099384,0.070842,0.038331,0.042070,0.030146,0.039726,0.063072,0.040869,0.124741,0.130550,0.105371,0.045311,0.050623,0.085382,0.038680,0.059278,0.064543,0.128458,0.046628,0.045772,0.040494,0.056072,0.050669,0.058824,0.046793,0.043322,0.072178,0.067402,0.057716,0.059517,0.057814,0.098153,0.061282,0.056484,0.060353,0.063411,0.070313,0.072800,0.077331,0.061169,0.048978,0.045119,0.125643,0.048458,0.170640,0.098724,0.091745,0.040410,0.081899,0.089902,0.062733,0.078973,0.069030,0.030751,0.089441,0.041902,0.032216,0.075160,0.071045,0.070252,0.074529,0.079178,0.117136,0.089517,0.040542,0.056993,0.115616,0.050511,0.032509,0.050104,0.125372,0.104044,0.048369,0.041306,0.039045,0.047624,0.067303,0.042540,0.096360,0.073126,0.078723,0.097040,0.099109,0.662586,0.070601,0.083023,0.079532,0.053359,0.054004,0.116190,0.101966,0.072187,0.052096,0.097979,0.029675,0.040375,0.068398,0.043066,0.127887,0.073932,0.037914,0.096981,0.090030,0.071465,0.086920,0.062140,0.043659,0.099099,0.046654,0.198070,0.092537,0.101822,0.083439,0.098688,0.097895,0.073269,0.060821,0.080258,0.115204,0.046351,0.079457,0.085916,0.042294,0.092653,0.052276,0.065001,0.087686,0.064473,0.089866,0.071057,0.087683,0.115680,0.054849,0.048297,0.071533,0.058138,0.083846,0.131343,0.095479,0.068631,0.068296,0.061072,0.070530,0.087647,0.091834,0.060477,0.041403,0.132216,0.092689,0.026868,0.036922,0.079856,0.033377,0.086774,0.129784,0.053086,0.036471,0.070740,0.072962
0.234054,0.077368,0.045084,0.050976,0.109216,0.135688,0.095882,0.150945,0.142704,0.099844,0.117012,0.168510,0.158803,0.042117,0.095088,0.137055,0.085972,0.114184,0.000000,0.646131,0.114331,0.083484,0.096606,0.149157,0.070147,0.062332,0.085625,0.057881,0.071816,0.163712,0.184634,0.060989,0.081860,0.081399,0.116623,0.080070,0.062144,0.074138,0.089961,0.059602,0.055719,0.048207,0.085573,0.042747,0.061334,0.089789,0.055379,0.100613,0.077501,0.096456,0.074065,0.085571,0.172523,0.062837,0.084918,0.185486,0.234002,0.065892,0.104937,0.076078,0.081199,0.071129,0.218231,0.235446,0.289261,0.073252,0.177558,0.119123,0.105455,0.131124,0.112967,0.071551,0.073644,0.062662,0.076932,0.076639,0.068108,0.227601,0.240862,0.152617,0.055963,0.059030,0.106852,0.062885,0.075263,0.088201,0.203034,0.051330,0.045333,0.035528,0.076246,0.065635,0.086075,0.086037,0.088105,0.121599,0.129940,0.072860,0.077300,0.046569,0.179360,0.097708,0.077496,0.100921,0.102732,0.101337,0.101164,0.106535,0.098428,0.076943,0.072346,0.386955,0.077702,0.227277,0.113351,0.096931,0.092271,0.104323,0.126436,0.095563,0.109655,0.119937,0.037518,0.129818,0.068549,0.037894,0.101339,0.089401,0.085116,0.110425,0.109068,0.176487,0.106054,0.064444,0.082990,0.167994,0.072209,0.050185,0.073529,0.199166,0.170282,0.085355,0.067976,0.062452,0.079158,0.091585,0.074948,0.133164,0.090687,0.097431,0.112801,0.139239,0.117184,0.138115,0.151060,0.159652,0.078741,0.097309,0.144827,0.182432,0.095090,0.067285,0.126451,0.041541,0.048594,0.120062,0.058250,0.391748,0.113409,0.079754,0.151335,0.143254,0.113228,0.166280,0.090260,0.080690,0.180899,0.048430,0.114442,0.123481,0.079579,0.106479,0.187197,0.181970,0.074305,0.078680,0.127342,0.154487,0.064607,0.117521,0.142110,0.076639,0.124518,0.083705,0.083114,0.166692,0.095192,0.139459,0.113201,0.117078,0.083474,0.076571,0.095791,0.115254,0.098246,0.171637,0.233136,0.126171,0.079468,0.101177,0.078482,0.086242,0.107741,0.110345,0.096650,0.057789,0.294567,0.154753,0.044274,0.046590,0.094599,0.054878,0.164992,0.238231,0.089663,0.040192,0.095129,0.074630
0.230324,0.075684,0.045853,0.056202,0.112153,0.127106,0.097949,0.145732,0.140713,0.095379,0.110946,0.154426,0.163119,0.044466,0.088999,0.130405,0.087043,0.116224,0.646131,0.000000,0.110850,0.083912,0.107458,0.136282,0.074539,0.059670,0.086455,0.059174,0.071270,0.174733,0.179967,0.063446,0.081896,0.080991,0.118340,0.080011,0.053979,0.082367,0.083351,0.069667,0.062651,0.045321,0.080657,0.043540,0.063453,0.089601,0.057753,0.098543,0.070619,0.118923,0.080385,0.084580,0.167404,0.065655,0.088344,0.187663,0.241011,0.060785,0.101482,0.070368,0.079172,0.069722,0.226311,0.240323,0.280169,0.076516,0.184189,0.132429,0.103414,0.125442,0.102198,0.074219,0.069270,0.071024,0.069367,0.083890,0.073886,0.225394,0.229914,0.148623,0.061052,0.064292,0.101000,0.064236,0.082974,0.077555,0.198492,0.045260,0.041502,0.036003,0.085218,0.069487,0.085799,0.083667,0.091296,0.113987,0.118603,0.076477,0.080448,0.045818,0.186025,0.099384,0.083409,0.089683,0.082715,0.103548,0.113441,0.102468,0.110906,0.077854,0.074409,0.385482,0.083688,0.231301,0.115905,0.102259,0.088819,0.107635,0.124615,0.097254,0.102672,0.114928,0.039535,0.127437,0.078989,0.033579,0.105394,0.074471,0.090676,0.117729,0.109125,0.169179,0.097962,0.065544,0.097917,0.161720,0.072704,0.057646,0.072275,0.192905,0.167136,0.087018,0.072380,0.078500,0.083213,0.095976,0.071523,0.136194,0.098639,0.103837,0.110650,0.145307,0.111561,0.134990,0.142172,0.151969,0.081149,0.094622,0.152290,0.175978,0.096668,0.069622,0.126776,0.043639,0.053627,0.114841,0.061504,0.386051,0.108000,0.067320,0.148513,0.143015,0.103084,0.168255,0.109273,0.064526,0.200158,0.045298,0.113047,0.128133,0.074309,0.107018,0.179996,0.167912,0.084219,0.091108,0.130572,0.150772,0.066523,0.125558,0.128785,0.078400,0.115724,0.069479,0.079685,0.176403,0.100500,0.128872,0.113093,0.110559,0.075505,0.067915,0.088804,0.111109,0.080751,0.181217,0.222740,0.110980,0.074417,0.088490,0.084717,0.082472,0.115249,0.112488,0.098869,0.049925,0.283808,0.167358,0.048525,0.049494,0.088529,0.059626,0.155678,0.231655,0.099960,0.043478,0.084444,0.077772
0.119874,0.071121,0.047370,0.045226,0.068914,0.085149,0.074596,0.120186,0.126019,0.071436,0.108419,0.095944,0.128575,0.038201,0.093314,0.098141,0.066409,0.065832,0.114331,0.110850,0.000000,0.064445,0.101530,0.167955,0.062210,0.076975,0.118401,0.068572,0.073353,0.154981,0.154837,0.065026,0.081357,0.076679,0.121430,0.079161,0.062563,0.065855,0.088747,0.066524,0.066002,0.069707,0.079729,0.054563,0.069886,0.076088,0.064420,0.112315,0.078693,0.108081,0.073564,0.109452,0.126003,0.071026,0.074243,0.153999,0.147306,0.064918,0.085236,0.080400,0.077267,0.076904,0.138526,0.137493,0.104035,0.067800,0.146087,0.124844,0.113946,0.088794,0.118449,0.076249,0.079855,0.074576,0.070693,0.063804,0.071555,0.121457,0.128562,0.102240,0.068913,0.061244,0.096348,0.074494,0.074377,0.083660,0.119822,0.052977,0.052271,0.034722,0.071326,0.063495,0.088101,0.087579,0.080563,0.105105,0.105623,0.067075,0.063533,0.048189,0.120183,0.084826,0.067509,0.092418,0.090070,0.090741,0.096703,0.092990,0.087957,0.077685,0.058220,0.114920,0.087816,0.131766,0.105439,0.075795,0.079204,0.105078,0.083211,0.100726,0.097770,0.106324,0.038873,0.107292,0.085083,0.035779,0.084336,0.054465,0.066638,0.112954,0.119444,0.154551,0.095323,0.081529,0.063931,0.154411,0.069291,0.070453,0.067560,0.122000,0.150792,0.095240,0.074506,0.053091,0.082246,0.062044,0.074986,0.114200,0.111970,0.119737,0.094261,0.102814,0.065281,0.101183,0.117709,0.127352,0.064107,0.085276,0.112774,0.153082,0.076850,0.069261,0.102171,0.038291,0.048434,0.690269,0.085265,0.119250,0.101133,0.073167,0.100239,0.093959,0.105398,0.143417,0.067415,0.077024,0.122972,0.059310,0.057582,0.086568,0.057849,0.119367,0.157198,0.118256,0.060535,0.078854,0.090159,0.126238,0.067370,0.091947,0.132809,0.092808,0.099814,0.062683,0.081808,0.111055,0.081821,0.122582,0.638299,0.072286,0.055530,0.065649,0.073127,0.084485,0.089695,0.114183,0.118992,0.117754,0.060770,0.078420,0.085675,0.060049,0.112808,0.086616,0.088920,0.047489,0.113612,0.133689,0.040517,0.046848,0.075973,0.055043,0.124021,0.120444,0.066497,0.038196,0.062582,0.054921
0.081178,0.045598,0.045875,0.047484,0.093070,0.080865,0.084494,0.084197,0.064763,0.070983,0.078225,0.071593,0.105850,0.044911,0.057773,0.091431,0.051602,0.089178,0.083484,0.083912,0.064445,0.000000,0.113895,0.073675,0.079641,0.043033,0.070440,0.046202,0.044516,0.060489,0.060627,0.047288,0.064382,0.062945,0.098789,0.053811,0.048235,0.063492,0.064874,0.049652,0.045385,0.038684,0.062023,0.031580,0.047734,0.059405,0.043150,0.067320,0.056721,0.080320,0.063284,0.064419,0.096074,0.043380,0.050466,0.063742,0.087559,0.046132,0.066452,0.059407,0.054691,0.056173,0.084427,0.084087,0.078490,0.044628,0.069373,0.092115,0.076201,0.084052,0.075784,0.047731,0.049685,0.044402,0.051753,0.053815,0.041769,0.073991,0.075923,0.063183,0.045928,0.044980,0.105661,0.045490,0.062406,0.092524,0.069648,0.041000,0.037558,0.036316,0.058841,0.069420,0.061536,0.051809,0.049492,0.068008,0.071134,0.052229,0.060580,0.046067,0.072806,0.073433,0.057719,0.060388,0.059952,0.069419,0.076585,0.078735,0.090559,0.069452,0.052148,0.072529,0.053133,0.093884,0.114402,0.106793,0.050818,0.122529,0.073703,0.073798,0.087863,0.066896,0.044075,0.084572,0.043900,0.028527,0.068182,0.051315,0.091718,0.087416,0.095898,0.059933,0.106893,0.050507,0.094250,0.060801,0.069785,0.042280,0.065666,0.070238,0.057538,0.048781,0.046393,0.073518,0.057592,0.160900,0.046386,0.091085,0.121811,0.121324,0.191956,0.055977,0.090437,0.074297,0.073145,0.077455,0.062022,0.067620,0.063544,0.086827,0.076916,0.055182,0.078362,0.033407,0.040670,0.068085,0.048285,0.076822,0.077346,0.044878,0.055612,0.052925,0.074087,0.076615,0.091189,0.045888,0.079882,0.040854,0.087790,0.093431,0.148241,0.076915,0.086729,0.072364,0.610469,0.079759,0.102487,0.086067,0.063878,0.088048,0.079437,0.046637,0.073479,0.055767,0.069781,0.070479,0.081903,0.076893,0.064605,0.085958,0.135814,0.066476,0.053728,0.080691,0.057880,0.072521,0.075609,0.098025,0.053080,0.072953,0.073883,0.095381,0.064221,0.190426,0.055865,0.043303,0.079636,0.083298,0.046851,0.057079,0.070476,0.040849,0.079089,0.075660,0.073266,0.041917,0.160520,0.050829
0.142961,0.075270,0.044007,0.054757,0.083059,0.107068,0.073067,0.146840,0.131520,0.086170,0.141481,0.123232,0.124014,0.047651,0.113727,0.115421,0.071464,0.076039,0.096606,0.107458,0.101530,0.113895,0.000000,0.134612,0.065382,0.070318,0.121412,0.063475,0.087523,0.124525,0.107504,0.068692,0.110853,0.091949,0.138972,0.094550,0.074406,0.092467,0.099460,0.078437,0.067765,0.054566,0.107429,0.046849,0.059702,0.092656,0.071514,0.113356,0.089038,0.120035,0.098879,0.119776,0.149331,0.058556,0.079172,0.116057,0.136779,0.064468,0.108081,0.092171,0.088151,0.093911,0.135676,0.131658,0.136635,0.067915,0.122325,0.151019,0.124284,0.106350,0.120982,0.091121,0.086103,0.092399,0.087253,0.112691,0.087777,0.134204,0.135727,0.122947,0.059947,0.065823,0.143854,0.065897,0.099085,0.124476,0.117305,0.031839,0.032516,0.028468,0.110739,0.073631,0.091873,0.098240,0.100620,0.122440,0.125712,0.074220,0.064247,0.045439,0.151070,0.099857,0.061396,0.095692,0.097681,0.141063,0.123385,0.115840,0.128263,0.104837,0.087627,0.126164,0.088684,0.159752,0.134046,0.098822,0.077006,0.144257,0.122355,0.116920,0.144500,0.122654,0.048083,0.111663,0.105647,0.048395,0.104797,0.071644,0.068806,0.127540,0.133080,0.131777,0.144792,0.071608,0.080264,0.116385,0.105535,0.063348,0.065963,0.123663,0.112319,0.102078,0.082970,0.065662,0.104280,0.140151,0.077031,0.110783,0.330209,0.341991,0.196117,0.096335,0.069667,0.111812,0.124459,0.129655,0.084103,0.107978,0.109309,0.155380,0.075020,0.073852,0.105318,0.049997,0.046036,0.097821,0.062135,0.124354,0.131253,0.080902,0.115909,0.113142,0.127665,0.133268,0.083715,0.096590,0.136088,0.039174,0.059582,0.105327,0.118018,0.108105,0.150293,0.104881,0.111142,0.080051,0.089422,0.144380,0.084099,0.107590,0.129224,0.078876,0.135065,0.062323,0.080291,0.112642,0.096045,0.126431,0.107763,0.089970,0.112061,0.070269,0.099861,0.136470,0.090460,0.131971,0.144400,0.154266,0.072124,0.092161,0.116971,0.074927,0.115897,0.200507,0.129522,0.054663,0.142556,0.152240,0.066346,0.073824,0.065391,0.064539,0.133966,0.138369,0.093057,0.058269,0.138072,0.065305
0.152564,0.095210,0.043557,0.054467,0.100522,0.155743,0.105911,0.173093,0.173238,0.105733,0.164173,0.146900,0.179633,0.050776,0.115645,0.158711,0.067276,0.088646,0.149157,0.136282,0.167955,0.073675,0.134612,0.000000,0.081267,0.064605,0.109573,0.058240,0.072457,0.115021,0.111720,0.063567,0.100995,0.103166,0.165977,0.085872,0.070768,0.101907,0.111415,0.082365,0.066740,0.050875,0.107029,0.054253,0.066242,0.101028,0.067996,0.148845,0.090464,0.125086,0.099001,0.092661,0.199883,0.062905,0.083603,0.120404,0.201794,0.066041,0.125423,0.082899,0.079863,0.085165,0.194837,0.203217,0.159739,0.066906,0.120116,0.149766,0.172300,0.141817,0.163801,0.078721,0.066134,0.077841,0.067610,0.099047,0.080193,0.149230,0.150987,0.125004,0.060440,0.065031,0.104102,0.070188,0.107503,0.111923,0.146119,0.041083,0.045219,0.028108,0.099454,0.078233,0.106990,0.100681,0.108046,0.157859,0.158950,0.092910,0.089630,0.050276,0.201276,0.123556,0.087193,0.129643,0.128790,0.124569,0.136936,0.137736,0.142316,0.095466,0.080136,0.165777,0.102424,0.192478,0.147802,0.108989,0.064093,0.107113,0.132406,0.085430,0.161068,0.155873,0.060286,0.163875,0.078993,0.038540,0.119710,0.078900,0.077285,0.133429,0.131936,0.117913,0.112059,0.060499,0.082403,0.132332,0.093795,0.059184,0.086541,0.128674,0.120116,0.092571,0.080323,0.061435,0.110010,0.092399,0.072062,0.166395,0.143872,0.146812,0.130158,0.128005,0.086995,0.157103,0.177652,0.192799,0.101685,0.115522,0.134702,0.253281,0.086272,0.080928,0.145669,0.039743,0.048679,0.167115,0.066924,0.176555,0.156581,0.078940,0.113053,0.117776,0.160731,0.218957,0.081803,0.082242,0.206898,0.048865,0.065341,0.142349,0.076251,0.130768,0.252843,0.181813,0.071775,0.102657,0.134459,0.171210,0.078126,0.138070,0.181166,0.097510,0.167633,0.065397,0.087095,0.176048,0.122325,0.180655,0.159573,0.119261,0.078401,0.081696,0.096543,0.117665,0.135005,0.175507,0.156051,0.153631,0.083282,0.123901,0.114137,0.073326,0.145251,0.126060,0.135848,0.050178,0.168654,0.180961,0.047062,0.054547,0.084684,0.061617,0.191912,0.153482,0.098653,0.049407,0.086562,0.077818
0.071783,0.058312,0.036767,0.044450,0.086978,0.070160,0.078092,0.093914,0.080149,0.070002,0.090426,0.079085,0.080728,0.038735,0.071119,0.105471,0.093220,0.053102,0.070147,0.074539,0.062210,0.079641,0.065382,0.081267,0.000000,0.109047,0.098095,0.116129,0.123517,0.073928,0.076054,0.103686,0.249160,0.245672,0.095211,0.156182,0.118657,0.249728,0.245602,0.113357,0.112610,0.093634,0.249417,0.080250,0.106992,0.246666,0.114388,0.082541,0.137515,0.074015,0.246802,0.091585,0.075746,0.108894,0.167467,0.076754,0.084754,0.099159,0.061480,0.137394,0.129822,0.138243,0.084574,0.087541,0.079657,0.087814,0.075066,0.100046,0.072891,0.096977,0.077212,0.121249,0.117278,0.114311,0.080257,0.059556,0.140730,0.077049,0.080390,0.074687,0.093463,0.099032,0.079459,0.114631,0.233868,0.071910,0.068513,0.034609,0.038278,0.033174,0.194370,0.500073,0.262635,0.165126,0.173183,0.081205,0.074669,0.068005,0.082000,0.041991,0.065932,0.077683,0.084634,0.056838,0.062445,0.064565,0.064023,0.082886,0.081047,0.236913,0.082114,0.079231,0.184330,0.086542,0.084669,0.094925,0.087371,0.083339,0.060419,0.096499,0.080423,0.079840,0.034648,0.087034,0.113100,0.029754,0.074821,0.071825,0.138907,0.080359,0.090698,0.063062,0.080625,0.110812,0.131933,0.081222,0.088381,0.092093,0.140474,0.072809,0.075493,0.210999,0.131034,0.150342,0.200776,0.081162,0.135348,0.088606,0.073757,0.079566,0.084019,0.074395,0.049762,0.086375,0.077987,0.071559,0.068296,0.214182,0.069024,0.094119,0.065625,0.133817,0.076556,0.036039,0.033227,0.064162,0.114312,0.078709,0.084587,0.119883,0.066253,0.069629,0.089793,0.078852,0.138203,0.129083,0.070788,0.044164,0.048570,0.095686,0.069106,0.074992,0.089528,0.071841,0.081794,0.081022,0.107898,0.090092,0.086121,0.108279,0.088924,0.057478,0.083589,0.048000,0.066708,0.061579,0.085750,0.086047,0.064727,0.095707,0.077572,0.067414,0.216027,0.081086,0.055306,0.070183,0.076714,0.117107,0.067928,0.062386,0.091693,0.119123,0.078717,0.096099,0.068810,0.044209,0.083774,0.076700,0.037892,0.046218,0.057214,0.099488,0.076092,0.078899,0.088629,0.040186,0.075626,0.068425
0.069251,0.040076,0.046218,0.046171,0.054873,0.063037,0.054389,0.077528,0.061024,0.052132,0.077703,0.081604,0.064977,0.033474,0.062907,0.069005,0.104552,0.040271,0.062332,0.059670,0.076975,0.043033,0.070318,0.064605,0.109047,0.000000,0.079534,0.498078,0.110539,0.079455,0.070534,0.150961,0.123755,0.120084,0.079009,0.099666,0.100933,0.118299,0.115793,0.134530,0.147072,0.106580,0.118839,0.081461,0.108824,0.121481,0.102588,0.063375,0.116253,0.071849,0.118823,0.081491,0.067103,0.112483,0.106551,0.076781,0.069166,0.098072,0.059638,0.119247,0.116343,0.128753,0.068345,0.068848,0.071444,0.104710,0.071594,0.077408,0.069846,0.071474,0.062440,0.129765,0.126377,0.112180,0.097796,0.057436,0.121033,0.059404,0.056051,0.070334,0.100531,0.108034,0.075935,0.108679,0.126184,0.057507,0.071125,0.042903,0.046794,0.036317,0.130694,0.110101,0.127584,0.129565,0.133986,0.066437,0.070252,0.058484,0.060919,0.046773,0.056959,0.066577,0.060250,0.051907,0.050985,0.065889,0.062445,0.070391,0.068492,0.126596,0.050869,0.066181,0.117693,0.069789,0.060908,0.059838,0.112466,0.081643,0.058383,0.088651,0.071799,0.064007,0.032076,0.072045,0.126636,0.034321,0.063292,0.059333,0.080322,0.077687,0.074582,0.063738,0.080348,0.118931,0.084536,0.087278,0.076522,0.112336,0.121235,0.070610,0.077864,0.121702,0.123089,0.116882,0.124990,0.052786,0.119270,0.074327,0.078364,0.074272,0.079702,0.071937,0.039592,0.056227,0.055797,0.066122,0.056590,0.112637,0.072759,0.065412,0.047754,0.125178,0.063701,0.033137,0.038420,0.071290,0.515084,0.073472,0.072841,0.110928,0.066569,0.064675,0.074269,0.065588,0.084710,0.106159,0.065179,0.051025,0.046219,0.064213,0.051431,0.066105,0.062102,0.062831,0.045870,0.064386,0.062237,0.069385,0.068544,0.061066,0.066965,0.061892,0.067013,0.054904,0.059854,0.046248,0.070539,0.065517,0.076178,0.058175,0.051417,0.051429,0.126514,0.061702,0.059198,0.052669,0.064598,0.078021,0.056834,0.050895,0.071996,0.079832,0.076465,0.082370,0.059132,0.047270,0.076420,0.066832,0.037579,0.035062,0.059818,0.097762,0.055569,0.060690,0.067862,0.030930,0.053675,0.060502
0.102549,0.059459,0.053417,0.052050,0.064890,0.093044,0.073965,0.135930,0.105621,0.075961,0.105804,0.095914,0.093377,0.055191,0.090373,0.084330,0.090861,0.051577,0.085625,0.086455,0.118401,0.070440,0.121412,0.109573,0.098095,0.079534,0.000000,0.083285,0.106898,0.108025,0.116659,0.088090,0.147793,0.156721,0.108431,0.104117,0.107710,0.154026,0.154241,0.100695,0.091128,0.087917,0.142599,0.062776,0.099361,0.147541,0.099821,0.107641,0.110641,0.112708,0.151650,0.515518,0.103484,0.094965,0.112160,0.120507,0.096444,0.085488,0.102188,0.107121,0.105913,0.106201,0.096084,0.097411,0.087301,0.090920,0.106228,0.109104,0.098861,0.086088,0.100306,0.114273,0.113612,0.097022,0.088126,0.092869,0.096336,0.108312,0.111498,0.084558,0.080168,0.079095,0.092744,0.089709,0.141827,0.099145,0.096650,0.050503,0.047683,0.031190,0.139146,0.101431,0.159036,0.127200,0.124513,0.097271,0.087094,0.073047,0.087122,0.046534,0.086582,0.088229,0.082609,0.078684,0.083675,0.087831,0.097662,0.096574,0.090339,0.158721,0.111219,0.089528,0.136395,0.102021,0.101424,0.084120,0.084506,0.108779,0.098775,0.132563,0.115535,0.089621,0.059579,0.085763,0.119267,0.042501,0.092520,0.069946,0.094854,0.095937,0.111114,0.113135,0.097286,0.084493,0.100982,0.125971,0.107034,0.082693,0.094559,0.097938,0.123772,0.130329,0.090712,0.081581,0.120744,0.091435,0.090479,0.095447,0.131033,0.126232,0.103258,0.077347,0.052110,0.067539,0.080880,0.084186,0.074404,0.143175,0.087774,0.098623,0.068807,0.095016,0.079104,0.041551,0.055186,0.116395,0.082010,0.083308,0.108284,0.110467,0.076708,0.087536,0.105670,0.097392,0.107828,0.108589,0.090148,0.057255,0.046361,0.082439,0.078041,0.093183,0.102305,0.078959,0.069186,0.069259,0.075339,0.123296,0.096101,0.077256,0.106531,0.073996,0.108510,0.059045,0.075917,0.092515,0.083412,0.091525,0.114746,0.073814,0.076167,0.057422,0.140631,0.095320,0.083052,0.106228,0.103622,0.113280,0.071103,0.079226,0.142879,0.100720,0.103360,0.127870,0.096870,0.047748,0.092404,0.103308,0.047292,0.058857,0.068130,0.070578,0.079779,0.108080,0.078038,0.045308,0.092450,0.068889
0.067176,0.040605,0.045348,0.036607,0.053000,0.059268,0.048352,0.071034,0.057087,0.053874,0.071820,0.067456,0.055432,0.028150,0.056926,0.070755,0.101563,0.039683,0.057881,0.059174,0.068572,0.046202,0.063475,0.058240,0.116129,0.498078,0.083285,0.000000,0.113167,0.073320,0.071994,0.148611,0.118868,0.130381,0.064850,0.113938,0.102923,0.115787,0.117524,0.129671,0.138788,0.104173,0.114451,0.079072,0.107393,0.120573,0.098049,0.066868,0.127577,0.068596,0.117453,0.077692,0.055852,0.100214,0.102940,0.072634,0.069695,0.098152,0.054392,0.129823,0.121936,0.135251,0.068890,0.067409,0.076391,0.096366,0.072000,0.065754,0.060139,0.066380,0.064612,0.131528,0.121934,0.123603,0.095694,0.057170,0.127796,0.058812,0.056292,0.063915,0.103643,0.102403,0.074706,0.113020,0.133382,0.052700,0.071865,0.052376,0.045844,0.036491,0.123618,0.114628,0.122579,0.125422,0.132325,0.065228,0.060454,0.054738,0.066825,0.042237,0.060893,0.066369,0.064643,0.048925,0.042047,0.053653,0.055813,0.063061,0.064494,0.127977,0.069858,0.067592,0.110969,0.073788,0.055876,0.061095,0.108970,0.081236,0.059820,0.084010,0.066403,0.065033,0.028822,0.060317,0.141511,0.033439,0.071256,0.057108,0.085692,0.069185,0.067544,0.066580,0.082022,0.116119,0.094497,0.079508,0.081760,0.114694,0.127558,0.071292,0.074847,0.113798,0.125814,0.121961,0.121943,0.060180,0.117508,0.064439,0.069427,0.069735,0.080825,0.064037,0.033194,0.059058,0.053409,0.057103,0.053215,0.115555,0.066191,0.068936,0.045828,0.125901,0.054829,0.033582,0.035364,0.066816,0.456970,0.073940,0.067406,0.109834,0.071055,0.062025,0.069971,0.067347,0.098558,0.103362,0.061014,0.050540,0.049604,0.063525,0.048606,0.066889,0.061248,0.051457,0.058434,0.065766,0.077547,0.058545,0.061850,0.077235,0.064157,0.062944,0.070930,0.043775,0.062235,0.054777,0.064919,0.068860,0.073050,0.062389,0.044231,0.052673,0.128576,0.066153,0.057952,0.054806,0.066446,0.065402,0.061141,0.048326,0.071886,0.082774,0.077893,0.080357,0.064505,0.044098,0.088104,0.055944,0.038943,0.035294,0.047762,0.103197,0.050676,0.061276,0.070322,0.035694,0.057920,0.059718
0.081749,0.049638,0.050090,0.048839,0.052029,0.085207,0.057185,0.099800,0.075875,0.064380,0.079356,0.068228,0.064209,0.040831,0.072153,0.071428,0.120308,0.039363,0.071816,0.071270,0.073353,0.044516,0.087523,0.072457,0.123517,0.110539,0.106898,0.113167,0.000000,0.091955,0.081816,0.147740,0.161969,0.159256,0.091295,0.158467,0.158391,0.152550,0.166538,0.138689,0.144011,0.122210,0.161233,0.101058,0.132187,0.159912,0.148270,0.067392,0.180734,0.098829,0.156625,0.107066,0.073578,0.133319,0.141797,0.082262,0.085250,0.119963,0.055956,0.170212,0.180677,0.178811,0.080892,0.086392,0.063191,0.112641,0.069287,0.100580,0.083425,0.059532,0.077612,0.161058,0.140989,0.169746,0.125900,0.070729,0.161859,0.075951,0.074052,0.064724,0.118755,0.121491,0.073618,0.145902,0.167595,0.081627,0.069255,0.044915,0.051173,0.037216,0.160954,0.123524,0.170162,0.167424,0.146200,0.063202,0.064911,0.057608,0.059671,0.041840,0.072232,0.063845,0.059905,0.064874,0.060033,0.066189,0.074659,0.075673,0.090526,0.156223,0.083395,0.079175,0.163395,0.073352,0.074054,0.064100,0.118694,0.080067,0.066553,0.105194,0.083457,0.067520,0.035168,0.074233,0.144544,0.040254,0.054927,0.057441,0.082463,0.105657,0.092074,0.068129,0.080908,0.131274,0.082865,0.086924,0.093978,0.121480,0.130757,0.068844,0.081826,0.152359,0.155938,0.101465,0.160318,0.047566,0.141027,0.073207,0.083631,0.087497,0.074305,0.075042,0.041765,0.052735,0.059726,0.063052,0.049140,0.163006,0.078373,0.078858,0.059740,0.129929,0.067862,0.041792,0.050717,0.075550,0.115604,0.080472,0.080471,0.472139,0.087418,0.088988,0.081768,0.054604,0.092717,0.466422,0.065428,0.053707,0.035637,0.059227,0.055137,0.075855,0.073416,0.054692,0.039841,0.059941,0.059482,0.108268,0.070603,0.061746,0.092619,0.065728,0.079473,0.044417,0.070791,0.065275,0.058899,0.093790,0.076657,0.052590,0.052424,0.052704,0.187318,0.064965,0.067736,0.075428,0.075799,0.102585,0.054976,0.059829,0.107476,0.080483,0.077894,0.096068,0.079306,0.046101,0.072819,0.070601,0.062772,0.050406,0.050467,0.134449,0.062754,0.072561,0.057029,0.036897,0.047628,0.059019
0.274508,0.060898,0.053807,0.043584,0.087094,0.111468,0.077616,0.154547,0.123583,0.077011,0.091447,0.156242,0.117137,0.043032,0.104615,0.120746,0.070477,0.101466,0.163712,0.174733,0.154981,0.060489,0.124525,0.115021,0.073928,0.079455,0.108025,0.073320,0.091955,0.000000,0.698997,0.062910,0.099144,0.097544,0.104583,0.079699,0.068509,0.097617,0.110183,0.068789,0.065835,0.060784,0.093554,0.045710,0.069615,0.107733,0.066166,0.106134,0.092043,0.097873,0.096053,0.109160,0.120595,0.067048,0.077358,0.737601,0.227483,0.068363,0.095994,0.088881,0.085886,0.097558,0.217022,0.228656,0.233150,0.064877,0.373513,0.120871,0.094284,0.106904,0.096537,0.081675,0.072100,0.073998,0.075967,0.075515,0.082167,0.261024,0.268153,0.168791,0.067763,0.064921,0.110444,0.068891,0.100876,0.085645,0.309259,0.039920,0.045266,0.033124,0.100126,0.073303,0.097100,0.104122,0.091625,0.090855,0.086885,0.067627,0.073031,0.044427,0.117872,0.078732,0.075680,0.068494,0.075315,0.102261,0.107921,0.090258,0.087265,0.093822,0.091150,0.185995,0.097181,0.218268,0.097558,0.080126,0.078407,0.105215,0.116227,0.106959,0.100357,0.083297,0.044508,0.124028,0.076429,0.052298,0.099198,0.078659,0.083123,0.098045,0.105018,0.398309,0.108500,0.080671,0.083554,0.361368,0.079863,0.067563,0.071873,0.303040,0.370203,0.097730,0.084832,0.069125,0.091434,0.087299,0.078281,0.122470,0.118947,0.118214,0.092300,0.153270,0.100555,0.092276,0.102854,0.109363,0.079416,0.098532,0.175655,0.149568,0.069205,0.076382,0.102003,0.038836,0.052792,0.157612,0.074890,0.190898,0.099137,0.080111,0.222430,0.209382,0.094182,0.121247,0.091330,0.083715,0.119560,0.045160,0.094161,0.110573,0.065209,0.121957,0.150205,0.099285,0.057107,0.085146,0.103896,0.159243,0.067952,0.116914,0.128935,0.077178,0.118364,0.056497,0.081731,0.115635,0.071914,0.129073,0.152624,0.085747,0.056533,0.064336,0.113247,0.120006,0.079851,0.122464,0.267200,0.115609,0.078985,0.097360,0.098124,0.075516,0.126927,0.115847,0.073045,0.056944,0.251504,0.135570,0.052924,0.054992,0.065842,0.060237,0.110814,0.269530,0.094866,0.045671,0.087865,0.069169
0.285222,0.064129,0.049198,0.045307,0.086302,0.106953,0.074195,0.149374,0.111424,0.073759,0.093378,0.161153,0.124981,0.044050,0.098719,0.116808,0.073678,0.113580,0.184634,0.179967,0.154837,0.060627,0.107504,0.111720,0.076054,0.070534,0.116659,0.071994,0.081816,0.698997,0.000000,0.061945,0.098787,0.100843,0.111936,0.089723,0.070040,0.092699,0.103759,0.069260,0.060162,0.061402,0.103863,0.048663,0.073928,0.092683,0.070072,0.100771,0.093997,0.084110,0.097243,0.116363,0.114855,0.070026,0.088026,0.806207,0.254920,0.074997,0.099097,0.096054,0.095009,0.094197,0.238396,0.262374,0.240081,0.073957,0.408343,0.117144,0.096452,0.107665,0.093560,0.079973,0.072182,0.072932,0.070557,0.080598,0.086856,0.294580,0.299721,0.179457,0.067351,0.066174,0.116331,0.077222,0.109251,0.098095,0.331022,0.047360,0.045565,0.030370,0.105264,0.073516,0.107669,0.099475,0.099281,0.084740,0.082406,0.067641,0.072685,0.051860,0.117623,0.082458,0.073057,0.078459,0.073144,0.095964,0.108271,0.089405,0.089528,0.093662,0.079120,0.196876,0.099756,0.222524,0.104617,0.084015,0.074888,0.099434,0.108579,0.104054,0.100609,0.082446,0.041434,0.120593,0.075141,0.046414,0.092283,0.079038,0.077891,0.094309,0.100374,0.436234,0.118786,0.077472,0.087306,0.389175,0.076118,0.058862,0.073160,0.333055,0.400240,0.100210,0.089531,0.061705,0.093959,0.082169,0.084564,0.125017,0.108542,0.113738,0.095747,0.154416,0.116434,0.092100,0.107966,0.114273,0.081609,0.093909,0.177984,0.148580,0.060956,0.075558,0.099507,0.037799,0.046926,0.151795,0.069684,0.196170,0.101131,0.078942,0.220135,0.225329,0.094240,0.118669,0.094804,0.081541,0.109861,0.048338,0.101141,0.107213,0.060615,0.101720,0.154937,0.096677,0.055454,0.075417,0.095226,0.162120,0.066827,0.106954,0.137287,0.072733,0.110628,0.059716,0.081676,0.113976,0.079892,0.137643,0.152569,0.088115,0.058342,0.063403,0.109440,0.095177,0.091888,0.118574,0.262909,0.107487,0.077607,0.093967,0.089793,0.074513,0.118448,0.119187,0.073359,0.060514,0.241706,0.142261,0.047203,0.042833,0.062586,0.054630,0.112198,0.299060,0.083241,0.047612,0.084485,0.074262
0.058442,0.045220,0.043943,0.042768,0.044873,0.062519,0.051355,0.069044,0.058179,0.051989,0.058906,0.049798,0.060533,0.031071,0.054776,0.052757,0.095530,0.041096,0.060989,0.063446,0.065026,0.047288,0.068692,0.063567,0.103686,0.150961,0.088090,0.148611,0.147740,0.062910,0.061945,0.000000,0.138116,0.127340,0.074297,0.125740,0.120445,0.128667,0.138362,0.122075,0.577189,0.111847,0.136984,0.110056,0.108270,0.133240,0.118660,0.062309,0.137896,0.079889,0.134763,0.093889,0.059292,0.107794,0.125543,0.061086,0.063565,0.114351,0.062204,0.138868,0.136057,0.137213,0.065647,0.068456,0.056071,0.094777,0.060580,0.077624,0.070255,0.055424,0.068292,0.133107,0.128008,0.137116,0.091764,0.053305,0.141136,0.060003,0.069089,0.067331,0.117933,0.110395,0.056997,0.108663,0.134402,0.061419,0.055690,0.050952,0.042786,0.037220,0.131711,0.102280,0.140645,0.103968,0.110514,0.058258,0.055657,0.051128,0.054766,0.042665,0.062310,0.056177,0.052979,0.049707,0.048045,0.054310,0.054754,0.060662,0.060507,0.131203,0.055599,0.059360,0.123860,0.069143,0.058523,0.045829,0.094889,0.076112,0.054735,0.079970,0.061293,0.057891,0.036028,0.054081,0.125098,0.030251,0.057139,0.043736,0.064168,0.082292,0.069681,0.060779,0.060931,0.124871,0.072167,0.063484,0.063950,0.108754,0.109434,0.058840,0.067906,0.122324,0.136347,0.081168,0.119480,0.049767,0.133803,0.055661,0.070069,0.077163,0.067017,0.057029,0.040175,0.041196,0.048371,0.051500,0.044942,0.131460,0.058796,0.056604,0.045734,0.108322,0.046561,0.033043,0.041673,0.070200,0.157739,0.056680,0.060792,0.144324,0.069706,0.065932,0.058005,0.055865,0.074609,0.144595,0.061997,0.059835,0.049478,0.053876,0.046902,0.063588,0.052589,0.049587,0.048989,0.046149,0.049726,0.066956,0.071212,0.055821,0.063293,0.062985,0.068433,0.040404,0.059325,0.043789,0.053997,0.061514,0.064950,0.042131,0.046949,0.040469,0.135288,0.052891,0.057257,0.049269,0.057741,0.074794,0.042824,0.043789,0.074953,0.071120,0.058176,0.081558,0.051432,0.046270,0.054842,0.060785,0.043274,0.044173,0.043806,0.130851,0.054791,0.060127,0.045255,0.029874,0.049990,0.039541
0.092739,0.054334,0.050343,0.047488,0.067765,0.092679,0.077772,0.118062,0.085237,0.078074,0.112734,0.084031,0.106998,0.054380,0.075103,0.090670,0.121215,0.049640,0.081860,0.081896,0.081357,0.064382,0.110853,0.100995,0.249160,0.123755,0.147793,0.118868,0.161969,0.099144,0.098787,0.138116,0.000000,0.556410,0.129746,0.192453,0.154371,0.547843,0.654174,0.151509,0.138853,0.125969,0.651083,0.109153,0.142057,0.527051,0.152336,0.114057,0.175773,0.110849,0.541828,0.144068,0.088415,0.144319,0.198531,0.104909,0.093467,0.128113,0.094922,0.183345,0.183993,0.179149,0.096575,0.098189,0.101662,0.133228,0.079461,0.139735,0.114155,0.097157,0.113795,0.175441,0.172704,0.149515,0.126700,0.090576,0.163079,0.088843,0.091661,0.098216,0.117946,0.123358,0.099047,0.150103,0.328318,0.101262,0.083398,0.039631,0.045198,0.033353,0.294680,0.242068,0.449754,0.220130,0.236341,0.091786,0.083983,0.112453,0.091256,0.043560,0.081539,0.081733,0.090387,0.089377,0.086428,0.085392,0.088836,0.106683,0.112462,0.620522,0.096136,0.091601,0.269278,0.094231,0.115377,0.084095,0.132043,0.115104,0.075713,0.129594,0.111657,0.097112,0.052780,0.100831,0.179722,0.046839,0.085851,0.087071,0.109210,0.109014,0.132108,0.086926,0.100294,0.135935,0.121276,0.094682,0.121889,0.122371,0.154665,0.087495,0.088971,0.303150,0.151062,0.145378,0.300224,0.064421,0.151859,0.103345,0.115665,0.113965,0.105308,0.094975,0.049768,0.064524,0.073955,0.075749,0.063176,0.365069,0.093395,0.088768,0.073799,0.152742,0.079449,0.038940,0.048518,0.076227,0.125748,0.091518,0.116533,0.158224,0.092989,0.099173,0.115140,0.080555,0.136398,0.168836,0.086223,0.058798,0.046039,0.086125,0.066935,0.115771,0.084179,0.070613,0.061420,0.074654,0.080594,0.104074,0.109570,0.098098,0.104352,0.069736,0.095314,0.050025,0.074248,0.073861,0.078222,0.101250,0.075988,0.078744,0.059053,0.062742,0.376554,0.086435,0.097165,0.077784,0.091329,0.127304,0.081819,0.075921,0.157043,0.106796,0.120882,0.124434,0.079041,0.045633,0.091157,0.109608,0.048699,0.056075,0.070394,0.117776,0.076049,0.087279,0.068835,0.045721,0.076277,0.073609
0.091571,0.059125,0.040043,0.048492,0.066349,0.098159,0.082434,0.100946,0.082742,0.083573,0.104498,0.077150,0.093887,0.043212,0.080456,0.092510,0.115469,0.056515,0.081399,0.080991,0.076679,0.062945,0.091949,0.103166,0.245672,0.120084,0.156721,0.130381,0.159256,0.097544,0.100843,0.127340,0.556410,0.000000,0.123299,0.195928,0.150228,0.727574,0.556904,0.144639,0.128684,0.113316,0.577761,0.104897,0.133108,0.705939,0.147621,0.110424,0.156596,0.105431,0.689670,0.137017,0.088933,0.139246,0.206403,0.101388,0.105514,0.115855,0.097865,0.157075,0.166127,0.158358,0.101201,0.101783,0.099676,0.119870,0.084544,0.133659,0.118499,0.106561,0.118464,0.173096,0.173114,0.152352,0.114292,0.104362,0.155043,0.093085,0.097006,0.094337,0.110666,0.114419,0.113648,0.142628,0.318600,0.083904,0.098398,0.041899,0.045622,0.029148,0.277376,0.247613,0.479256,0.212993,0.210503,0.088940,0.085026,0.104170,0.089663,0.044763,0.081577,0.087472,0.086305,0.087367,0.083774,0.084623,0.086353,0.108405,0.105468,0.550756,0.082538,0.085910,0.258137,0.091928,0.093855,0.075318,0.118801,0.114452,0.085877,0.134241,0.123722,0.090484,0.041414,0.104572,0.173338,0.042039,0.089511,0.078862,0.111324,0.110998,0.124158,0.088245,0.107889,0.124605,0.127617,0.101067,0.121162,0.113676,0.149955,0.097314,0.107307,0.290002,0.139067,0.141567,0.283143,0.069714,0.143321,0.106177,0.107171,0.112994,0.099627,0.096709,0.054191,0.072905,0.077543,0.078295,0.079102,0.390487,0.088098,0.097158,0.081198,0.148446,0.085167,0.034644,0.051642,0.066517,0.120352,0.093980,0.127037,0.159176,0.078159,0.083464,0.125072,0.079764,0.135911,0.158144,0.082484,0.055644,0.053891,0.097209,0.072049,0.106684,0.101377,0.070022,0.061527,0.081385,0.086279,0.104304,0.102461,0.108155,0.111137,0.062334,0.101830,0.062474,0.073741,0.068020,0.079973,0.107451,0.077723,0.078561,0.056702,0.056605,0.357004,0.080247,0.088441,0.082028,0.091239,0.120915,0.084440,0.075737,0.132568,0.118521,0.107804,0.124844,0.080825,0.044341,0.094884,0.090514,0.044928,0.056123,0.069759,0.125563,0.081891,0.092564,0.076701,0.043037,0.075448,0.077315
0.148218,0.115194,0.044424,0.055097,0.118520,0.172783,0.117375,0.204384,0.137683,0.123252,0.290141,0.139649,0.195142,0.063420,0.177100,0.143690,0.098479,0.089547,0.116623,0.118340,0.121430,0.098789,0.138972,0.165977,0.095211,0.079009,0.108431,0.064850,0.091295,0.104583,0.111936,0.074297,0.129746,0.123299,0.000000,0.108221,0.069746,0.134309,0.126711,0.088743,0.084097,0.074660,0.114914,0.053267,0.071578,0.126522,0.074000,0.132736,0.113607,0.404344,0.133917,0.096683,0.189717,0.077076,0.109530,0.122481,0.186091,0.076383,0.245448,0.114561,0.105429,0.105257,0.184302,0.186449,0.157181,0.094333,0.125515,0.676894,0.295310,0.140378,0.299167,0.087629,0.091598,0.073633,0.079386,0.089833,0.097427,0.142432,0.153328,0.114805,0.068033,0.082380,0.180396,0.076780,0.124907,0.104161,0.129485,0.037224,0.038113,0.026798,0.131066,0.088314,0.144146,0.100196,0.102702,0.240120,0.248088,0.129249,0.113529,0.041800,0.130730,0.299405,0.115808,0.168951,0.157061,0.229489,0.247545,0.409186,0.356288,0.119306,0.103560,0.128462,0.115818,0.180479,0.192572,0.117486,0.082318,0.177167,0.114833,0.126263,0.303746,0.249294,0.063617,0.156191,0.092652,0.051264,0.237207,0.112043,0.093593,0.437531,0.559927,0.118002,0.192120,0.073987,0.092818,0.137065,0.108914,0.075814,0.095290,0.122686,0.138083,0.115757,0.078875,0.088116,0.116897,0.120761,0.091127,0.163059,0.159760,0.171650,0.173689,0.105762,0.086906,0.153042,0.169358,0.178072,0.145390,0.135848,0.114938,0.197902,0.092304,0.080561,0.147400,0.048009,0.065220,0.126688,0.078134,0.131909,0.273467,0.092484,0.092327,0.093155,0.281746,0.187371,0.105671,0.098319,0.151935,0.053843,0.075624,0.135745,0.119802,0.151276,0.196531,0.133123,0.095193,0.160614,0.143370,0.206512,0.110306,0.136898,0.162682,0.075729,0.142124,0.103290,0.094891,0.137060,0.289376,0.148619,0.130594,0.127832,0.100210,0.106458,0.125540,0.109127,0.158335,0.148329,0.151752,0.204909,0.106326,0.181566,0.139424,0.096730,0.139862,0.193861,0.240014,0.054946,0.154455,0.156774,0.046065,0.059916,0.107382,0.054534,0.184262,0.163478,0.158660,0.049273,0.120523,0.102606
0.077459,0.050069,0.054502,0.053914,0.052441,0.073191,0.070778,0.109278,0.091306,0.067042,0.085655,0.070199,0.094982,0.049019,0.080143,0.066837,0.118664,0.051859,0.080070,0.080011,0.079161,0.053811,0.094550,0.085872,0.156182,0.099666,0.104117,0.113938,0.158467,0.079699,0.089723,0.125740,0.192453,0.195928,0.108221,0.000000,0.143549,0.192577,0.191461,0.132766,0.126519,0.119528,0.188033,0.100610,0.126489,0.188666,0.126290,0.091754,0.151021,0.104177,0.197770,0.114403,0.074724,0.128334,0.508709,0.083926,0.081189,0.111825,0.078712,0.146401,0.160939,0.148997,0.086307,0.086097,0.072707,0.125847,0.084133,0.104960,0.088908,0.076761,0.087332,0.155215,0.131432,0.148054,0.106127,0.071126,0.149539,0.080209,0.086497,0.076439,0.115853,0.116342,0.089845,0.127332,0.209701,0.079436,0.081134,0.044433,0.049887,0.039971,0.218908,0.148810,0.210121,0.175271,0.168907,0.072290,0.072900,0.065153,0.075826,0.058393,0.081149,0.067890,0.074355,0.062883,0.049403,0.071633,0.072984,0.093346,0.094303,0.202603,0.079419,0.092370,0.194596,0.089151,0.081722,0.065180,0.123070,0.093513,0.063662,0.111987,0.096027,0.076476,0.037662,0.080330,0.135351,0.038858,0.074315,0.066090,0.090880,0.106943,0.098719,0.073998,0.092638,0.132329,0.098519,0.100093,0.077824,0.109985,0.146672,0.083634,0.092448,0.193931,0.140336,0.102790,0.197271,0.062295,0.134137,0.079477,0.090725,0.091861,0.085904,0.092598,0.054573,0.057857,0.067000,0.068042,0.052137,0.202569,0.085547,0.086809,0.056965,0.143856,0.062638,0.040137,0.044949,0.074589,0.102151,0.098325,0.088007,0.152980,0.091682,0.089558,0.083963,0.072103,0.104814,0.147312,0.075835,0.061982,0.051487,0.075290,0.057289,0.090321,0.089565,0.056369,0.051123,0.052530,0.067901,0.106563,0.078174,0.073054,0.099927,0.069217,0.086837,0.055231,0.078176,0.055698,0.069145,0.099345,0.073402,0.062055,0.048535,0.043748,0.206955,0.065567,0.067258,0.074215,0.079996,0.113882,0.067223,0.065433,0.100211,0.082308,0.090956,0.098898,0.078730,0.049412,0.082718,0.082633,0.046892,0.043087,0.057680,0.116974,0.072386,0.082031,0.056916,0.049920,0.054856,0.062681
0.069590,0.051484,0.052609,0.052218,0.056865,0.067918,0.055332,0.079219,0.066222,0.056069,0.078341,0.067006,0.067888,0.036871,0.067218,0.063615,0.104357,0.039767,0.062144,0.053979,0.062563,0.048235,0.074406,0.070768,0.118657,0.100933,0.107710,0.102923,0.158391,0.068509,0.070040,0.120445,0.154371,0.150228,0.069746,0.143549,0.000000,0.144314,0.155223,0.166262,0.120312,0.101600,0.156211,0.093781,0.279405,0.144199,0.368563,0.072133,0.204589,0.075018,0.145917,0.098896,0.061918,0.278777,0.143720,0.072437,0.072250,0.211221,0.057999,0.206372,0.208391,0.210688,0.063227,0.076460,0.076814,0.097290,0.078998,0.078970,0.072138,0.053827,0.072129,0.120040,0.114092,0.146561,0.097007,0.061756,0.148161,0.073764,0.069012,0.066180,0.193703,0.212314,0.065089,0.267734,0.152074,0.070324,0.062643,0.045769,0.054926,0.035908,0.160748,0.116980,0.152333,0.126421,0.125841,0.059703,0.061153,0.058136,0.066216,0.051507,0.062201,0.055714,0.062089,0.064339,0.054318,0.056566,0.067479,0.069633,0.069681,0.148898,0.068332,0.069860,0.140772,0.070229,0.077595,0.056843,0.107035,0.077688,0.062702,0.090992,0.066862,0.062660,0.040441,0.060881,0.116059,0.040581,0.061678,0.055984,0.065452,0.085059,0.079383,0.072277,0.067745,0.142055,0.071087,0.080157,0.078754,0.108303,0.120608,0.059476,0.083063,0.137181,0.159018,0.085939,0.125948,0.052834,0.152882,0.068028,0.083915,0.080782,0.073554,0.068811,0.035715,0.053396,0.057167,0.058122,0.062249,0.152863,0.075656,0.071642,0.053918,0.108234,0.057294,0.040351,0.041597,0.067814,0.097035,0.074465,0.080106,0.153861,0.081191,0.074960,0.079190,0.059653,0.073191,0.149495,0.065666,0.051120,0.037549,0.053130,0.050102,0.068119,0.063626,0.044072,0.044142,0.047150,0.050928,0.079361,0.061199,0.058097,0.070073,0.058191,0.063564,0.052317,0.068244,0.057090,0.054336,0.075706,0.065138,0.050735,0.054218,0.048516,0.161041,0.058005,0.063868,0.059477,0.076196,0.085040,0.057392,0.060602,0.092779,0.073831,0.069188,0.085424,0.056430,0.054877,0.065518,0.072621,0.044946,0.040933,0.047972,0.113804,0.059819,0.065603,0.064617,0.033293,0.049443,0.054825
0.086551,0.059761,0.045422,0.051046,0.065953,0.087437,0.083708,0.104944,0.087128,0.081236,0.116261,0.081098,0.096520,0.049051,0.084393,0.090755,0.110145,0.051671,0.074138,0.082367,0.065855,0.063492,0.092467,0.101907,0.249728,0.118299,0.154026,0.115787,0.152550,0.097617,0.092699,0.128667,0.547843,0.727574,0.134309,0.192577,0.144314,0.000000,0.558116,0.138354,0.133687,0.107696,0.583291,0.109586,0.121282,0.698429,0.149235,0.106993,0.165092,0.096399,0.753595,0.140884,0.081603,0.133575,0.210109,0.098447,0.096019,0.115698,0.077763,0.162385,0.165204,0.158016,0.095645,0.095180,0.093715,0.117380,0.080940,0.132536,0.122087,0.101084,0.115950,0.178073,0.169881,0.150430,0.111145,0.092306,0.157850,0.092240,0.087171,0.089773,0.113007,0.114091,0.112683,0.135079,0.324284,0.079385,0.094264,0.042358,0.039159,0.032245,0.278551,0.245328,0.458983,0.212130,0.211658,0.088531,0.084007,0.098304,0.097548,0.043198,0.080712,0.088969,0.094492,0.086974,0.079167,0.086986,0.083454,0.103641,0.110954,0.542979,0.087844,0.089900,0.252878,0.091665,0.090206,0.075213,0.117802,0.109056,0.089405,0.131779,0.125037,0.091113,0.055479,0.098848,0.177578,0.042342,0.077258,0.075528,0.114149,0.103419,0.126575,0.080466,0.101943,0.129985,0.128472,0.092320,0.114251,0.117459,0.147757,0.087744,0.097295,0.282748,0.146632,0.137208,0.283474,0.068963,0.137460,0.101164,0.103008,0.117312,0.096305,0.087392,0.051664,0.070363,0.073954,0.075941,0.074404,0.390699,0.084757,0.100669,0.076749,0.142412,0.081806,0.048253,0.055925,0.067483,0.116038,0.085931,0.120306,0.149358,0.078876,0.086599,0.125051,0.089478,0.136164,0.150878,0.087399,0.057340,0.049188,0.091998,0.067175,0.102530,0.107004,0.064383,0.059358,0.084968,0.080380,0.103149,0.097362,0.101229,0.106096,0.064073,0.101539,0.065161,0.067453,0.063097,0.083400,0.103162,0.073225,0.076357,0.055982,0.058664,0.347742,0.082639,0.089750,0.073453,0.087199,0.127651,0.077875,0.069786,0.139083,0.110774,0.103462,0.131280,0.089503,0.047364,0.093748,0.088832,0.055638,0.059477,0.073014,0.116545,0.079913,0.087380,0.072594,0.037549,0.072615,0.071715
0.106283,0.061868,0.047218,0.053333,0.067125,0.096392,0.069400,0.116340,0.093340,0.072072,0.116196,0.093562,0.103411,0.046589,0.087917,0.094559,0.137407,0.062904,0.089961,0.083351,0.088747,0.064874,0.099460,0.111415,0.245602,0.115793,0.154241,0.117524,0.166538,0.110183,0.103759,0.138362,0.654174,0.556904,0.126711,0.191461,0.155223,0.558116,0.000000,0.143469,0.137078,0.133880,0.707518,0.107191,0.145416,0.537249,0.153071,0.107862,0.174246,0.102538,0.544196,0.150655,0.087505,0.144509,0.202442,0.111148,0.110189,0.124572,0.105288,0.173294,0.185595,0.171846,0.109605,0.111104,0.102149,0.135016,0.083171,0.142509,0.115032,0.104785,0.112086,0.179871,0.171055,0.148035,0.135640,0.098098,0.159766,0.097005,0.103720,0.096948,0.122477,0.117675,0.094225,0.146265,0.325872,0.094134,0.092121,0.048528,0.044876,0.029824,0.288242,0.231620,0.467952,0.221365,0.210507,0.090766,0.079232,0.100418,0.084237,0.048865,0.085951,0.083890,0.082738,0.076456,0.082318,0.085623,0.087457,0.115996,0.120657,0.627419,0.087982,0.090228,0.256468,0.108875,0.108015,0.084158,0.128300,0.125905,0.088254,0.126240,0.121812,0.093751,0.051627,0.102714,0.170553,0.039929,0.099242,0.076079,0.111557,0.116625,0.127023,0.085914,0.098592,0.137068,0.115214,0.098416,0.118470,0.124858,0.154611,0.088437,0.097524,0.298283,0.148825,0.146578,0.302216,0.070848,0.150824,0.103431,0.128446,0.123804,0.117139,0.099386,0.054695,0.060875,0.073026,0.069782,0.066994,0.363525,0.100723,0.090847,0.083570,0.151728,0.081484,0.044268,0.058898,0.086449,0.117103,0.093422,0.117947,0.161674,0.094320,0.096838,0.120370,0.086407,0.119908,0.163654,0.073487,0.064043,0.051569,0.097772,0.072789,0.110178,0.090122,0.074384,0.063051,0.074724,0.081443,0.101893,0.102178,0.106004,0.117168,0.065317,0.097923,0.062405,0.073097,0.073862,0.075518,0.114698,0.088137,0.077622,0.060472,0.056932,0.354879,0.084656,0.081961,0.098474,0.096879,0.137035,0.074857,0.070194,0.146277,0.103872,0.116029,0.127974,0.087159,0.047655,0.091870,0.106378,0.051980,0.056701,0.070708,0.112557,0.075921,0.100344,0.068874,0.040674,0.073941,0.071756
0.085487,0.047633,0.049260,0.042258,0.052308,0.074625,0.060396,0.088443,0.075764,0.060225,0.077243,0.079878,0.066595,0.037725,0.067387,0.077450,0.106547,0.042327,0.059602,0.069667,0.066524,0.049652,0.078437,0.082365,0.113357,0.134530,0.100695,0.129671,0.138689,0.068789,0.069260,0.122075,0.151509,0.144639,0.088743,0.132766,0.166262,0.138354,0.143469,0.000000,0.120309,0.118376,0.148830,0.098543,0.158192,0.133218,0.166627,0.072351,0.206514,0.077161,0.140835,0.101661,0.067358,0.162636,0.136686,0.070477,0.090931,0.152637,0.052432,0.207762,0.206138,0.206956,0.086130,0.093122,0.075958,0.104021,0.077921,0.091530,0.066127,0.070218,0.062952,0.126733,0.125691,0.134298,0.108102,0.064978,0.146323,0.081370,0.080161,0.074106,0.152533,0.149688,0.090483,0.161164,0.145555,0.071731,0.072255,0.045697,0.048641,0.032952,0.138247,0.113335,0.149597,0.135124,0.137771,0.066719,0.065215,0.053241,0.059892,0.045164,0.070632,0.065318,0.054419,0.063057,0.060446,0.060999,0.060860,0.079226,0.072334,0.145209,0.075606,0.071770,0.131688,0.073699,0.076201,0.056171,0.110545,0.085081,0.069780,0.106695,0.078832,0.063468,0.039333,0.073555,0.123639,0.036662,0.057178,0.059768,0.072097,0.086457,0.086357,0.078909,0.086354,0.143384,0.078948,0.085280,0.076737,0.115914,0.119089,0.070984,0.081923,0.130922,0.144142,0.094752,0.127492,0.050263,0.154277,0.077747,0.077960,0.083542,0.090509,0.069564,0.043141,0.050643,0.057334,0.052419,0.056450,0.141099,0.068139,0.082158,0.053627,0.115062,0.057673,0.034448,0.041232,0.071640,0.121860,0.075583,0.075861,0.139380,0.081011,0.079567,0.078998,0.067801,0.085980,0.145817,0.060447,0.058393,0.045093,0.067172,0.050317,0.068142,0.074760,0.051216,0.045861,0.059535,0.063449,0.084010,0.077986,0.071127,0.090208,0.064325,0.085230,0.043411,0.068827,0.061866,0.062892,0.094930,0.073302,0.061725,0.055850,0.047362,0.153324,0.066675,0.062714,0.059224,0.080403,0.093209,0.063061,0.060302,0.099958,0.072824,0.082930,0.092618,0.053095,0.049058,0.074913,0.072333,0.043418,0.043432,0.055417,0.117076,0.057597,0.076163,0.066269,0.040104,0.049440,0.054447
0.059382,0.034644,0.039866,0.038853,0.046772,0.057563,0.047397,0.062430,0.065392,0.052763,0.060628,0.051621,0.055750,0.028184,0.057490,0.056204,0.095220,0.042613,0.055719,0.062651,0.066002,0.045385,0.067765,0.066740,0.112610,0.147072,0.091128,0.138788,0.144011,0.065835,0.060162,0.577189,0.138853,0.128684,0.084097,0.126519,0.120312,0.133687,0.137078,0.120309,0.000000,0.114760,0.135294,0.110058,0.111892,0.135835,0.116213,0.060264,0.140226,0.070837,0.139091,0.096069,0.066551,0.114940,0.127806,0.060585,0.056071,0.111904,0.061208,0.136840,0.134607,0.132762,0.057335,0.061305,0.052785,0.098619,0.058049,0.075569,0.064352,0.053137,0.063068,0.132505,0.129076,0.142449,0.091405,0.053959,0.153936,0.067003,0.067910,0.063706,0.117305,0.117358,0.056645,0.113548,0.136398,0.057005,0.051866,0.047365,0.044891,0.034964,0.129400,0.106279,0.140162,0.110805,0.116886,0.060069,0.054542,0.047281,0.054118,0.043121,0.053405,0.058990,0.051440,0.050988,0.048776,0.054557,0.056259,0.061998,0.061915,0.134088,0.064379,0.062332,0.135850,0.059062,0.059657,0.050294,0.095695,0.064564,0.059729,0.083814,0.056340,0.057698,0.035075,0.054082,0.122485,0.033803,0.059993,0.044178,0.065269,0.071852,0.069072,0.054153,0.061209,0.123910,0.063500,0.067587,0.069176,0.105988,0.114601,0.055668,0.064491,0.126613,0.144866,0.078788,0.125025,0.047741,0.136309,0.053994,0.077519,0.077770,0.066005,0.057550,0.044837,0.039598,0.048077,0.044617,0.039697,0.132957,0.055623,0.057978,0.046321,0.111620,0.043258,0.031815,0.041332,0.064434,0.152768,0.059119,0.056444,0.141302,0.060770,0.061329,0.055296,0.058349,0.071507,0.156329,0.051298,0.055137,0.048902,0.051212,0.049559,0.065184,0.054444,0.046848,0.044274,0.049539,0.050188,0.068234,0.065643,0.049282,0.069072,0.066592,0.066928,0.043218,0.064141,0.047095,0.054334,0.073006,0.062917,0.042593,0.047377,0.039629,0.131016,0.052916,0.059220,0.053230,0.047313,0.074939,0.042871,0.050351,0.073760,0.069642,0.063684,0.086157,0.051407,0.043393,0.062577,0.050574,0.042167,0.042997,0.048029,0.126068,0.044305,0.065583,0.048830,0.032988,0.045741,0.045465
0.071323,0.044475,0.047749,0.035982,0.047821,0.053660,0.046677,0.070005,0.060819,0.044812,0.063359,0.051710,0.051056,0.036195,0.054730,0.048747,0.105961,0.040131,0.048207,0.045321,0.069707,0.038684,0.054566,0.050875,0.093634,0.106580,0.087917,0.104173,0.122210,0.060784,0.061402,0.111847,0.125969,0.113316,0.074660,0.119528,0.101600,0.107696,0.133880,0.118376,0.114760,0.000000,0.125734,0.090561,0.102794,0.113519,0.109448,0.057535,0.119617,0.074039,0.109965,0.084177,0.055127,0.101112,0.120932,0.062957,0.063962,0.107202,0.052068,0.121026,0.123122,0.130534,0.060310,0.061089,0.063729,0.105343,0.062216,0.079413,0.066721,0.055734,0.068423,0.116840,0.109434,0.113063,0.095897,0.045893,0.135188,0.060942,0.062123,0.051329,0.101587,0.105242,0.070276,0.109832,0.133811,0.055900,0.061138,0.049504,0.047717,0.039013,0.128298,0.095175,0.123327,0.105203,0.107244,0.053690,0.050260,0.046162,0.042131,0.045838,0.048444,0.054616,0.042515,0.049917,0.047534,0.050020,0.056355,0.067906,0.056835,0.116733,0.064637,0.056535,0.115317,0.073771,0.060723,0.047733,0.097926,0.059084,0.048812,0.098525,0.065546,0.055570,0.039978,0.054260,0.110748,0.028151,0.052069,0.048737,0.064604,0.073197,0.077304,0.066228,0.064243,0.121998,0.063035,0.061957,0.071397,0.300630,0.095510,0.061024,0.059199,0.114666,0.132328,0.076383,0.121104,0.043808,0.137239,0.054930,0.070569,0.072433,0.063216,0.053578,0.036262,0.036508,0.040809,0.041578,0.042281,0.112887,0.056106,0.058491,0.049196,0.101761,0.052014,0.031297,0.035940,0.067050,0.106493,0.055745,0.063267,0.122835,0.067885,0.067013,0.064798,0.043464,0.067329,0.126201,0.050073,0.059486,0.045069,0.054537,0.039142,0.062223,0.057527,0.045084,0.036795,0.042922,0.048572,0.068028,0.063523,0.051697,0.070142,0.060582,0.062213,0.038057,0.058207,0.041336,0.052575,0.065017,0.064165,0.043450,0.038316,0.049331,0.117074,0.046117,0.048098,0.048732,0.060854,0.078732,0.048071,0.047192,0.081501,0.064200,0.066653,0.081647,0.060436,0.046643,0.063136,0.046894,0.034534,0.040357,0.041313,0.097710,0.041738,0.065151,0.037275,0.032804,0.051906,0.045824
0.098559,0.067992,0.044195,0.053336,0.063055,0.097984,0.071620,0.111149,0.082508,0.076865,0.110311,0.087332,0.105678,0.054842,0.081662,0.093593,0.134315,0.048996,0.085573,0.080657,0.079729,0.062023,0.107429,0.107029,0.249417,0.118839,0.142599,0.114451,0.161233,0.093554,0.103863,0.136984,0.651083,0.577761,0.114914,0.188033,0.156211,0.583291,0.707518,0.148830,0.135294,0.125734,0.000000,0.104992,0.145400,0.552150,0.157307,0.106660,0.176580,0.100945,0.555520,0.137103,0.084550,0.148901,0.209967,0.102697,0.098458,0.129305,0.091448,0.167679,0.191563,0.169629,0.094630,0.098993,0.093399,0.133012,0.083097,0.138604,0.114074,0.101010,0.112212,0.189930,0.174942,0.142180,0.129195,0.089340,0.159412,0.089620,0.093734,0.088445,0.122314,0.129776,0.100383,0.150829,0.315636,0.092372,0.094990,0.051788,0.045760,0.030135,0.294468,0.242136,0.471127,0.225754,0.213095,0.087477,0.080989,0.094092,0.083722,0.049369,0.090866,0.083325,0.085097,0.082045,0.084755,0.080327,0.089263,0.105155,0.104018,0.632535,0.091639,0.086080,0.257193,0.094861,0.105245,0.082061,0.124014,0.127140,0.082393,0.141642,0.112467,0.089893,0.046999,0.093827,0.176287,0.046827,0.082444,0.066067,0.122488,0.106008,0.133486,0.087281,0.095099,0.135511,0.124673,0.102846,0.110110,0.120706,0.162276,0.094918,0.099455,0.301042,0.152007,0.152713,0.290188,0.069635,0.149299,0.104690,0.116809,0.124735,0.106369,0.098430,0.049744,0.068401,0.079408,0.076187,0.068163,0.363873,0.094520,0.089602,0.079582,0.163393,0.079079,0.042467,0.053021,0.072841,0.120710,0.090176,0.110503,0.158167,0.096988,0.103424,0.114054,0.084763,0.128589,0.161445,0.086716,0.064346,0.047247,0.093575,0.071349,0.109708,0.088722,0.071587,0.058643,0.076402,0.082242,0.107785,0.113051,0.102237,0.109528,0.070759,0.092561,0.054357,0.072842,0.067167,0.077912,0.110728,0.077982,0.078107,0.064524,0.059051,0.373722,0.087140,0.084289,0.078535,0.089087,0.144426,0.073068,0.067542,0.135337,0.110571,0.119564,0.119574,0.088308,0.049997,0.087082,0.103602,0.051172,0.056917,0.067555,0.110649,0.083292,0.087042,0.069584,0.051899,0.074562,0.063516
0.047212,0.028817,0.037940,0.034043,0.043860,0.047337,0.042660,0.048997,0.045558,0.044062,0.048226,0.039625,0.046616,0.027270,0.042516,0.048133,0.075284,0.037583,0.042747,0.043540,0.054563,0.031580,0.046849,0.054253,0.080250,0.081461,0.062776,0.079072,0.101058,0.045710,0.048663,0.110056,0.109153,0.104897,0.053267,0.100610,0.093781,0.109586,0.107191,0.098543,0.110058,0.090561,0.104992,0.000000,0.090855,0.095544,0.088712,0.045059,0.102985,0.056833,0.108242,0.063162,0.037833,0.094639,0.102897,0.049157,0.056152,0.089899,0.035619,0.104849,0.099726,0.103968,0.049889,0.055273,0.044723,0.073744,0.050611,0.059268,0.050190,0.042509,0.051797,0.101263,0.095916,0.119276,0.075085,0.038238,0.104287,0.046503,0.043152,0.045297,0.090545,0.092642,0.049404,0.094381,0.097958,0.046889,0.048241,0.037687,0.039034,0.047198,0.099382,0.081221,0.112363,0.090579,0.091651,0.045293,0.047385,0.041866,0.041451,0.039259,0.045241,0.038127,0.041648,0.038376,0.032333,0.036292,0.042123,0.049067,0.046326,0.100682,0.044804,0.052940,0.100026,0.047169,0.056021,0.049769,0.074695,0.046688,0.046375,0.059536,0.051841,0.047644,0.028224,0.047535,0.092773,0.026441,0.034478,0.035746,0.055503,0.055249,0.046155,0.048181,0.048692,0.089756,0.055426,0.050464,0.052331,0.084251,0.084514,0.048657,0.051128,0.097030,0.108749,0.065465,0.101113,0.038309,0.105802,0.044501,0.056378,0.054669,0.054528,0.056113,0.036903,0.036831,0.045209,0.046407,0.036707,0.106811,0.046292,0.051642,0.032070,0.082774,0.037222,0.025912,0.031757,0.053271,0.078336,0.050872,0.046297,0.099160,0.050326,0.052753,0.052580,0.046581,0.057704,0.100892,0.048276,0.061441,0.044984,0.041873,0.037922,0.046150,0.048903,0.044726,0.035684,0.041279,0.039468,0.051639,0.048837,0.042488,0.050997,0.054479,0.048459,0.031962,0.044666,0.041613,0.036757,0.055184,0.049124,0.034660,0.035008,0.038818,0.092747,0.040030,0.037115,0.047202,0.043651,0.066506,0.037775,0.038035,0.058250,0.048166,0.045239,0.060866,0.039193,0.034720,0.053122,0.046113,0.036097,0.032722,0.033944,0.110742,0.047783,0.046042,0.036094,0.030578,0.041851,0.035662
0.074142,0.051697,0.053426,0.041265,0.052036,0.073027,0.060192,0.073565,0.066733,0.063966,0.077741,0.059278,0.061704,0.033967,0.064669,0.060947,0.092374,0.039682,0.061334,0.063453,0.069886,0.047734,0.059702,0.066242,0.106992,0.108824,0.099361,0.107393,0.132187,0.069615,0.073928,0.108270,0.142057,0.133108,0.071578,0.126489,0.279405,0.121282,0.145416,0.158192,0.111892,0.102794,0.145400,0.090855,0.000000,0.125028,0.287522,0.059512,0.196483,0.075927,0.129752,0.097723,0.063636,0.432364,0.140820,0.070558,0.077923,0.210744,0.067253,0.196458,0.184476,0.196606,0.076917,0.074458,0.072746,0.091280,0.067010,0.075310,0.077103,0.057369,0.075045,0.116617,0.109983,0.124176,0.082810,0.053979,0.135943,0.064845,0.064027,0.068648,0.207244,0.202235,0.069545,0.232383,0.147514,0.073269,0.062863,0.052001,0.059723,0.038409,0.134447,0.102595,0.132209,0.113828,0.114033,0.069941,0.066782,0.055795,0.069012,0.046276,0.065600,0.066442,0.064537,0.064645,0.054227,0.069109,0.075254,0.068970,0.078254,0.131458,0.066461,0.076715,0.134438,0.072737,0.074245,0.059718,0.090325,0.078882,0.063058,0.084964,0.074640,0.064461,0.042865,0.070491,0.107278,0.033048,0.080217,0.051263,0.072956,0.077427,0.075048,0.059290,0.072234,0.129482,0.074938,0.078401,0.067283,0.099014,0.106101,0.062615,0.070437,0.130003,0.145421,0.079276,0.123038,0.061181,0.140935,0.071836,0.079762,0.074715,0.081915,0.069997,0.043195,0.059415,0.060704,0.052537,0.058790,0.139966,0.081248,0.078205,0.054466,0.109434,0.055404,0.037697,0.044575,0.074023,0.097075,0.076016,0.086279,0.128642,0.072390,0.072867,0.082615,0.053873,0.075747,0.143207,0.065940,0.051079,0.039427,0.058338,0.051534,0.060680,0.069776,0.052744,0.053556,0.059477,0.054699,0.075763,0.068644,0.064860,0.073629,0.053631,0.074394,0.044265,0.064630,0.061790,0.069340,0.077202,0.080565,0.054964,0.057510,0.044966,0.138966,0.062868,0.066905,0.067902,0.066289,0.072157,0.052065,0.054330,0.082890,0.069841,0.063294,0.083243,0.063800,0.061348,0.075881,0.069445,0.040320,0.039433,0.047955,0.104746,0.052853,0.059472,0.071202,0.032747,0.060918,0.052871
0.085518,0.067260,0.040434,0.050142,0.070610,0.095126,0.080727,0.096794,0.087323,0.083624,0.113106,0.075354,0.088493,0.043227,0.084519,0.090580,0.110235,0.053817,0.089789,0.089601,0.076088,0.059405,0.092656,0.101028,0.246666,0.121481,0.147541,0.120573,0.159912,0.107733,0.092683,0.133240,0.527051,0.705939,0.126522,0.188666,0.144199,0.698429,0.537249,0.133218,0.135835,0.113519,0.552150,0.095544,0.125028,0.000000,0.143406,0.106092,0.160022,0.096776,0.665606,0.138955,0.080489,0.126537,0.196802,0.107342,0.105166,0.107493,0.085192,0.160289,0.172001,0.166447,0.099978,0.101071,0.099739,0.120637,0.082774,0.126470,0.116267,0.097481,0.110100,0.160553,0.157894,0.147525,0.105220,0.085456,0.148287,0.089595,0.090033,0.086008,0.104374,0.107704,0.119512,0.133587,0.317267,0.096205,0.083344,0.042101,0.045940,0.027815,0.268082,0.243949,0.456411,0.199745,0.194567,0.099161,0.093715,0.103797,0.092620,0.048454,0.085473,0.085694,0.090971,0.081917,0.075519,0.083136,0.081583,0.100297,0.110476,0.529279,0.094462,0.086325,0.248304,0.090360,0.088114,0.071427,0.112353,0.103557,0.087865,0.138955,0.127179,0.099715,0.046499,0.104940,0.159956,0.042028,0.081722,0.083158,0.113206,0.099934,0.126248,0.087621,0.109383,0.123500,0.120238,0.088180,0.112458,0.121575,0.147808,0.087511,0.095723,0.276465,0.141558,0.137683,0.281444,0.065937,0.131503,0.109536,0.093950,0.100215,0.097048,0.086548,0.055338,0.074123,0.076968,0.076813,0.081217,0.370930,0.090017,0.087665,0.076977,0.141391,0.088846,0.039416,0.060976,0.070440,0.127018,0.090751,0.118870,0.153362,0.086853,0.086339,0.124148,0.083439,0.128038,0.156361,0.086289,0.057138,0.044751,0.088662,0.067796,0.101910,0.098554,0.073915,0.054926,0.081778,0.089886,0.106189,0.094167,0.095926,0.102495,0.062020,0.099034,0.059386,0.063511,0.062690,0.081493,0.100615,0.079391,0.073587,0.055853,0.059955,0.366457,0.077364,0.082142,0.078443,0.087111,0.111508,0.082672,0.073143,0.133661,0.107557,0.108501,0.119397,0.084530,0.047956,0.094472,0.093181,0.060290,0.058846,0.068536,0.108561,0.081408,0.093740,0.082378,0.044596,0.067572,0.076484
0.074394,0.057468,0.045577,0.048085,0.052419,0.076695,0.048813,0.073165,0.065714,0.055890,0.081462,0.057954,0.064782,0.038279,0.065084,0.053963,0.101573,0.040342,0.055379,0.057753,0.064420,0.043150,0.071514,0.067996,0.114388,0.102588,0.099821,0.098049,0.148270,0.066166,0.070072,0.118660,0.152336,0.147621,0.074000,0.126290,0.368563,0.149235,0.153071,0.166627,0.116213,0.109448,0.157307,0.088712,0.287522,0.143406,0.000000,0.063964,0.217026,0.077832,0.143588,0.096700,0.065047,0.299714,0.144665,0.079058,0.077055,0.225175,0.067555,0.220258,0.212790,0.215094,0.069901,0.078989,0.071559,0.106591,0.078700,0.087519,0.086315,0.053727,0.086493,0.119647,0.110857,0.121989,0.096213,0.058201,0.138098,0.061964,0.063372,0.062780,0.207634,0.205549,0.072342,0.273064,0.143115,0.068772,0.066389,0.048074,0.046494,0.033401,0.142187,0.114005,0.147415,0.124251,0.132047,0.067154,0.067717,0.058704,0.064543,0.049371,0.065108,0.060567,0.064030,0.072190,0.051006,0.067241,0.080988,0.075869,0.066924,0.143027,0.067128,0.075883,0.145679,0.063722,0.074497,0.058180,0.102218,0.089300,0.064646,0.089806,0.080054,0.069490,0.039893,0.062081,0.108043,0.046406,0.062823,0.052318,0.068431,0.083728,0.096765,0.069899,0.071566,0.149032,0.067803,0.080665,0.069799,0.101232,0.105394,0.066125,0.085857,0.133902,0.124313,0.083603,0.125478,0.049281,0.126921,0.065316,0.082831,0.085553,0.077889,0.069194,0.038387,0.046484,0.050287,0.053414,0.053776,0.153992,0.090028,0.075312,0.060662,0.103918,0.053270,0.037329,0.036580,0.068099,0.103784,0.082451,0.085991,0.142602,0.069403,0.073582,0.083466,0.063609,0.071491,0.146415,0.068154,0.051610,0.036683,0.051147,0.049268,0.066494,0.071935,0.052454,0.042591,0.045866,0.043472,0.074860,0.069642,0.049503,0.073693,0.053803,0.061219,0.039986,0.062412,0.062017,0.054607,0.072338,0.069735,0.044889,0.047368,0.045894,0.148779,0.059862,0.069693,0.068087,0.068853,0.087418,0.061143,0.056393,0.085325,0.079933,0.059560,0.081430,0.066856,0.046291,0.066579,0.072487,0.042164,0.042675,0.049454,0.099327,0.054566,0.058444,0.053183,0.042280,0.051633,0.050856
0.115667,0.069427,0.043424,0.047135,0.090380,0.116259,0.072104,0.169966,0.128125,0.074650,0.122818,0.120598,0.136072,0.061602,0.106206,0.159465,0.052051,0.076551,0.100613,0.098543,0.112315,0.067320,0.113356,0.148845,0.082541,0.063375,0.107641,0.066868,0.067392,0.106134,0.100771,0.062309,0.114057,0.110424,0.132736,0.091754,0.072133,0.106993,0.107862,0.072351,0.060264,0.057535,0.106660,0.045059,0.059512,0.106092,0.063964,0.000000,0.081592,0.117953,0.106307,0.098208,0.137032,0.064103,0.090667,0.107223,0.139029,0.056641,0.139710,0.077407,0.081107,0.083267,0.139317,0.139101,0.116844,0.060297,0.098618,0.140155,0.115678,0.134839,0.112332,0.079637,0.063835,0.074431,0.066578,0.082686,0.080254,0.115270,0.138622,0.112053,0.057663,0.064103,0.124311,0.054758,0.086595,0.099909,0.112367,0.043370,0.044343,0.029460,0.103301,0.075532,0.104540,0.083479,0.085576,0.108490,0.107606,0.108455,0.099034,0.048203,0.150123,0.111751,0.100751,0.118007,0.113748,0.122004,0.125602,0.117559,0.106477,0.112636,0.076870,0.115205,0.086210,0.147844,0.129889,0.063915,0.070222,0.119335,0.099131,0.107099,0.123917,0.097951,0.051338,0.144230,0.069046,0.048913,0.128246,0.083896,0.071709,0.125780,0.145192,0.101700,0.118807,0.061749,0.077484,0.096322,0.073324,0.055713,0.067307,0.112164,0.100180,0.101864,0.069100,0.061317,0.108461,0.078876,0.062680,0.136017,0.114351,0.118248,0.103864,0.099026,0.069240,0.109551,0.108157,0.120789,0.084313,0.135884,0.114322,0.148118,0.073312,0.071820,0.139920,0.047663,0.059245,0.111206,0.059600,0.114596,0.116711,0.069726,0.088421,0.081155,0.114306,0.142903,0.080136,0.070133,0.138438,0.045308,0.056259,0.130020,0.069520,0.603549,0.148517,0.120712,0.063728,0.088744,0.139259,0.177944,0.083467,0.131447,0.183081,0.111870,0.132405,0.053722,0.074667,0.109856,0.107132,0.159915,0.109304,0.125817,0.066259,0.067943,0.130139,0.117077,0.119868,0.112294,0.127909,0.147013,0.096125,0.099652,0.093080,0.072527,0.464714,0.113833,0.111932,0.052243,0.137531,0.141375,0.058016,0.068336,0.071248,0.050946,0.127960,0.119466,0.085037,0.074938,0.069586,0.089372
0.091848,0.050209,0.051954,0.053741,0.061832,0.086552,0.069205,0.108157,0.080947,0.076468,0.104884,0.082131,0.079640,0.050076,0.073617,0.086691,0.120962,0.039725,0.077501,0.070619,0.078693,0.056721,0.089038,0.090464,0.137515,0.116253,0.110641,0.127577,0.180734,0.092043,0.093997,0.137896,0.175773,0.156596,0.113607,0.151021,0.204589,0.165092,0.174246,0.206514,0.140226,0.119617,0.176580,0.102985,0.196483,0.160022,0.217026,0.081592,0.000000,0.099715,0.167348,0.116776,0.078803,0.211351,0.158200,0.095377,0.089468,0.197044,0.081339,0.731588,0.557324,0.624608,0.093274,0.090194,0.087790,0.116988,0.087944,0.113791,0.102728,0.086459,0.094577,0.138005,0.130718,0.158330,0.111972,0.081757,0.189514,0.086667,0.086549,0.077026,0.184269,0.206266,0.090348,0.191199,0.197092,0.086519,0.084363,0.048359,0.049928,0.032546,0.196239,0.137278,0.179710,0.150083,0.152207,0.078803,0.082082,0.071681,0.074539,0.051035,0.072630,0.072862,0.070172,0.067885,0.062605,0.077706,0.077042,0.100446,0.093469,0.164875,0.080707,0.077585,0.165552,0.093768,0.082628,0.069647,0.120051,0.087168,0.090766,0.112721,0.096937,0.082409,0.039460,0.083794,0.130856,0.033996,0.071217,0.073604,0.092884,0.112021,0.108496,0.081314,0.090512,0.166364,0.100313,0.110592,0.096734,0.117764,0.136163,0.075869,0.097599,0.155476,0.170756,0.104315,0.149699,0.069799,0.168283,0.082698,0.103419,0.102440,0.086664,0.083282,0.041329,0.061745,0.069153,0.067574,0.056436,0.181197,0.087174,0.103288,0.054719,0.132064,0.071502,0.054845,0.053410,0.077148,0.119295,0.084029,0.105177,0.165801,0.090402,0.086980,0.105243,0.069919,0.097917,0.181002,0.072446,0.055222,0.038203,0.082145,0.064190,0.083293,0.085047,0.059843,0.056220,0.058284,0.068030,0.107554,0.090941,0.079460,0.100680,0.071758,0.084147,0.059009,0.079415,0.075858,0.069804,0.098460,0.077677,0.071810,0.065730,0.052679,0.187435,0.078156,0.065877,0.072148,0.078685,0.107975,0.073662,0.058864,0.109270,0.093933,0.091018,0.102880,0.081257,0.057390,0.084205,0.093194,0.053912,0.048016,0.059020,0.118368,0.072350,0.086235,0.058569,0.050184,0.062870,0.071489
0.121761,0.085208,0.032499,0.046916,0.099643,0.133453,0.116621,0.143997,0.117174,0.109445,0.245923,0.120544,0.147696,0.052417,0.182662,0.116584,0.088100,0.061261,0.096456,0.118923,0.108081,0.080320,0.120035,0.125086,0.074015,0.071849,0.112708,0.068596,0.098829,0.097873,0.084110,0.079889,0.110849,0.105431,0.404344,0.104177,0.075018,0.096399,0.102538,0.077161,0.070837,0.074039,0.100945,0.056833,0.075927,0.096776,0.077832,0.117953,0.099715,0.000000,0.103431,0.097783,0.166338,0.074474,0.097127,0.094964,0.132806,0.069662,0.191226,0.100168,0.095769,0.091121,0.139786,0.123948,0.131468,0.093103,0.101379,0.424787,0.260577,0.098285,0.272215,0.072835,0.082908,0.092883,0.081157,0.088715,0.091765,0.117020,0.116827,0.095063,0.070207,0.067088,0.155428,0.079804,0.101332,0.125355,0.096237,0.036861,0.036693,0.028035,0.111059,0.074956,0.111916,0.093776,0.096086,0.220031,0.225256,0.111091,0.099347,0.037103,0.139459,0.266081,0.097637,0.155852,0.149591,0.188886,0.204822,0.310058,0.282058,0.106705,0.083318,0.111126,0.090076,0.153108,0.156005,0.102693,0.081256,0.160613,0.100650,0.097810,0.246627,0.228394,0.064993,0.142362,0.089254,0.067870,0.190799,0.092584,0.092529,0.663278,0.399112,0.097586,0.149724,0.076512,0.092937,0.104961,0.103731,0.071785,0.079131,0.099108,0.094798,0.083985,0.086232,0.073414,0.109735,0.106709,0.082505,0.144655,0.136307,0.144112,0.143707,0.096918,0.065842,0.136635,0.152765,0.167423,0.161254,0.107179,0.090605,0.164401,0.106702,0.074379,0.114437,0.072511,0.069192,0.107130,0.066955,0.115098,0.247541,0.088266,0.081217,0.082762,0.248982,0.170660,0.107613,0.088365,0.144694,0.046332,0.055920,0.097299,0.099218,0.143733,0.159398,0.112899,0.077320,0.154275,0.110539,0.151744,0.098193,0.095676,0.118287,0.080579,0.135283,0.108175,0.083839,0.118824,0.265639,0.120963,0.109520,0.089193,0.085196,0.107653,0.111192,0.113554,0.151563,0.119224,0.118900,0.177606,0.098049,0.176347,0.107705,0.082154,0.145228,0.150036,0.227758,0.038922,0.137152,0.156664,0.051927,0.052905,0.101824,0.067105,0.162446,0.127154,0.170993,0.066023,0.105590,0.094996
0.090981,0.061203,0.042435,0.051704,0.068781,0.098103,0.079952,0.111415,0.090000,0.080497,0.114858,0.083125,0.090851,0.049651,0.082333,0.094886,0.111056,0.055508,0.074065,0.080385,0.073564,0.063284,0.098879,0.099001,0.246802,0.118823,0.151650,0.117453,0.156625,0.096053,0.097243,0.134763,0.541828,0.689670,0.133917,0.197770,0.145917,0.753595,0.544196,0.140835,0.139091,0.109965,0.555520,0.108242,0.129752,0.665606,0.143588,0.106307,0.167348,0.103431,0.000000,0.141585,0.085131,0.138126,0.213900,0.096224,0.101619,0.116478,0.086264,0.172551,0.178073,0.164961,0.098663,0.099235,0.096165,0.120421,0.079672,0.130272,0.124417,0.099905,0.122645,0.175765,0.166654,0.162271,0.113807,0.090295,0.159685,0.095776,0.097382,0.094714,0.113164,0.111969,0.115066,0.136297,0.322734,0.093580,0.088051,0.039206,0.041447,0.034179,0.291210,0.245019,0.462637,0.219624,0.208472,0.090974,0.085796,0.097012,0.088251,0.046935,0.083291,0.084713,0.085195,0.088553,0.085077,0.094419,0.088391,0.109852,0.113705,0.535964,0.103312,0.083763,0.259650,0.092088,0.091882,0.073819,0.119916,0.111720,0.086995,0.145441,0.123042,0.097832,0.048516,0.103767,0.175084,0.041198,0.081768,0.078973,0.121530,0.111774,0.134142,0.090354,0.112367,0.135518,0.131996,0.098769,0.117027,0.119360,0.151456,0.083396,0.098589,0.287329,0.150736,0.141648,0.281344,0.068421,0.143075,0.104714,0.104694,0.115304,0.104829,0.094893,0.054129,0.068345,0.073750,0.074136,0.074557,0.389312,0.084835,0.095189,0.080299,0.141470,0.083363,0.049942,0.059469,0.076202,0.119956,0.086641,0.124004,0.154764,0.088482,0.087212,0.122177,0.091714,0.140423,0.152015,0.080657,0.056653,0.052394,0.091024,0.069163,0.111493,0.101260,0.071585,0.059150,0.079643,0.091531,0.101929,0.094219,0.100895,0.109014,0.070316,0.110142,0.059167,0.074225,0.063917,0.080687,0.104685,0.081375,0.076149,0.056071,0.057376,0.361361,0.089112,0.084049,0.078634,0.088530,0.122994,0.086138,0.075439,0.135247,0.112369,0.106440,0.127109,0.092316,0.049798,0.093217,0.094667,0.048667,0.065830,0.071936,0.116172,0.078669,0.084311,0.074585,0.050995,0.074096,0.075020
0.091453,0.056987,0.051747,0.048493,0.060534,0.088252,0.069679,0.119711,0.105715,0.064925,0.098275,0.088106,0.089722,0.044227,0.081686,0.073462,0.092150,0.046609,0.085571,0.084580,0.109452,0.064419,0.119776,0.092661,0.091585,0.081491,0.515518,0.077692,0.107066,0.109160,0.116363,0.093889,0.144068,0.137017,0.096683,0.114403,0.098896,0.140884,0.150655,0.101661,0.096069,0.084177,0.137103,0.063162,0.097723,0.138955,0.096700,0.098208,0.116776,0.097783,0.141585,0.000000,0.099016,0.087407,0.111840,0.113774,0.091526,0.079425,0.081057,0.113950,0.120643,0.118069,0.089035,0.092712,0.085068,0.082422,0.096639,0.093413,0.088813,0.083956,0.090375,0.115486,0.107081,0.099519,0.088262,0.090185,0.105504,0.099146,0.096820,0.080285,0.085813,0.076389,0.084983,0.091227,0.119127,0.090553,0.101827,0.050486,0.048088,0.033116,0.134973,0.087263,0.134493,0.104038,0.113758,0.087743,0.077956,0.079861,0.079811,0.053275,0.080509,0.080868,0.083307,0.074481,0.077756,0.089557,0.094938,0.084856,0.085403,0.132550,0.100468,0.085840,0.122266,0.090703,0.091709,0.079825,0.089708,0.097060,0.093835,0.123896,0.103154,0.082144,0.049325,0.082067,0.115520,0.043129,0.070985,0.070938,0.086101,0.090864,0.091843,0.103349,0.095974,0.082686,0.095786,0.105739,0.102362,0.080791,0.099488,0.110601,0.115264,0.117259,0.107255,0.076860,0.108022,0.082079,0.096488,0.086083,0.120482,0.126274,0.097909,0.085042,0.044637,0.065291,0.076405,0.074992,0.069775,0.136275,0.083447,0.091642,0.064367,0.086942,0.075792,0.039552,0.051278,0.114975,0.084231,0.085790,0.102261,0.101223,0.085219,0.088067,0.099295,0.088430,0.102512,0.102457,0.079049,0.057396,0.050181,0.082033,0.071794,0.089478,0.094619,0.078279,0.065924,0.062040,0.074921,0.114856,0.087867,0.077915,0.096527,0.071699,0.094988,0.065086,0.074336,0.070823,0.074778,0.088746,0.112770,0.064105,0.068589,0.052717,0.131604,0.089376,0.078987,0.088311,0.098620,0.111795,0.072606,0.063128,0.141385,0.093638,0.095017,0.109502,0.085969,0.047740,0.087402,0.095667,0.040923,0.057703,0.066350,0.079788,0.075165,0.100889,0.072386,0.041781,0.082304,0.068830
0.172947,0.106378,0.043726,0.058942,0.128789,0.151195,0.103494,0.173794,0.187389,0.103492,0.164809,0.156695,0.230663,0.050864,0.113990,0.181206,0.062341,0.092601,0.172523,0.167404,0.126003,0.096074,0.149331,0.199883,0.075746,0.067103,0.103484,0.055852,0.073578,0.120595,0.114855,0.059292,0.088415,0.088933,0.189717,0.074724,0.061918,0.081603,0.087505,0.067358,0.066551,0.055127,0.084550,0.037833,0.063636,0.080489,0.065047,0.137032,0.078803,0.166338,0.085131,0.099016,0.000000,0.066070,0.077955,0.119103,0.205036,0.056880,0.160806,0.075591,0.072972,0.072442,0.190477,0.201885,0.153928,0.062275,0.131040,0.183604,0.161761,0.169111,0.161515,0.077240,0.074379,0.054672,0.068371,0.080878,0.067579,0.167204,0.165365,0.133708,0.054453,0.050770,0.119595,0.058186,0.095733,0.104785,0.150813,0.037324,0.037681,0.031652,0.080573,0.062546,0.084531,0.090705,0.085381,0.134106,0.144968,0.097439,0.100164,0.046673,0.214119,0.136697,0.090895,0.133742,0.142652,0.133869,0.135091,0.174269,0.156568,0.081829,0.082236,0.183974,0.072929,0.218222,0.130778,0.100832,0.066654,0.133393,0.170407,0.085681,0.148236,0.128094,0.055562,0.198689,0.074013,0.059160,0.148129,0.080931,0.073826,0.163791,0.165572,0.116177,0.118644,0.062231,0.086917,0.118809,0.105153,0.055859,0.070674,0.137972,0.121452,0.077308,0.083003,0.063908,0.080661,0.110210,0.069107,0.196037,0.170624,0.176715,0.145600,0.119648,0.091615,0.220065,0.238451,0.251431,0.102859,0.092480,0.126117,0.280618,0.112829,0.070079,0.165451,0.050652,0.049050,0.131327,0.055987,0.184157,0.156524,0.068885,0.106639,0.103065,0.154516,0.261985,0.085975,0.067378,0.236966,0.051653,0.086354,0.155372,0.100064,0.153949,0.263247,0.217766,0.090653,0.118529,0.178972,0.189541,0.078306,0.165816,0.184640,0.091601,0.157484,0.069630,0.082298,0.207142,0.139988,0.177916,0.134914,0.150358,0.093694,0.075432,0.083982,0.154811,0.133642,0.220150,0.167873,0.131861,0.081732,0.117724,0.108854,0.067649,0.144981,0.141009,0.125665,0.051444,0.165620,0.210808,0.042385,0.042456,0.110440,0.047921,0.253170,0.163876,0.117413,0.067028,0.104748,0.089710
0.078792,0.046321,0.049455,0.041641,0.056001,0.062804,0.058444,0.074002,0.068514,0.062682,0.074720,0.066063,0.062752,0.035174,0.061264,0.059026,0.097631,0.043394,0.062837,0.065655,0.071026,0.043380,0.058556,0.062905,0.108894,0.112483,0.094965,0.100214,0.133319,0.067048,0.070026,0.107794,0.144319,0.139246,0.077076,0.128334,0.278777,0.133575,0.144509,0.162636,0.114940,0.101112,0.148901,0.094639,0.432364,0.126537,0.299714,0.064103,0.211351,0.074474,0.138126,0.087407,0.066070,0.000000,0.138827,0.066361,0.080207,0.241355,0.073379,0.201434,0.186481,0.197112,0.075530,0.079383,0.074945,0.099628,0.071302,0.078049,0.087195,0.058747,0.084826,0.115412,0.110605,0.120432,0.084070,0.068344,0.137561,0.071024,0.065936,0.068947,0.220358,0.227993,0.066018,0.243420,0.149329,0.069623,0.061517,0.051270,0.050852,0.036120,0.140124,0.109078,0.144437,0.127988,0.124230,0.073107,0.072133,0.052027,0.066245,0.046156,0.070450,0.059622,0.064847,0.062164,0.058689,0.066736,0.071701,0.067809,0.082646,0.144471,0.062738,0.068601,0.134994,0.077184,0.082647,0.056325,0.094941,0.076573,0.064858,0.083013,0.080325,0.068942,0.037466,0.065243,0.110067,0.035980,0.071000,0.054383,0.070855,0.082161,0.080562,0.065173,0.066057,0.131183,0.067034,0.079257,0.072313,0.090661,0.111309,0.064308,0.082905,0.128792,0.137431,0.084838,0.124729,0.053646,0.126724,0.071193,0.072089,0.073028,0.080154,0.071395,0.039946,0.050633,0.062884,0.059139,0.053683,0.144427,0.077434,0.071007,0.050111,0.111961,0.057142,0.035257,0.035939,0.074320,0.111173,0.072439,0.089033,0.132005,0.072742,0.080428,0.084355,0.056289,0.075517,0.141447,0.072368,0.051351,0.040303,0.055360,0.052682,0.067751,0.066241,0.056076,0.040390,0.053085,0.052694,0.068561,0.075433,0.058022,0.077652,0.057573,0.064857,0.046994,0.069846,0.060505,0.062427,0.073025,0.075812,0.049152,0.051795,0.044456,0.142405,0.058901,0.066599,0.067676,0.069248,0.078079,0.057391,0.065888,0.075231,0.077825,0.066269,0.085529,0.065852,0.049050,0.077862,0.076395,0.037306,0.040615,0.049282,0.105501,0.058451,0.066913,0.055563,0.031048,0.055121,0.055711
0.082330,0.052754,0.049210,0.053088,0.058533,0.075265,0.064890,0.108383,0.094017,0.068626,0.088901,0.068356,0.096774,0.045689,0.074305,0.077846,0.112679,0.061560,0.084918,0.088344,0.074243,0.050466,0.079172,0.083603,0.167467,0.106551,0.112160,0.102940,0.141797,0.077358,0.088026,0.125543,0.198531,0.206403,0.109530,0.508709,0.143720,0.210109,0.202442,0.136686,0.127806,0.120932,0.209967,0.102897,0.140820,0.196802,0.144665,0.090667,0.158200,0.097127,0.213900,0.111840,0.077955,0.138827,0.000000,0.085061,0.090205,0.125057,0.069365,0.153256,0.160979,0.157328,0.095516,0.091936,0.075875,0.124062,0.075098,0.106380,0.084266,0.081508,0.086568,0.147046,0.137999,0.137890,0.100764,0.060455,0.147555,0.080692,0.080091,0.076824,0.122832,0.120009,0.084157,0.138660,0.228350,0.081981,0.076578,0.053848,0.052584,0.035864,0.231099,0.159989,0.223623,0.177642,0.175362,0.078391,0.072470,0.076149,0.083613,0.049319,0.079361,0.071953,0.082106,0.065622,0.056505,0.075366,0.077599,0.090340,0.092008,0.201365,0.065902,0.089808,0.206562,0.091462,0.083976,0.065601,0.111831,0.084038,0.067981,0.119390,0.085264,0.078985,0.046671,0.078376,0.133833,0.041318,0.064826,0.063370,0.089260,0.101036,0.099134,0.082788,0.086134,0.135056,0.093516,0.096473,0.083632,0.100472,0.157549,0.075442,0.099945,0.195733,0.138795,0.110346,0.200782,0.058372,0.144836,0.077982,0.091380,0.093688,0.086705,0.086439,0.063629,0.056702,0.065109,0.067430,0.057222,0.227031,0.087012,0.096056,0.065340,0.161188,0.064832,0.048118,0.045937,0.075859,0.116717,0.090062,0.089754,0.147998,0.089104,0.092552,0.083839,0.074310,0.099025,0.141912,0.079133,0.057452,0.054104,0.077546,0.059159,0.089363,0.090913,0.071292,0.049512,0.050177,0.074453,0.104874,0.084405,0.080502,0.092454,0.056832,0.087686,0.053598,0.075557,0.063078,0.065058,0.097107,0.072087,0.062202,0.059831,0.042188,0.219310,0.064069,0.063096,0.072303,0.078442,0.114099,0.065187,0.063880,0.101566,0.086497,0.088982,0.104172,0.071827,0.052603,0.078096,0.083488,0.042246,0.038281,0.059450,0.112985,0.070952,0.084222,0.060289,0.040094,0.052881,0.065886
0.290073,0.066789,0.053478,0.048902,0.097062,0.108686,0.075411,0.158902,0.116021,0.079211,0.099473,0.168527,0.122310,0.052599,0.107413,0.120634,0.078127,0.108637,0.185486,0.187663,0.153999,0.063742,0.116057,0.120404,0.076754,0.076781,0.120507,0.072634,0.082262,0.737601,0.806207,0.061086,0.104909,0.101388,0.122481,0.083926,0.072437,0.098447,0.111148,0.070477,0.060585,0.062957,0.102697,0.049157,0.070558,0.107342,0.079058,0.107223,0.095377,0.094964,0.096224,0.113774,0.119103,0.066361,0.085061,0.000000,0.249638,0.074229,0.098950,0.093121,0.083243,0.094014,0.239938,0.253137,0.247448,0.072332,0.404466,0.122855,0.095005,0.111608,0.095797,0.082514,0.081049,0.072714,0.074290,0.082128,0.084926,0.284858,0.288958,0.178575,0.067074,0.064976,0.115842,0.079127,0.102954,0.098977,0.336283,0.047560,0.050170,0.031968,0.109680,0.077236,0.106223,0.111379,0.103761,0.091038,0.082296,0.068209,0.072745,0.051026,0.113637,0.088654,0.075603,0.084261,0.081402,0.106180,0.113331,0.093989,0.094821,0.098619,0.077214,0.196807,0.103782,0.237758,0.108792,0.088385,0.078998,0.103312,0.117122,0.110450,0.105479,0.087959,0.046712,0.132951,0.075094,0.051896,0.093422,0.076877,0.079935,0.107504,0.113155,0.435544,0.118289,0.076991,0.078493,0.384997,0.085037,0.061950,0.072420,0.327263,0.391421,0.095975,0.084095,0.064080,0.092332,0.090028,0.083061,0.137500,0.119551,0.120493,0.103651,0.161955,0.110332,0.097258,0.111219,0.122599,0.083597,0.088659,0.177561,0.159071,0.068131,0.075420,0.099871,0.037525,0.051789,0.150039,0.076194,0.199130,0.105277,0.081114,0.225763,0.226012,0.097985,0.122647,0.089116,0.085187,0.110530,0.049723,0.097836,0.110140,0.063038,0.105596,0.162037,0.108876,0.060273,0.078231,0.096742,0.166033,0.075763,0.113517,0.140309,0.071512,0.116188,0.064389,0.085504,0.120042,0.084134,0.137819,0.148991,0.090894,0.064329,0.062968,0.112633,0.106713,0.085455,0.128966,0.262925,0.126437,0.079968,0.096532,0.094299,0.076178,0.116852,0.127917,0.079568,0.062125,0.246335,0.143794,0.045527,0.040552,0.070515,0.055916,0.120863,0.287027,0.090759,0.042892,0.090118,0.074437
0.355149,0.088823,0.035693,0.045085,0.131088,0.154827,0.122803,0.220735,0.174000,0.128963,0.170493,0.249539,0.172234,0.052430,0.104864,0.163919,0.075983,0.166388,0.234002,0.241011,0.147306,0.087559,0.136779,0.201794,0.084754,0.069166,0.096444,0.069695,0.085250,0.227483,0.254920,0.063565,0.093467,0.105514,0.186091,0.081189,0.072250,0.096019,0.110189,0.090931,0.056071,0.063962,0.098458,0.056152,0.077923,0.105166,0.077055,0.139029,0.089468,0.132806,0.101619,0.091526,0.205036,0.080207,0.090205,0.249638,0.000000,0.077588,0.138320,0.094589,0.085166,0.089625,0.858541,0.932397,0.278475,0.075596,0.258700,0.176122,0.147529,0.186049,0.152083,0.078692,0.080536,0.064773,0.073007,0.084915,0.071337,0.331494,0.326787,0.209031,0.066894,0.071595,0.143684,0.074069,0.128776,0.111430,0.257390,0.041258,0.039582,0.026400,0.103777,0.079785,0.101052,0.108968,0.102965,0.137687,0.137202,0.132915,0.118244,0.036406,0.201431,0.121978,0.119899,0.129887,0.124696,0.137712,0.147054,0.155497,0.137070,0.103928,0.069289,0.242016,0.097142,0.515005,0.166389,0.124042,0.079589,0.149899,0.160270,0.103320,0.151323,0.133890,0.047590,0.197674,0.077242,0.051087,0.125193,0.115611,0.083392,0.142367,0.150169,0.246811,0.155849,0.071499,0.096656,0.233204,0.085044,0.060588,0.077753,0.243934,0.246782,0.101314,0.089874,0.074744,0.085119,0.101950,0.077226,0.207724,0.154961,0.157929,0.172298,0.282872,0.171483,0.151997,0.172463,0.182976,0.098330,0.103092,0.299375,0.246581,0.104093,0.082517,0.176653,0.054617,0.052919,0.145090,0.066446,0.238162,0.157959,0.076493,0.214868,0.223194,0.164147,0.184229,0.095235,0.078177,0.205467,0.049528,0.145844,0.183867,0.096676,0.161442,0.257296,0.188928,0.085807,0.103531,0.160429,0.235223,0.088794,0.181574,0.194230,0.092208,0.171010,0.065269,0.098445,0.171081,0.117638,0.193889,0.150627,0.148087,0.107486,0.082486,0.093243,0.150302,0.119493,0.175259,0.346346,0.175981,0.123588,0.121174,0.093318,0.091491,0.159614,0.166508,0.117046,0.051201,0.301404,0.161461,0.040112,0.045632,0.110201,0.047499,0.182752,0.331369,0.103618,0.049343,0.106331,0.114696
0.069938,0.049274,0.046036,0.043032,0.054376,0.065898,0.054257,0.072663,0.080579,0.056868,0.073220,0.063544,0.066751,0.032441,0.058599,0.059059,0.097041,0.047547,0.065892,0.060785,0.064918,0.046132,0.064468,0.066041,0.099159,0.098072,0.085488,0.098152,0.119963,0.068363,0.074997,0.114351,0.128113,0.115855,0.076383,0.111825,0.211221,0.115698,0.124572,0.152637,0.111904,0.107202,0.129305,0.089899,0.210744,0.107493,0.225175,0.056641,0.197044,0.069662,0.116478,0.079425,0.056880,0.241355,0.125057,0.074229,0.077588,0.000000,0.052237,0.196007,0.196917,0.199688,0.071300,0.079933,0.069414,0.096520,0.071658,0.080309,0.074269,0.060604,0.070868,0.112995,0.108661,0.106058,0.084073,0.058049,0.124428,0.074475,0.076805,0.063733,0.374532,0.414804,0.063892,0.192742,0.151997,0.072946,0.074731,0.051985,0.048909,0.037991,0.136651,0.096363,0.127931,0.111633,0.112083,0.058477,0.065350,0.043343,0.056543,0.050434,0.060393,0.062237,0.054893,0.063944,0.051776,0.065310,0.072497,0.074212,0.078553,0.124517,0.058443,0.062262,0.123303,0.059540,0.075871,0.058427,0.097651,0.081449,0.064671,0.080656,0.075329,0.059983,0.037561,0.062407,0.111648,0.033933,0.055497,0.055220,0.067529,0.082986,0.084331,0.068043,0.068316,0.130654,0.069210,0.078782,0.067160,0.091205,0.107823,0.066033,0.074030,0.116964,0.127399,0.079694,0.113923,0.048014,0.127008,0.064081,0.066573,0.072707,0.068415,0.070803,0.045190,0.044977,0.052633,0.056102,0.052396,0.125557,0.074123,0.068831,0.054600,0.108948,0.061328,0.030590,0.035606,0.064211,0.098241,0.062370,0.071941,0.130198,0.080294,0.077331,0.075831,0.051866,0.077581,0.131428,0.066930,0.054418,0.045856,0.062469,0.050883,0.062057,0.068667,0.052892,0.044233,0.050682,0.050213,0.074118,0.075504,0.057838,0.069488,0.063185,0.065529,0.044110,0.069907,0.053362,0.057125,0.061495,0.068053,0.053711,0.047271,0.047530,0.121705,0.057936,0.055670,0.055382,0.065178,0.082739,0.059757,0.052843,0.076697,0.067115,0.065019,0.079115,0.063966,0.048086,0.070358,0.070205,0.038698,0.038547,0.047382,0.096813,0.056023,0.070216,0.055123,0.043532,0.045690,0.053280
0.137856,0.138686,0.037351,0.059724,0.093710,0.122322,0.090860,0.167512,0.107816,0.087153,0.240741,0.142235,0.133963,0.048824,0.147943,0.111220,0.062601,0.075185,0.104937,0.101482,0.085236,0.066452,0.108081,0.125423,0.061480,0.059638,0.102188,0.054392,0.055956,0.095994,0.099097,0.062204,0.094922,0.097865,0.245448,0.078712,0.057999,0.077763,0.105288,0.052432,0.061208,0.052068,0.091448,0.035619,0.067253,0.085192,0.067555,0.139710,0.081339,0.191226,0.086264,0.081057,0.160806,0.073379,0.069365,0.098950,0.138320,0.052237,0.000000,0.082002,0.076402,0.074301,0.143945,0.140496,0.134169,0.066986,0.098764,0.258639,0.217672,0.122991,0.228369,0.056620,0.049741,0.057590,0.065749,0.070652,0.062639,0.131160,0.137827,0.112021,0.050993,0.058922,0.098837,0.070580,0.077786,0.096935,0.117604,0.043819,0.047026,0.029278,0.060213,0.059317,0.099156,0.063898,0.077161,0.169641,0.168548,0.139846,0.105980,0.044690,0.144444,0.165773,0.112710,0.142694,0.157391,0.189086,0.197965,0.230406,0.199359,0.087471,0.060003,0.119468,0.069767,0.114257,0.141298,0.078791,0.065728,0.133514,0.103791,0.091106,0.232632,0.164892,0.052050,0.118433,0.058434,0.048994,0.792287,0.110795,0.061766,0.221436,0.251977,0.093923,0.108204,0.050087,0.072393,0.112966,0.079244,0.054765,0.071874,0.117681,0.105357,0.077768,0.066450,0.053746,0.063726,0.084294,0.055503,0.116831,0.117198,0.129160,0.103632,0.102245,0.073901,0.119632,0.126875,0.145704,0.117680,0.105533,0.107147,0.146163,0.090845,0.075636,0.120713,0.056170,0.060077,0.087102,0.055282,0.126275,0.248504,0.065692,0.077860,0.083450,0.239676,0.128500,0.068380,0.069183,0.144389,0.036309,0.067052,0.111611,0.090146,0.130398,0.137430,0.114306,0.068032,0.131515,0.111684,0.155414,0.066659,0.114250,0.139771,0.072779,0.121302,0.079989,0.065455,0.140833,0.156264,0.124022,0.092969,0.093190,0.076584,0.095555,0.087134,0.108567,0.143295,0.143458,0.137263,0.162349,0.109556,0.152254,0.076082,0.074848,0.142911,0.131497,0.178041,0.045073,0.136531,0.141796,0.056639,0.045242,0.090993,0.038047,0.143177,0.122579,0.120742,0.045528,0.088314,0.106517
0.089133,0.049379,0.049559,0.053810,0.061519,0.086698,0.068472,0.114299,0.084763,0.069401,0.104932,0.079975,0.072802,0.039745,0.067698,0.079180,0.122558,0.042738,0.076078,0.070368,0.080400,0.059407,0.092171,0.082899,0.137394,0.119247,0.107121,0.129823,0.170212,0.088881,0.096054,0.138868,0.183345,0.157075,0.114561,0.146401,0.206372,0.162385,0.173294,0.207762,0.136840,0.121026,0.167679,0.104849,0.196458,0.160289,0.220258,0.077407,0.731588,0.100168,0.172551,0.113950,0.075591,0.201434,0.153256,0.093121,0.094589,0.196007,0.082002,0.000000,0.567491,0.657721,0.095080,0.094077,0.085243,0.113475,0.087529,0.112482,0.098250,0.081560,0.091192,0.134470,0.131117,0.151042,0.110908,0.071121,0.178661,0.086343,0.089052,0.076309,0.178974,0.205059,0.091665,0.205857,0.192207,0.080302,0.088277,0.048271,0.048020,0.031042,0.191804,0.139509,0.181637,0.160935,0.153388,0.086697,0.085485,0.070627,0.070946,0.052828,0.075808,0.080074,0.067719,0.063468,0.066234,0.075471,0.076390,0.096851,0.098194,0.165150,0.078077,0.078684,0.160593,0.092701,0.083256,0.068685,0.116894,0.085444,0.081939,0.115353,0.095739,0.083022,0.040019,0.078866,0.131584,0.040988,0.073257,0.067129,0.090377,0.113516,0.107775,0.092300,0.085024,0.160981,0.089697,0.102522,0.099644,0.122080,0.141055,0.081140,0.092568,0.157459,0.172401,0.102830,0.147476,0.072166,0.165842,0.079887,0.110793,0.102754,0.089752,0.085045,0.044886,0.060935,0.070350,0.069282,0.063137,0.181390,0.088044,0.100254,0.056553,0.129536,0.075778,0.049809,0.047607,0.075246,0.111729,0.087258,0.103591,0.168433,0.093483,0.086997,0.105016,0.067960,0.090112,0.184327,0.069264,0.055130,0.040264,0.081837,0.063230,0.078851,0.084772,0.061103,0.056533,0.059807,0.065111,0.106350,0.079201,0.077909,0.102360,0.072262,0.082387,0.056250,0.074644,0.066955,0.075509,0.097142,0.073654,0.066691,0.064270,0.047345,0.189280,0.081645,0.060995,0.071774,0.077696,0.111186,0.068995,0.060637,0.099851,0.090203,0.084735,0.104865,0.084181,0.050976,0.086571,0.085635,0.049727,0.042005,0.058329,0.119872,0.073872,0.086145,0.062215,0.040831,0.068118,0.065509
0.078533,0.054054,0.052622,0.051740,0.059670,0.076827,0.061417,0.102376,0.079263,0.065581,0.097289,0.074681,0.070754,0.046455,0.066862,0.080362,0.114702,0.043726,0.081199,0.079172,0.077267,0.054691,0.088151,0.079863,0.129822,0.116343,0.105913,0.121936,0.180677,0.085886,0.095009,0.136057,0.183993,0.166127,0.105429,0.160939,0.208391,0.165204,0.185595,0.206138,0.134607,0.123122,0.191563,0.099726,0.184476,0.172001,0.212790,0.081107,0.557324,0.095769,0.178073,0.120643,0.072972,0.186481,0.160979,0.083243,0.085166,0.196917,0.076402,0.567491,0.000000,0.584420,0.091405,0.082527,0.078800,0.119184,0.085920,0.109021,0.093027,0.070772,0.089747,0.137867,0.126378,0.155136,0.121183,0.069967,0.170242,0.085760,0.084927,0.068078,0.182063,0.195859,0.090592,0.183250,0.195565,0.082057,0.082390,0.045494,0.045369,0.031241,0.198649,0.135921,0.193378,0.158976,0.155404,0.082224,0.084030,0.055739,0.072927,0.051377,0.077976,0.075116,0.069023,0.069459,0.065030,0.079300,0.086363,0.087385,0.094401,0.180885,0.097631,0.079453,0.157949,0.081993,0.074603,0.070361,0.128558,0.088577,0.085627,0.121402,0.091054,0.079217,0.032594,0.073846,0.132209,0.046259,0.068324,0.066764,0.091809,0.101826,0.101999,0.081219,0.083607,0.168814,0.096340,0.093491,0.098209,0.116663,0.139853,0.075680,0.093574,0.152099,0.183159,0.107163,0.144545,0.070788,0.163403,0.075806,0.092986,0.091049,0.085285,0.090067,0.035654,0.058505,0.068826,0.065296,0.055562,0.194210,0.083831,0.086618,0.054731,0.135739,0.067915,0.045642,0.050708,0.072011,0.111688,0.086563,0.108045,0.174373,0.098259,0.084321,0.100506,0.067406,0.094602,0.177013,0.069016,0.056826,0.035212,0.071801,0.053096,0.092270,0.078445,0.055542,0.052246,0.056840,0.066305,0.100775,0.092404,0.069039,0.097681,0.068242,0.082657,0.052297,0.074733,0.068581,0.070356,0.097003,0.072179,0.060840,0.064136,0.054269,0.198133,0.078342,0.071624,0.074880,0.076470,0.111983,0.068909,0.057899,0.103660,0.090256,0.107747,0.106799,0.091535,0.051660,0.088364,0.089200,0.050332,0.042638,0.052442,0.120532,0.067911,0.079739,0.059528,0.052561,0.062157,0.067868
0.093769,0.049412,0.055836,0.054903,0.057039,0.084315,0.065506,0.113180,0.080903,0.068536,0.104426,0.076877,0.076260,0.041865,0.074337,0.081469,0.119865,0.041440,0.071129,0.069722,0.076904,0.056173,0.093911,0.085165,0.138243,0.128753,0.106201,0.135251,0.178811,0.097558,0.094197,0.137213,0.179149,0.158358,0.105257,0.148997,0.210688,0.158016,0.171846,0.206956,0.132762,0.130534,0.169629,0.103968,0.196606,0.166447,0.215094,0.083267,0.624608,0.091121,0.164961,0.118069,0.072442,0.197112,0.157328,0.094014,0.089625,0.199688,0.074301,0.657721,0.584420,0.000000,0.092644,0.090497,0.086630,0.112418,0.083931,0.107633,0.093816,0.079929,0.092342,0.140755,0.124990,0.159380,0.116903,0.078480,0.180806,0.080868,0.088242,0.075866,0.185762,0.202603,0.084931,0.193129,0.197869,0.081800,0.077734,0.038433,0.049441,0.032332,0.194222,0.141305,0.179325,0.151571,0.157953,0.086263,0.088088,0.074877,0.076514,0.051919,0.073552,0.081081,0.074911,0.068746,0.066985,0.079523,0.080454,0.087369,0.097371,0.164537,0.081925,0.083015,0.156716,0.091951,0.074589,0.067885,0.121032,0.083681,0.079091,0.122082,0.098029,0.082118,0.038339,0.078398,0.132516,0.041208,0.074880,0.073900,0.093905,0.107916,0.106837,0.090713,0.083459,0.168706,0.091059,0.101674,0.095553,0.131032,0.137003,0.077256,0.090667,0.155825,0.175887,0.107143,0.145351,0.071047,0.166191,0.078113,0.104505,0.107783,0.090851,0.089098,0.040410,0.056578,0.065605,0.064701,0.061389,0.186893,0.087874,0.093774,0.052939,0.127982,0.073740,0.039629,0.042416,0.072861,0.121587,0.090225,0.110365,0.164507,0.091892,0.083885,0.105748,0.057644,0.097576,0.186908,0.074159,0.049300,0.038245,0.080267,0.056587,0.084349,0.083021,0.056498,0.054443,0.057561,0.061558,0.099631,0.084932,0.074557,0.095446,0.077251,0.085321,0.052390,0.081279,0.073180,0.072307,0.095895,0.079102,0.066561,0.062142,0.049775,0.195296,0.087452,0.071494,0.065853,0.076704,0.109490,0.074089,0.061449,0.102287,0.091898,0.101246,0.113007,0.081500,0.058950,0.091068,0.091131,0.055901,0.047071,0.053606,0.121343,0.064796,0.083883,0.060341,0.045943,0.064384,0.071169
0.351332,0.085284,0.038311,0.039877,0.131452,0.158298,0.127757,0.226209,0.181470,0.127381,0.163234,0.246492,0.165390,0.049438,0.107404,0.160473,0.076645,0.166251,0.218231,0.226311,0.138526,0.084427,0.135676,0.194837,0.084574,0.068345,0.096084,0.068890,0.080892,0.217022,0.238396,0.065647,0.096575,0.101201,0.184302,0.086307,0.063227,0.095645,0.109605,0.086130,0.057335,0.060310,0.094630,0.049889,0.076917,0.099978,0.069901,0.139317,0.093274,0.139786,0.098663,0.089035,0.190477,0.075530,0.095516,0.239938,0.858541,0.071300,0.143945,0.095080,0.091405,0.092644,0.000000,0.815499,0.281511,0.073224,0.244217,0.169513,0.163754,0.183308,0.165329,0.078904,0.081951,0.065960,0.075008,0.089416,0.076813,0.323384,0.315796,0.199173,0.068142,0.065372,0.149960,0.069520,0.124949,0.119478,0.246429,0.042976,0.039741,0.028486,0.102153,0.081351,0.109988,0.108421,0.105879,0.143167,0.136138,0.130245,0.118969,0.040033,0.221498,0.115361,0.119255,0.134222,0.138140,0.145365,0.153164,0.149610,0.138636,0.107751,0.083117,0.227702,0.096784,0.481118,0.160092,0.125719,0.084472,0.154596,0.162040,0.108439,0.156001,0.139142,0.040321,0.199962,0.079467,0.045431,0.132910,0.108773,0.085712,0.143612,0.153078,0.233286,0.151098,0.072169,0.099116,0.222158,0.094274,0.064329,0.084697,0.235850,0.234301,0.097708,0.092863,0.076510,0.091107,0.104763,0.079832,0.204262,0.164082,0.166720,0.166520,0.267088,0.170462,0.159641,0.178484,0.186306,0.090827,0.099186,0.287332,0.239891,0.101767,0.082467,0.173166,0.044923,0.050519,0.140323,0.067597,0.228244,0.160550,0.074157,0.209589,0.216087,0.165480,0.195316,0.101048,0.078559,0.229530,0.049822,0.141879,0.175033,0.097230,0.167212,0.250598,0.187427,0.086706,0.101725,0.162486,0.246482,0.092159,0.173947,0.190241,0.094623,0.166251,0.074924,0.098995,0.169059,0.117389,0.184579,0.141371,0.153621,0.102857,0.084966,0.092513,0.153721,0.121011,0.168863,0.347496,0.165447,0.109473,0.123185,0.101347,0.093257,0.167370,0.170293,0.125690,0.046460,0.293398,0.167429,0.049943,0.043680,0.112345,0.052167,0.188165,0.319295,0.099488,0.047087,0.104065,0.112588
0.358523,0.092863,0.033304,0.046785,0.132629,0.163299,0.114895,0.228319,0.174186,0.125999,0.158649,0.253724,0.171608,0.051566,0.113549,0.161279,0.079434,0.173658,0.235446,0.240323,0.137493,0.084087,0.131658,0.203217,0.087541,0.068848,0.097411,0.067409,0.086392,0.228656,0.262374,0.068456,0.098189,0.101783,0.186449,0.086097,0.076460,0.095180,0.111104,0.093122,0.061305,0.061089,0.098993,0.055273,0.074458,0.101071,0.078989,0.139101,0.090194,0.123948,0.099235,0.092712,0.201885,0.079383,0.091936,0.253137,0.932397,0.079933,0.140496,0.094077,0.082527,0.090497,0.815499,0.000000,0.282132,0.068144,0.251826,0.174606,0.151092,0.178161,0.156148,0.080747,0.081426,0.065828,0.067336,0.084138,0.074102,0.329954,0.329954,0.213344,0.066378,0.067052,0.140156,0.077739,0.125643,0.114232,0.260298,0.039282,0.039048,0.027486,0.102038,0.084585,0.096652,0.113614,0.101590,0.138724,0.130670,0.130119,0.117686,0.037436,0.208348,0.118565,0.116608,0.123194,0.114348,0.137614,0.153003,0.156654,0.126355,0.105187,0.073114,0.243218,0.100389,0.516411,0.171521,0.117043,0.075377,0.146684,0.158784,0.099384,0.140739,0.133591,0.055778,0.191430,0.080042,0.051185,0.128439,0.121478,0.083672,0.134654,0.150457,0.244239,0.150298,0.071165,0.096842,0.232475,0.081358,0.057343,0.074825,0.251353,0.244369,0.103210,0.086323,0.074163,0.084012,0.102423,0.078512,0.197000,0.148876,0.154709,0.160492,0.272816,0.175775,0.146444,0.173132,0.184038,0.098950,0.104216,0.299176,0.251801,0.096444,0.082048,0.173868,0.053119,0.051873,0.140760,0.060414,0.232122,0.157003,0.079094,0.215281,0.227465,0.154328,0.190345,0.100652,0.080530,0.203240,0.050746,0.145448,0.167695,0.093684,0.163287,0.261084,0.189107,0.084778,0.096560,0.158471,0.240397,0.085174,0.174943,0.195660,0.088454,0.170685,0.061805,0.098852,0.164375,0.118745,0.195508,0.147301,0.149676,0.108158,0.082644,0.093778,0.148088,0.109583,0.180728,0.340953,0.183416,0.123632,0.120356,0.095187,0.092089,0.162117,0.169400,0.116240,0.045380,0.301622,0.158603,0.040008,0.047244,0.105936,0.050815,0.186379,0.332187,0.103974,0.056637,0.103121,0.116226
0.340567,0.077000,0.040492,0.044752,0.127926,0.136799,0.108821,0.188034,0.140877,0.100239,0.148165,0.209326,0.154637,0.053190,0.108832,0.144011,0.068296,0.127357,0.289261,0.280169,0.104035,0.078490,0.136635,0.159739,0.079657,0.071444,0.087301,0.076391,0.063191,0.233150,0.240081,0.056071,0.101662,0.099676,0.157181,0.072707,0.076814,0.093715,0.102149,0.075958,0.052785,0.063729,0.093399,0.044723,0.072746,0.099739,0.071559,0.116844,0.087790,0.131468,0.096165,0.085068,0.153928,0.074945,0.075875,0.247448,0.278475,0.069414,0.134169,0.085243,0.078800,0.086630,0.281511,0.282132,0.000000,0.062036,0.238428,0.164469,0.146742,0.145541,0.148663,0.077791,0.071148,0.078569,0.060564,0.072859,0.072186,0.304573,0.313700,0.193507,0.072957,0.071994,0.136491,0.073211,0.106232,0.106504,0.254718,0.040119,0.045157,0.029871,0.095394,0.081940,0.110270,0.093360,0.093548,0.124183,0.127789,0.092508,0.095825,0.042065,0.146281,0.110875,0.095426,0.097665,0.119291,0.124333,0.130194,0.134794,0.126581,0.097108,0.098652,0.312939,0.089170,0.285143,0.159349,0.116106,0.065575,0.133254,0.141164,0.098549,0.148837,0.117437,0.043076,0.144050,0.071924,0.051224,0.130739,0.103798,0.097253,0.140063,0.141451,0.229754,0.144076,0.066168,0.087691,0.219828,0.098116,0.059747,0.085293,0.239664,0.225201,0.083508,0.083979,0.076066,0.079649,0.119464,0.067307,0.138949,0.136639,0.144714,0.153032,0.188174,0.130054,0.144811,0.143243,0.163352,0.100348,0.110113,0.207499,0.194800,0.096029,0.080737,0.146806,0.040878,0.061048,0.108141,0.078585,0.315639,0.129969,0.067730,0.202854,0.206217,0.131240,0.154020,0.106733,0.076413,0.153320,0.045151,0.121564,0.146703,0.081289,0.128956,0.190492,0.134789,0.081045,0.118319,0.138030,0.207460,0.075274,0.149998,0.157414,0.080203,0.139845,0.080556,0.091078,0.153677,0.110378,0.160180,0.112585,0.110667,0.090417,0.079674,0.086502,0.140612,0.098459,0.159461,0.322174,0.158209,0.104879,0.118289,0.092941,0.077586,0.145114,0.151287,0.096145,0.046664,0.668602,0.171296,0.041724,0.052082,0.095538,0.059399,0.158935,0.301204,0.127971,0.056870,0.105190,0.098423
0.068458,0.055951,0.050419,0.046772,0.052316,0.066176,0.057361,0.080399,0.071889,0.056146,0.083111,0.053545,0.076292,0.035853,0.067825,0.056235,0.419092,0.050200,0.073252,0.076516,0.067800,0.044628,0.067915,0.066906,0.087814,0.104710,0.090920,0.096366,0.112641,0.064877,0.073957,0.094777,0.133228,0.119870,0.094333,0.125847,0.097290,0.117380,0.135016,0.104021,0.098619,0.105343,0.133012,0.073744,0.091280,0.120637,0.106591,0.060297,0.116988,0.093103,0.120421,0.082422,0.062275,0.099628,0.124062,0.072332,0.075596,0.096520,0.066986,0.113475,0.119184,0.112418,0.073224,0.068144,0.062036,0.000000,0.067231,0.095259,0.076034,0.067334,0.081404,0.102509,0.096719,0.086859,0.434160,0.056396,0.101842,0.074916,0.075114,0.061784,0.091186,0.101760,0.079626,0.094492,0.129959,0.066532,0.066706,0.055870,0.053000,0.039441,0.119635,0.087138,0.147110,0.129066,0.129812,0.063625,0.066275,0.052460,0.050107,0.054083,0.058122,0.065855,0.053941,0.069143,0.058110,0.061888,0.073328,0.082524,0.071045,0.120099,0.060841,0.091600,0.121801,0.078773,0.070659,0.059229,0.361868,0.078083,0.066526,0.090050,0.074700,0.064462,0.040232,0.065320,0.094682,0.035108,0.062696,0.054098,0.067643,0.097201,0.083696,0.066009,0.079237,0.110083,0.064266,0.081291,0.069963,0.093127,0.103674,0.063310,0.075982,0.114102,0.094368,0.089132,0.106160,0.056632,0.113006,0.069046,0.075022,0.071327,0.072434,0.073864,0.052502,0.053433,0.057600,0.059626,0.051143,0.120396,0.074758,0.065935,0.056472,0.106647,0.068534,0.042709,0.036961,0.072605,0.102926,0.087155,0.071761,0.122115,0.077459,0.076927,0.079455,0.059586,0.071870,0.118751,0.062647,0.060561,0.048921,0.060762,0.046171,0.061026,0.069495,0.053586,0.041625,0.050380,0.055080,0.082541,0.077084,0.060935,0.078134,0.060931,0.069132,0.048749,0.074835,0.053970,0.062065,0.076715,0.067391,0.054037,0.050067,0.039375,0.132870,0.059793,0.072595,0.061664,0.066692,0.091234,0.053681,0.059033,0.084523,0.064448,0.062125,0.088552,0.058326,0.055738,0.065425,0.064663,0.040700,0.042980,0.050849,0.078365,0.059241,0.078713,0.052494,0.033870,0.058501,0.050166
0.272577,0.062299,0.041703,0.046258,0.090743,0.105120,0.082528,0.160883,0.126814,0.072158,0.099431,0.161431,0.115968,0.038340,0.080401,0.130079,0.074205,0.113544,0.177558,0.184189,0.146087,0.069373,0.122325,0.120116,0.075066,0.071594,0.106228,0.072000,0.069287,0.373513,0.408343,0.060580,0.079461,0.084544,0.125515,0.084133,0.078998,0.080940,0.083171,0.077921,0.058049,0.062216,0.083097,0.050611,0.067010,0.082774,0.078700,0.098618,0.087944,0.101379,0.079672,0.096639,0.131040,0.071302,0.075098,0.404466,0.258700,0.071658,0.098764,0.087529,0.085920,0.083931,0.244217,0.251826,0.238428,0.067231,0.000000,0.146762,0.088187,0.129370,0.083962,0.066234,0.075170,0.079582,0.069546,0.062435,0.081678,0.292703,0.293596,0.167183,0.063216,0.063376,0.110656,0.077350,0.091101,0.072484,0.328912,0.052078,0.041838,0.030569,0.080275,0.070430,0.094045,0.091032,0.076837,0.080799,0.089809,0.074115,0.069322,0.044011,0.116594,0.080006,0.067081,0.079839,0.082989,0.099692,0.095337,0.109080,0.095666,0.088095,0.065825,0.184516,0.085114,0.224333,0.104357,0.084263,0.077318,0.094176,0.109264,0.099078,0.099674,0.074746,0.040061,0.135968,0.071817,0.033795,0.094093,0.078534,0.070252,0.110262,0.121082,0.649821,0.107803,0.067771,0.068718,0.409069,0.078219,0.056416,0.070874,0.327973,0.422938,0.092163,0.077816,0.057825,0.086987,0.084565,0.073166,0.139169,0.109186,0.117479,0.116052,0.141779,0.117319,0.100610,0.112505,0.119929,0.073708,0.083145,0.169767,0.157514,0.067050,0.081435,0.116799,0.045941,0.039889,0.147397,0.065511,0.186915,0.093984,0.071622,0.231723,0.235164,0.098396,0.145394,0.077948,0.075400,0.128608,0.046393,0.104780,0.128988,0.064345,0.110021,0.166561,0.107988,0.063201,0.081555,0.099205,0.182545,0.070482,0.125827,0.137899,0.072115,0.119131,0.059225,0.077404,0.120938,0.078391,0.139106,0.152162,0.096465,0.068286,0.060959,0.078801,0.113947,0.077149,0.141433,0.271762,0.105865,0.068273,0.078937,0.088295,0.064932,0.128982,0.123024,0.076034,0.044153,0.247912,0.136335,0.041804,0.047448,0.074687,0.064326,0.116480,0.293326,0.074860,0.036664,0.085966,0.071417
0.151246,0.129985,0.038009,0.037879,0.122948,0.164990,0.113162,0.213454,0.133269,0.107106,0.320420,0.136756,0.168166,0.053868,0.188729,0.138564,0.097089,0.081793,0.119123,0.132429,0.124844,0.092115,0.151019,0.149766,0.100046,0.077408,0.109104,0.065754,0.100580,0.120871,0.117144,0.077624,0.139735,0.133659,0.676894,0.104960,0.078970,0.132536,0.142509,0.091530,0.075569,0.079413,0.138604,0.059268,0.075310,0.126470,0.087519,0.140155,0.113791,0.424787,0.130272,0.093413,0.183604,0.078049,0.106380,0.122855,0.176122,0.080309,0.258639,0.112482,0.109021,0.107633,0.169513,0.174606,0.164469,0.095259,0.146762,0.000000,0.306127,0.151476,0.299781,0.091347,0.086370,0.087167,0.087416,0.096067,0.108504,0.147636,0.157872,0.127168,0.072499,0.084223,0.185776,0.078483,0.126769,0.125970,0.130762,0.033316,0.039727,0.029828,0.136741,0.087127,0.144578,0.110569,0.093180,0.263136,0.258533,0.123229,0.114942,0.034896,0.146653,0.294546,0.113379,0.175419,0.169666,0.264638,0.272914,0.427796,0.341002,0.135599,0.086717,0.131170,0.111434,0.176174,0.177151,0.118104,0.089608,0.180801,0.121185,0.132612,0.303191,0.260388,0.056137,0.164606,0.091793,0.049502,0.241581,0.124011,0.086396,0.451380,0.597338,0.127959,0.192440,0.083877,0.095136,0.140032,0.110695,0.078641,0.094823,0.118579,0.145128,0.104783,0.090646,0.094507,0.111850,0.126899,0.092884,0.166602,0.164743,0.178215,0.187926,0.112500,0.082894,0.140224,0.156020,0.161318,0.157408,0.137401,0.108334,0.182095,0.103023,0.084546,0.153250,0.050936,0.056084,0.124317,0.075999,0.129475,0.292469,0.097968,0.111059,0.114805,0.300129,0.170454,0.104421,0.100536,0.152726,0.053242,0.064981,0.144556,0.113390,0.168874,0.181884,0.123691,0.089527,0.178794,0.151072,0.208237,0.099932,0.146765,0.176789,0.082125,0.157549,0.105518,0.105150,0.130370,0.294815,0.176766,0.126136,0.125893,0.115354,0.126792,0.128030,0.123880,0.165058,0.137845,0.161889,0.235626,0.122426,0.191447,0.142211,0.094594,0.153998,0.170947,0.255082,0.050470,0.163464,0.156430,0.047346,0.049983,0.098284,0.057583,0.169865,0.167559,0.175385,0.061723,0.121541,0.111911
0.151795,0.121863,0.037849,0.047843,0.098313,0.143605,0.108421,0.145404,0.122955,0.109403,0.412552,0.138528,0.147578,0.057336,0.172181,0.124745,0.075194,0.074190,0.105455,0.103414,0.113946,0.076201,0.124284,0.172300,0.072891,0.069846,0.098861,0.060139,0.083425,0.094284,0.096452,0.070255,0.114155,0.118499,0.295310,0.088908,0.072138,0.122087,0.115032,0.066127,0.064352,0.066721,0.114074,0.050190,0.077103,0.116267,0.086315,0.115678,0.102728,0.260577,0.124417,0.088813,0.161761,0.087195,0.084266,0.095005,0.147529,0.074269,0.217672,0.098250,0.093027,0.093816,0.163754,0.151092,0.146742,0.076034,0.088187,0.306127,0.000000,0.105952,0.858071,0.087096,0.094453,0.075408,0.067338,0.085085,0.075509,0.115386,0.117127,0.106177,0.071724,0.077909,0.127940,0.080147,0.109556,0.122545,0.104188,0.044763,0.048704,0.032028,0.106185,0.068112,0.114262,0.089242,0.090379,0.340346,0.335689,0.108322,0.086191,0.039947,0.144466,0.222437,0.085599,0.177297,0.149158,0.238320,0.260787,0.281659,0.230139,0.110573,0.082904,0.128133,0.080755,0.133565,0.148866,0.110027,0.074018,0.167622,0.143430,0.097410,0.391251,0.330477,0.066680,0.122879,0.087576,0.056742,0.206473,0.100675,0.086462,0.269242,0.296706,0.100051,0.126395,0.068731,0.082645,0.103477,0.104918,0.059955,0.067658,0.102977,0.091421,0.093828,0.074910,0.078804,0.091728,0.109542,0.071931,0.130481,0.129763,0.131697,0.141122,0.095145,0.069275,0.127222,0.142149,0.140919,0.132967,0.132490,0.104393,0.171291,0.080948,0.071860,0.115108,0.047230,0.072541,0.117491,0.061593,0.136005,0.436602,0.080597,0.088647,0.086632,0.444614,0.137326,0.089102,0.080962,0.145281,0.049841,0.058192,0.102161,0.107812,0.118182,0.148954,0.130911,0.074570,0.142482,0.116038,0.153628,0.124077,0.110085,0.155694,0.071665,0.138508,0.093440,0.092339,0.125386,0.219915,0.152894,0.123340,0.091397,0.080005,0.105427,0.093731,0.139382,0.164535,0.132775,0.148396,0.155763,0.094153,0.174809,0.108979,0.094559,0.127511,0.132910,0.307068,0.041782,0.151964,0.156540,0.055581,0.051989,0.078306,0.053067,0.142498,0.123278,0.144664,0.054571,0.094221,0.095710
0.139356,0.071294,0.038701,0.048308,0.138465,0.162219,0.108035,0.168432,0.128727,0.106141,0.104985,0.144189,0.163075,0.038522,0.083641,0.232022,0.063765,0.099384,0.131124,0.125442,0.088794,0.084052,0.106350,0.141817,0.096977,0.071474,0.086088,0.066380,0.059532,0.106904,0.107665,0.055424,0.097157,0.106561,0.140378,0.076761,0.053827,0.101084,0.104785,0.070218,0.053137,0.055734,0.101010,0.042509,0.057369,0.097481,0.053727,0.134839,0.086459,0.098285,0.099905,0.083956,0.169111,0.058747,0.081508,0.111608,0.186049,0.060604,0.122991,0.081560,0.070772,0.079929,0.183308,0.178161,0.145541,0.067334,0.129370,0.151476,0.105952,0.000000,0.110921,0.069552,0.069018,0.059199,0.060219,0.068667,0.074059,0.155744,0.155869,0.100966,0.056028,0.056330,0.098925,0.055653,0.114532,0.102279,0.126377,0.036897,0.047509,0.029206,0.097758,0.093675,0.103615,0.079381,0.074339,0.120489,0.123090,0.092367,0.094612,0.043903,0.132662,0.114130,0.097879,0.097772,0.083051,0.094703,0.109741,0.115194,0.128320,0.101062,0.070229,0.121381,0.095013,0.170315,0.148968,0.122849,0.061614,0.107866,0.134242,0.092965,0.119029,0.126018,0.036421,0.235731,0.065160,0.038743,0.114740,0.092160,0.094998,0.114036,0.128720,0.121429,0.104124,0.059837,0.097025,0.114975,0.078850,0.056739,0.083447,0.121409,0.113831,0.081890,0.065258,0.087560,0.077589,0.098771,0.063336,0.232598,0.124937,0.121178,0.126071,0.112456,0.102314,0.162816,0.164303,0.161249,0.089561,0.088013,0.117317,0.176357,0.104732,0.068036,0.239296,0.046227,0.041812,0.090009,0.072834,0.130444,0.106887,0.069538,0.095772,0.097964,0.117547,0.167157,0.105146,0.064029,0.147830,0.052424,0.080727,0.631349,0.095126,0.140459,0.189841,0.130057,0.089910,0.091572,0.231867,0.163731,0.083582,0.613174,0.201366,0.088945,0.136769,0.068508,0.077934,0.135463,0.112783,0.202297,0.090983,0.239910,0.099053,0.066534,0.087919,0.139760,0.090099,0.135904,0.140498,0.132044,0.097839,0.102613,0.087068,0.107441,0.160909,0.127504,0.091813,0.051859,0.150288,0.146949,0.034555,0.043523,0.100759,0.057574,0.165430,0.157474,0.095457,0.040020,0.106447,0.101498
0.149345,0.118482,0.039901,0.045604,0.100891,0.145570,0.109134,0.145339,0.121481,0.115000,0.414368,0.136503,0.148814,0.052236,0.165950,0.122349,0.077917,0.070842,0.112967,0.102198,0.118449,0.075784,0.120982,0.163801,0.077212,0.062440,0.100306,0.064612,0.077612,0.096537,0.093560,0.068292,0.113795,0.118464,0.299167,0.087332,0.072129,0.115950,0.112086,0.062952,0.063068,0.068423,0.112212,0.051797,0.075045,0.110100,0.086493,0.112332,0.094577,0.272215,0.122645,0.090375,0.161515,0.084826,0.086568,0.095797,0.152083,0.070868,0.228369,0.091192,0.089747,0.092342,0.165329,0.156148,0.148663,0.081404,0.083962,0.299781,0.858071,0.110921,0.000000,0.086802,0.093443,0.075529,0.069515,0.081148,0.079260,0.114053,0.116722,0.107113,0.070694,0.081894,0.127463,0.078356,0.109611,0.121116,0.104151,0.039836,0.038781,0.031650,0.103201,0.068040,0.114391,0.084710,0.093789,0.353074,0.346244,0.113738,0.090812,0.039310,0.137216,0.217929,0.087897,0.178118,0.148340,0.224621,0.255885,0.294274,0.233052,0.110968,0.081715,0.127818,0.079709,0.136143,0.149929,0.105935,0.074169,0.159774,0.143759,0.095233,0.406770,0.340413,0.057581,0.124960,0.089039,0.052028,0.219346,0.090324,0.079264,0.279616,0.291535,0.102289,0.126452,0.066570,0.083243,0.108533,0.102459,0.063356,0.069413,0.100207,0.100621,0.094713,0.075019,0.085068,0.091443,0.108466,0.074780,0.127779,0.123866,0.127038,0.144101,0.098697,0.070177,0.137159,0.151287,0.147907,0.138195,0.134001,0.103539,0.176539,0.081722,0.074451,0.111553,0.048511,0.075854,0.119860,0.066045,0.139047,0.439160,0.082266,0.082671,0.088696,0.460356,0.151702,0.083460,0.085608,0.131126,0.050170,0.060157,0.108534,0.108353,0.114590,0.152286,0.137451,0.073043,0.151608,0.116549,0.149485,0.121822,0.105843,0.161456,0.068555,0.131182,0.091855,0.091417,0.126738,0.213082,0.154479,0.122683,0.089985,0.084760,0.107103,0.096700,0.136977,0.168913,0.131070,0.139645,0.154243,0.089816,0.172532,0.117862,0.095984,0.122821,0.129865,0.312419,0.044790,0.153239,0.142367,0.060553,0.047172,0.077423,0.052049,0.150505,0.124080,0.144510,0.053437,0.095390,0.091058
0.084982,0.048380,0.047171,0.044181,0.054911,0.070586,0.060577,0.072440,0.078263,0.064890,0.092894,0.070273,0.068546,0.041091,0.068631,0.074667,0.109194,0.038331,0.071551,0.074219,0.076249,0.047731,0.091121,0.078721,0.121249,0.129765,0.114273,0.131528,0.161058,0.081675,0.079973,0.133107,0.175441,0.173096,0.087629,0.155215,0.120040,0.178073,0.179871,0.126733,0.132505,0.116840,0.189930,0.101263,0.116617,0.160553,0.119647,0.079637,0.138005,0.072835,0.175765,0.115486,0.077240,0.115412,0.147046,0.082514,0.078692,0.112995,0.056620,0.134470,0.137867,0.140755,0.078904,0.080747,0.077791,0.102509,0.066234,0.091347,0.087096,0.069552,0.086802,0.000000,0.462351,0.140810,0.105948,0.085649,0.150592,0.066392,0.068225,0.061687,0.111045,0.106393,0.080184,0.118285,0.165936,0.064579,0.072839,0.045030,0.045606,0.034509,0.163457,0.119503,0.175225,0.160435,0.148851,0.075998,0.070258,0.053615,0.054077,0.051901,0.079826,0.070232,0.054057,0.062938,0.054837,0.068516,0.070592,0.078417,0.075816,0.170826,0.068982,0.075498,0.155124,0.083706,0.080410,0.058133,0.106607,0.078441,0.066062,0.119195,0.092819,0.076735,0.050248,0.072969,0.436433,0.042704,0.058933,0.042452,0.079574,0.079218,0.087335,0.076783,0.081033,0.149607,0.085101,0.078857,0.097099,0.111327,0.131843,0.078468,0.078469,0.158600,0.145101,0.106863,0.162776,0.045581,0.140626,0.077101,0.083026,0.084491,0.082768,0.064789,0.036427,0.061604,0.066175,0.073429,0.050943,0.167840,0.066121,0.086213,0.058740,0.123443,0.056249,0.035099,0.040489,0.079568,0.127018,0.074839,0.077449,0.146255,0.077760,0.070165,0.079405,0.070797,0.085402,0.146737,0.079309,0.047729,0.039998,0.064463,0.049547,0.082045,0.078666,0.069694,0.048632,0.055386,0.056547,0.082005,0.080417,0.061522,0.077965,0.068714,0.063434,0.042380,0.067265,0.057743,0.064589,0.078144,0.080998,0.059083,0.045469,0.049794,0.174458,0.063926,0.058135,0.056633,0.071428,0.079200,0.048896,0.052255,0.103076,0.091223,0.080664,0.093246,0.073148,0.051834,0.069029,0.080356,0.047328,0.054834,0.057714,0.118914,0.071593,0.067408,0.051700,0.045203,0.057539,0.043370
0.081739,0.055046,0.044719,0.040761,0.059605,0.074424,0.073173,0.072484,0.074883,0.065091,0.087545,0.062657,0.074110,0.043772,0.074791,0.070317,0.104024,0.042070,0.073644,0.069270,0.079855,0.049685,0.086103,0.066134,0.117278,0.126377,0.113612,0.121934,0.140989,0.072100,0.072182,0.128008,0.172704,0.173114,0.091598,0.131432,0.114092,0.169881,0.171055,0.125691,0.129076,0.109434,0.174942,0.095916,0.109983,0.157894,0.110857,0.063835,0.130718,0.082908,0.166654,0.107081,0.074379,0.110605,0.137999,0.081049,0.080536,0.108661,0.049741,0.131117,0.126378,0.124990,0.081951,0.081426,0.071148,0.096719,0.075170,0.086370,0.094453,0.069018,0.093443,0.462351,0.000000,0.121473,0.092712,0.063478,0.140642,0.062055,0.066941,0.059867,0.107895,0.107723,0.076529,0.111477,0.162508,0.062070,0.068496,0.053679,0.050486,0.037893,0.152794,0.117249,0.166865,0.147100,0.138870,0.075509,0.071653,0.047836,0.054176,0.047030,0.075966,0.061984,0.052919,0.056007,0.056020,0.059637,0.059795,0.083128,0.081190,0.156860,0.072284,0.077711,0.151272,0.081803,0.077329,0.069941,0.093688,0.086439,0.067729,0.112147,0.086521,0.078570,0.037505,0.074656,0.543171,0.032522,0.063956,0.046743,0.083651,0.080086,0.081443,0.079786,0.074682,0.133279,0.087695,0.078328,0.090937,0.104237,0.130890,0.063542,0.089436,0.143381,0.134832,0.099047,0.150160,0.049663,0.133088,0.079863,0.077107,0.082293,0.091968,0.067310,0.043267,0.059148,0.062273,0.068575,0.061558,0.156353,0.068292,0.092134,0.058726,0.128326,0.059261,0.039623,0.040255,0.077039,0.120518,0.074377,0.083354,0.137223,0.069594,0.065614,0.084081,0.072220,0.090054,0.143725,0.079723,0.050211,0.041729,0.069252,0.050698,0.074228,0.086841,0.073862,0.046093,0.061176,0.059972,0.077734,0.072318,0.064166,0.078218,0.064830,0.066893,0.046775,0.067178,0.062159,0.065320,0.076316,0.074050,0.062365,0.054781,0.050879,0.163663,0.067387,0.051888,0.062601,0.073227,0.090998,0.047268,0.056821,0.086176,0.084916,0.073766,0.102176,0.067791,0.053625,0.069674,0.070349,0.037035,0.045994,0.058226,0.099452,0.068108,0.068852,0.058051,0.039194,0.050170,0.050300
0.071308,0.036227,0.041914,0.038520,0.044120,0.072805,0.069607,0.096178,0.067190,0.072331,0.073924,0.057566,0.070013,0.042892,0.067523,0.059916,0.088298,0.030146,0.062662,0.071024,0.074576,0.044402,0.092399,0.077841,0.114311,0.112180,0.097022,0.123603,0.169746,0.073998,0.072932,0.137116,0.149515,0.152352,0.073633,0.148054,0.146561,0.150430,0.148035,0.134298,0.142449,0.113063,0.142180,0.119276,0.124176,0.147525,0.121989,0.074431,0.158330,0.092883,0.162271,0.099519,0.054672,0.120432,0.137890,0.072714,0.064773,0.106058,0.057590,0.151042,0.155136,0.159380,0.065960,0.065828,0.078569,0.086859,0.079582,0.087167,0.075408,0.059199,0.075529,0.140810,0.121473,0.000000,0.098921,0.065042,0.164771,0.069769,0.066947,0.070803,0.110299,0.105548,0.073896,0.126094,0.160720,0.069830,0.067284,0.042728,0.036834,0.029354,0.170666,0.113170,0.158137,0.128206,0.135068,0.063491,0.056795,0.067690,0.063845,0.037264,0.069700,0.063007,0.067825,0.053627,0.050630,0.110586,0.072848,0.068783,0.074257,0.151033,0.080897,0.065595,0.132961,0.073930,0.072006,0.059333,0.094560,0.069083,0.064530,0.093210,0.077311,0.060772,0.031496,0.063429,0.127919,0.038789,0.062479,0.053917,0.085207,0.087119,0.077938,0.065804,0.076215,0.117328,0.083588,0.065933,0.079492,0.123605,0.117879,0.067001,0.068194,0.143688,0.152318,0.107725,0.139069,0.063746,0.141635,0.062196,0.075264,0.084443,0.075084,0.068135,0.032881,0.054284,0.060703,0.061089,0.048981,0.160022,0.055677,0.068210,0.056173,0.116731,0.046668,0.041467,0.044912,0.076706,0.105536,0.067731,0.071327,0.143011,0.089514,0.071821,0.076735,0.062357,0.094383,0.157299,0.070650,0.046202,0.032158,0.059295,0.051898,0.075435,0.069329,0.060854,0.047021,0.057022,0.053854,0.079351,0.093531,0.060549,0.077194,0.079587,0.076722,0.046723,0.058410,0.057834,0.062501,0.073965,0.082842,0.048892,0.044442,0.045448,0.165017,0.063164,0.058126,0.074493,0.080710,0.089722,0.061677,0.056916,0.100139,0.080327,0.088593,0.094962,0.074483,0.036313,0.089932,0.073448,0.050138,0.046476,0.055996,0.394168,0.060038,0.067223,0.063636,0.042867,0.051854,0.053816
0.067346,0.045031,0.056224,0.053334,0.045017,0.069350,0.056456,0.075825,0.070471,0.056364,0.067475,0.056147,0.066920,0.031479,0.059329,0.062363,0.354331,0.039726,0.076932,0.069367,0.070693,0.051753,0.087253,0.067610,0.080257,0.097796,0.088126,0.095694,0.125900,0.075967,0.070557,0.091764,0.126700,0.114292,0.079386,0.106127,0.097007,0.111145,0.135640,0.108102,0.091405,0.095897,0.129195,0.075085,0.082810,0.105220,0.096213,0.066578,0.111972,0.081157,0.113807,0.088262,0.068371,0.084070,0.100764,0.074290,0.073007,0.084073,0.065749,0.110908,0.121183,0.116903,0.075008,0.067336,0.060564,0.434160,0.069546,0.087416,0.067338,0.060219,0.069515,0.105948,0.092712,0.098921,0.000000,0.058816,0.100113,0.070317,0.069544,0.062920,0.085049,0.084450,0.068115,0.100238,0.131187,0.053026,0.071114,0.046791,0.052574,0.042949,0.132498,0.078744,0.121540,0.128936,0.127627,0.060063,0.059841,0.051369,0.049679,0.053167,0.074486,0.062638,0.050494,0.057146,0.054762,0.068545,0.079605,0.083760,0.066602,0.118481,0.065528,0.082530,0.108529,0.077119,0.071648,0.052318,0.341921,0.075647,0.069107,0.091943,0.071031,0.059674,0.034420,0.064940,0.097747,0.034222,0.063144,0.047751,0.066955,0.077597,0.079116,0.071536,0.067449,0.104856,0.071002,0.081202,0.071184,0.103938,0.098302,0.068780,0.071553,0.107758,0.096243,0.089267,0.094167,0.053730,0.101121,0.062182,0.076717,0.074320,0.067323,0.070065,0.039439,0.048230,0.050208,0.053476,0.047938,0.115088,0.066600,0.069774,0.057221,0.101280,0.065305,0.031620,0.039193,0.076320,0.096181,0.081728,0.064579,0.123252,0.090927,0.084274,0.070584,0.059074,0.076855,0.121921,0.065260,0.058648,0.039190,0.060915,0.055580,0.056098,0.074549,0.046442,0.053193,0.056076,0.053162,0.074851,0.069314,0.059087,0.066587,0.071855,0.077675,0.051015,0.067961,0.047772,0.057681,0.068465,0.073117,0.054344,0.044401,0.053153,0.123256,0.065956,0.061088,0.060010,0.071874,0.083019,0.051091,0.046054,0.084693,0.066271,0.073794,0.083047,0.062623,0.058541,0.065698,0.069050,0.042666,0.042166,0.048929,0.091343,0.056096,0.074118,0.050416,0.034167,0.054841,0.047803
0.085000,0.069451,0.050734,0.055707,0.053116,0.079118,0.070918,0.098585,0.093426,0.074405,0.093097,0.067328,0.095253,0.048590,0.068667,0.077776,0.061189,0.063072,0.076639,0.083890,0.063804,0.053815,0.112691,0.099047,0.059556,0.057436,0.092869,0.057170,0.070729,0.075515,0.080598,0.053305,0.090576,0.104362,0.089833,0.071126,0.061756,0.092306,0.098098,0.064978,0.053959,0.045893,0.089340,0.038238,0.053979,0.085456,0.058201,0.082686,0.081757,0.088715,0.090295,0.090185,0.080878,0.068344,0.060455,0.082128,0.084915,0.058049,0.070652,0.071121,0.069967,0.078480,0.089416,0.084138,0.072859,0.056396,0.062435,0.096067,0.085085,0.068667,0.081148,0.085649,0.063478,0.065042,0.058816,0.000000,0.067439,0.084727,0.092841,0.071706,0.057809,0.054994,0.090293,0.055710,0.077808,0.094335,0.084463,0.033679,0.043397,0.029736,0.085418,0.053334,0.081885,0.070412,0.068151,0.065737,0.076739,0.067764,0.060119,0.043199,0.101125,0.075303,0.059538,0.078586,0.072073,0.088145,0.079380,0.077576,0.084906,0.084895,0.083397,0.082687,0.076193,0.080838,0.104739,0.077354,0.060115,0.080428,0.068855,0.085227,0.090166,0.072687,0.040076,0.070994,0.084058,0.044339,0.070084,0.059242,0.070106,0.085725,0.102688,0.076040,0.094528,0.061168,0.065031,0.070992,0.077491,0.052445,0.058928,0.068864,0.070427,0.075794,0.072953,0.055887,0.063816,0.068820,0.056921,0.075131,0.115997,0.117448,0.116356,0.064198,0.055366,0.077717,0.082284,0.083969,0.064554,0.085784,0.064008,0.089444,0.053455,0.059703,0.072967,0.046505,0.050949,0.066332,0.051669,0.091925,0.080188,0.065097,0.075331,0.075695,0.081119,0.091323,0.073707,0.066015,0.097136,0.043853,0.040367,0.066382,0.059001,0.076822,0.090589,0.080473,0.053728,0.061925,0.060749,0.087036,0.097771,0.059608,0.072975,0.055492,0.090871,0.059740,0.066265,0.065288,0.076091,0.070385,0.069127,0.061048,0.057051,0.060431,0.083117,0.093109,0.081528,0.086153,0.087872,0.113840,0.061334,0.068470,0.078333,0.060412,0.083277,0.121314,0.075037,0.057871,0.068785,0.115428,0.067965,0.070527,0.053391,0.051950,0.093558,0.084516,0.066337,0.049801,0.070908,0.070129
0.083216,0.047894,0.057052,0.053838,0.053655,0.073605,0.057681,0.099790,0.075969,0.061137,0.078584,0.076970,0.067288,0.042820,0.079149,0.071818,0.100445,0.040869,0.068108,0.073886,0.071555,0.041769,0.087777,0.080193,0.140730,0.121033,0.096336,0.127796,0.161859,0.082167,0.086856,0.141136,0.163079,0.155043,0.097427,0.149539,0.148161,0.157850,0.159766,0.146323,0.153936,0.135188,0.159412,0.104287,0.135943,0.148287,0.138098,0.080254,0.189514,0.091765,0.159685,0.105504,0.067579,0.137561,0.147555,0.084926,0.071337,0.124428,0.062639,0.178661,0.170242,0.180806,0.076813,0.074102,0.072186,0.101842,0.081678,0.108504,0.075509,0.074059,0.079260,0.150592,0.140642,0.164771,0.100113,0.067439,0.000000,0.081980,0.079526,0.077968,0.122313,0.126098,0.077686,0.126669,0.156130,0.073650,0.074883,0.043106,0.045094,0.034096,0.166120,0.130241,0.177639,0.149171,0.146401,0.079004,0.069722,0.060308,0.069228,0.047366,0.073849,0.075933,0.076874,0.055828,0.054903,0.073803,0.080983,0.085505,0.081388,0.146394,0.089551,0.075773,0.135219,0.073938,0.076940,0.058619,0.110903,0.089925,0.073778,0.123068,0.082810,0.073599,0.029319,0.074573,0.154327,0.041910,0.071337,0.066317,0.075228,0.092619,0.087106,0.089359,0.078647,0.156560,0.077490,0.086944,0.089510,0.138069,0.138785,0.076731,0.081110,0.137583,0.402140,0.109549,0.145306,0.059409,0.375559,0.074815,0.085602,0.092312,0.077077,0.073743,0.041893,0.050320,0.051569,0.050295,0.052101,0.142617,0.070805,0.076654,0.046031,0.129212,0.051390,0.040124,0.042489,0.081289,0.117092,0.079446,0.082472,0.149509,0.092622,0.083557,0.074514,0.062521,0.082190,0.160316,0.065585,0.045202,0.043827,0.071482,0.056276,0.074662,0.065709,0.056046,0.053931,0.058002,0.064962,0.099513,0.078559,0.068226,0.074836,0.071109,0.094598,0.045777,0.058443,0.055431,0.076265,0.083806,0.081269,0.060340,0.051059,0.051530,0.165002,0.074231,0.058959,0.066835,0.084511,0.093007,0.066993,0.070666,0.088891,0.068122,0.086042,0.096861,0.080660,0.050002,0.073653,0.071955,0.047865,0.048312,0.050368,0.125883,0.049691,0.082795,0.063160,0.042794,0.054170,0.056160
0.372083,0.088402,0.042252,0.051544,0.113467,0.120894,0.105191,0.189603,0.145853,0.102749,0.139847,0.204951,0.160136,0.046230,0.105535,0.163978,0.074748,0.124741,0.227601,0.225394,0.121457,0.073991,0.134204,0.149230,0.077049,0.059404,0.108312,0.058812,0.075951,0.261024,0.294580,0.060003,0.088843,0.093085,0.142432,0.080209,0.073764,0.092240,0.097005,0.081370,0.067003,0.060942,0.089620,0.046503,0.064845,0.089595,0.061964,0.115270,0.086667,0.117020,0.095776,0.099146,0.167204,0.071024,0.080692,0.284858,0.331494,0.074475,0.131160,0.086343,0.085760,0.080868,0.323384,0.329954,0.304573,0.074916,0.292703,0.147636,0.115386,0.155744,0.114053,0.066392,0.062055,0.069769,0.070317,0.084727,0.081980,0.000000,0.838158,0.209061,0.062002,0.063945,0.136148,0.072412,0.117184,0.097130,0.310290,0.044121,0.038639,0.028068,0.108764,0.076048,0.116099,0.090934,0.092650,0.111861,0.108621,0.089738,0.086086,0.044512,0.158898,0.103749,0.093676,0.120450,0.104113,0.119748,0.127399,0.129161,0.131004,0.092741,0.085516,0.249895,0.084963,0.305707,0.122239,0.112002,0.080011,0.134001,0.145867,0.104908,0.140247,0.110105,0.051170,0.165969,0.075237,0.049530,0.119241,0.094201,0.087446,0.123350,0.136765,0.280967,0.143005,0.069815,0.092487,0.263678,0.091198,0.059557,0.074490,0.298867,0.266020,0.101541,0.097444,0.073110,0.090868,0.107953,0.073305,0.169813,0.152305,0.160504,0.126557,0.182297,0.126981,0.125364,0.138667,0.150800,0.102044,0.105128,0.209829,0.211657,0.083027,0.073593,0.145743,0.045677,0.058335,0.122288,0.066057,0.250202,0.120097,0.078490,0.247637,0.247789,0.137823,0.168531,0.095015,0.073271,0.174075,0.055737,0.124868,0.149191,0.077264,0.140478,0.214998,0.144749,0.069850,0.091035,0.135131,0.205900,0.102591,0.149623,0.187266,0.082599,0.147257,0.062404,0.087149,0.151642,0.102750,0.172496,0.124137,0.124626,0.081352,0.072520,0.091242,0.136468,0.111904,0.150312,0.378798,0.146104,0.097738,0.108419,0.114754,0.079966,0.140795,0.166823,0.097075,0.044985,0.312103,0.160359,0.044106,0.042406,0.083725,0.055249,0.147714,0.833693,0.108932,0.058674,0.097977,0.102480
0.369635,0.084831,0.040166,0.047809,0.111935,0.124287,0.101117,0.199734,0.149509,0.104360,0.138956,0.209385,0.168256,0.049299,0.104011,0.163582,0.075249,0.130550,0.240862,0.229914,0.128562,0.075923,0.135727,0.150987,0.080390,0.056051,0.111498,0.056292,0.074052,0.268153,0.299721,0.069089,0.091661,0.097006,0.153328,0.086497,0.069012,0.087171,0.103720,0.080161,0.067910,0.062123,0.093734,0.043152,0.064027,0.090033,0.063372,0.138622,0.086549,0.116827,0.097382,0.096820,0.165365,0.065936,0.080091,0.288958,0.326787,0.076805,0.137827,0.089052,0.084927,0.088242,0.315796,0.329954,0.313700,0.075114,0.293596,0.157872,0.117127,0.155869,0.116722,0.068225,0.066941,0.066947,0.069544,0.092841,0.079526,0.838158,0.000000,0.211689,0.062550,0.072169,0.141078,0.065780,0.120213,0.102309,0.317391,0.046994,0.045165,0.035372,0.111606,0.081966,0.120149,0.090799,0.093585,0.113501,0.114720,0.091033,0.088084,0.044614,0.176367,0.104213,0.093178,0.108662,0.101866,0.122518,0.128394,0.136994,0.133818,0.101581,0.074983,0.254775,0.085353,0.310837,0.128122,0.109284,0.086520,0.133258,0.147389,0.116608,0.140957,0.111835,0.049070,0.166690,0.081453,0.042101,0.120261,0.092548,0.092208,0.127305,0.136176,0.283553,0.139066,0.066415,0.087295,0.267300,0.092832,0.065798,0.076475,0.311903,0.271568,0.108241,0.099364,0.074955,0.095721,0.104198,0.076095,0.172388,0.151866,0.160803,0.128249,0.179832,0.134923,0.127192,0.142678,0.152611,0.099484,0.103713,0.214034,0.209029,0.085589,0.079877,0.152772,0.042761,0.052323,0.129107,0.065232,0.253963,0.128650,0.079995,0.246638,0.253008,0.142124,0.169951,0.097180,0.072453,0.181435,0.056146,0.122162,0.154070,0.084494,0.145316,0.211502,0.147250,0.071417,0.089276,0.132486,0.216651,0.097670,0.145179,0.186189,0.084453,0.153087,0.053527,0.089734,0.150699,0.100955,0.170204,0.126865,0.126509,0.084314,0.069765,0.092148,0.140982,0.110092,0.153579,0.380244,0.156835,0.104626,0.100239,0.116507,0.075550,0.146762,0.156575,0.101740,0.043908,0.324507,0.167755,0.054403,0.049450,0.084992,0.050023,0.148178,0.796923,0.106799,0.044006,0.098092,0.094536
0.190473,0.070832,0.044901,0.045082,0.085434,0.094353,0.097954,0.118478,0.105565,0.103011,0.121811,0.168600,0.146509,0.043744,0.096192,0.115187,0.063020,0.105371,0.152617,0.148623,0.102240,0.063183,0.122947,0.125004,0.074687,0.070334,0.084558,0.063915,0.064724,0.168791,0.179457,0.067331,0.098216,0.094337,0.114805,0.076439,0.066180,0.089773,0.096948,0.074106,0.063706,0.051329,0.088445,0.045297,0.068648,0.086008,0.062780,0.112053,0.077026,0.095063,0.094714,0.080285,0.133708,0.068947,0.076824,0.178575,0.209031,0.063733,0.112021,0.076309,0.068078,0.075866,0.199173,0.213344,0.193507,0.061784,0.167183,0.127168,0.106177,0.100966,0.107113,0.061687,0.059867,0.070803,0.062920,0.071706,0.077968,0.209061,0.211689,0.000000,0.064312,0.066255,0.104156,0.073135,0.089389,0.090374,0.190077,0.045083,0.048213,0.028379,0.089122,0.070899,0.099194,0.088352,0.080248,0.113329,0.112554,0.080297,0.082435,0.044753,0.097796,0.098923,0.089839,0.088535,0.092738,0.100817,0.111040,0.107049,0.115022,0.085348,0.078639,0.154485,0.068986,0.185504,0.109832,0.101059,0.071801,0.108878,0.099478,0.085150,0.133829,0.109388,0.037914,0.107276,0.057297,0.050774,0.111112,0.086571,0.065005,0.115738,0.112291,0.166714,0.110794,0.059854,0.075228,0.159814,0.076737,0.055355,0.075097,0.180255,0.175150,0.084272,0.083800,0.059793,0.078011,0.083184,0.067697,0.113887,0.112636,0.119080,0.105975,0.136883,0.108384,0.091754,0.102841,0.109589,0.096726,0.097705,0.153589,0.142001,0.069649,0.069856,0.105452,0.040517,0.054020,0.095816,0.069245,0.158807,0.128881,0.064490,0.146239,0.154451,0.117232,0.114137,0.080663,0.068565,0.111192,0.037973,0.089726,0.098865,0.060793,0.111341,0.159096,0.115029,0.061187,0.081066,0.096895,0.126882,0.075171,0.097944,0.114590,0.062555,0.113606,0.058690,0.073824,0.106883,0.093262,0.096036,0.103979,0.084306,0.053491,0.067105,0.085103,0.108185,0.083856,0.121634,0.186998,0.126030,0.087818,0.100355,0.099384,0.065523,0.103215,0.113664,0.082246,0.044826,0.208324,0.135324,0.044187,0.039006,0.068513,0.050014,0.109259,0.202371,0.103627,0.039906,0.085219,0.083513
0.064743,0.042789,0.051087,0.046666,0.046130,0.060993,0.051759,0.069081,0.070986,0.056584,0.071731,0.062075,0.064047,0.034520,0.056011,0.058085,0.085316,0.045311,0.055963,0.061052,0.068913,0.045928,0.059947,0.060440,0.093463,0.100531,0.080168,0.103643,0.118755,0.067763,0.067351,0.117933,0.117946,0.110666,0.068033,0.115853,0.193703,0.113007,0.122477,0.152533,0.117305,0.101587,0.122314,0.090545,0.207244,0.104374,0.207634,0.057663,0.184269,0.070207,0.113164,0.085813,0.054453,0.220358,0.122832,0.067074,0.066894,0.374532,0.050993,0.178974,0.182063,0.185762,0.068142,0.066378,0.072957,0.091186,0.063216,0.072499,0.071724,0.056028,0.070694,0.111045,0.107895,0.110299,0.085049,0.057809,0.122313,0.062002,0.062550,0.064312,0.000000,0.410366,0.065218,0.185821,0.133865,0.067920,0.061702,0.050671,0.049070,0.040688,0.135093,0.093505,0.116796,0.104263,0.102211,0.054193,0.058656,0.047658,0.064974,0.057177,0.054503,0.055656,0.055959,0.061925,0.043907,0.059513,0.064238,0.071194,0.073302,0.122692,0.058580,0.061721,0.115540,0.057720,0.068897,0.060303,0.098963,0.064159,0.064901,0.084057,0.066855,0.056441,0.034369,0.064805,0.112389,0.030528,0.050461,0.050886,0.070318,0.076941,0.078887,0.062552,0.065105,0.122774,0.070905,0.068931,0.066137,0.096557,0.112898,0.062726,0.069897,0.114339,0.129238,0.078262,0.117908,0.048983,0.125513,0.065226,0.063389,0.073781,0.077396,0.067436,0.049019,0.040904,0.048942,0.046210,0.059484,0.118449,0.062550,0.060277,0.052197,0.103675,0.052611,0.043849,0.041373,0.070027,0.089474,0.059305,0.073645,0.118863,0.070849,0.069273,0.069829,0.053446,0.079669,0.122684,0.058176,0.058390,0.045537,0.054246,0.049520,0.064561,0.057753,0.047575,0.046216,0.060471,0.052536,0.063009,0.063885,0.058333,0.060859,0.060217,0.067224,0.046601,0.060786,0.053223,0.053844,0.067466,0.064350,0.052148,0.048931,0.044630,0.122096,0.057146,0.061969,0.061731,0.057668,0.081383,0.059524,0.050548,0.063419,0.060777,0.065148,0.074309,0.058430,0.046897,0.061843,0.063302,0.038583,0.033962,0.047850,0.099519,0.046752,0.058392,0.056528,0.032692,0.049501,0.058705
0.063361,0.050220,0.047204,0.036983,0.048982,0.058666,0.059789,0.072542,0.066721,0.058683,0.078040,0.060335,0.065882,0.033757,0.061833,0.066709,0.093798,0.050623,0.059030,0.064292,0.061244,0.044980,0.065823,0.065031,0.099032,0.108034,0.079095,0.102403,0.121491,0.064921,0.066174,0.110395,0.123358,0.114419,0.082380,0.116342,0.212314,0.114091,0.117675,0.149688,0.117358,0.105242,0.129776,0.092642,0.202235,0.107704,0.205549,0.064103,0.206266,0.067088,0.111969,0.076389,0.050770,0.227993,0.120009,0.064976,0.071595,0.414804,0.058922,0.205059,0.195859,0.202603,0.065372,0.067052,0.071994,0.101760,0.063376,0.084223,0.077909,0.056330,0.081894,0.106393,0.107723,0.105548,0.084450,0.054994,0.126098,0.063945,0.072169,0.066255,0.410366,0.000000,0.059873,0.192554,0.137769,0.063748,0.066465,0.048827,0.056879,0.039206,0.129816,0.095531,0.126286,0.108248,0.108872,0.066535,0.068347,0.049409,0.064648,0.052199,0.057151,0.064302,0.055615,0.061306,0.050161,0.064746,0.068188,0.078272,0.071543,0.128926,0.058164,0.063602,0.111870,0.061999,0.075707,0.058135,0.098791,0.074166,0.075822,0.075981,0.074465,0.069942,0.033456,0.066714,0.112678,0.032695,0.055733,0.056330,0.066764,0.076845,0.087376,0.062506,0.064335,0.124484,0.072117,0.077952,0.066135,0.095019,0.102253,0.059617,0.082294,0.115639,0.129010,0.079314,0.113910,0.054289,0.127458,0.070309,0.069250,0.070284,0.073176,0.067307,0.046706,0.050231,0.055875,0.059875,0.055602,0.124284,0.068201,0.068763,0.052360,0.105323,0.053318,0.041523,0.032958,0.067011,0.094090,0.064239,0.081157,0.124489,0.071735,0.065767,0.077435,0.058331,0.073151,0.122019,0.062244,0.054152,0.051512,0.054975,0.052063,0.075031,0.064403,0.052154,0.045621,0.056089,0.060312,0.076540,0.066106,0.055709,0.063291,0.064809,0.059549,0.041900,0.066146,0.059125,0.062645,0.065092,0.061599,0.048328,0.053913,0.049068,0.118932,0.060224,0.058633,0.062280,0.059889,0.080556,0.058749,0.059438,0.068766,0.067252,0.064122,0.081558,0.057029,0.043938,0.064512,0.071818,0.032001,0.035540,0.046973,0.091696,0.057301,0.061116,0.058967,0.037899,0.044391,0.059780
0.137803,0.078662,0.039499,0.044114,0.090220,0.115912,0.094033,0.164558,0.095177,0.096998,0.114839,0.117928,0.122620,0.051029,0.109152,0.109445,0.087816,0.085382,0.106852,0.101000,0.096348,0.105661,0.143854,0.104102,0.079459,0.075935,0.092744,0.074706,0.073618,0.110444,0.116331,0.056997,0.099047,0.113648,0.180396,0.089845,0.065089,0.112683,0.094225,0.090483,0.056645,0.070276,0.100383,0.049404,0.069545,0.119512,0.072342,0.124311,0.090348,0.155428,0.115066,0.084983,0.119595,0.066018,0.084157,0.115842,0.143684,0.063892,0.098837,0.091665,0.090592,0.084931,0.149960,0.140156,0.136491,0.079626,0.110656,0.185776,0.127940,0.098925,0.127463,0.080184,0.076529,0.073896,0.068115,0.090293,0.077686,0.136148,0.141078,0.104156,0.065218,0.059873,0.000000,0.071074,0.103126,0.119164,0.132658,0.037489,0.038305,0.030086,0.107669,0.075558,0.101825,0.117746,0.104183,0.128542,0.121898,0.071482,0.076826,0.036203,0.135345,0.104263,0.079200,0.115271,0.102684,0.134217,0.156005,0.179970,0.139557,0.108487,0.081660,0.131495,0.101239,0.138648,0.152605,0.108501,0.085111,0.324954,0.116556,0.120821,0.121297,0.126917,0.050370,0.119532,0.079616,0.048459,0.102140,0.076799,0.091154,0.167543,0.169616,0.111034,0.809286,0.076069,0.093969,0.112780,0.094926,0.064755,0.087297,0.128745,0.113068,0.095118,0.073036,0.075153,0.097920,0.126412,0.066579,0.123013,0.159225,0.164121,0.224394,0.105168,0.084056,0.089513,0.104834,0.116301,0.095547,0.113092,0.114283,0.121842,0.103101,0.075707,0.097782,0.042909,0.054526,0.094389,0.073218,0.134075,0.135908,0.076159,0.111103,0.101892,0.141645,0.120185,0.084506,0.078426,0.134521,0.047851,0.070770,0.103277,0.102079,0.127334,0.113834,0.109737,0.101309,0.108099,0.108153,0.169751,0.143327,0.098521,0.125330,0.065183,0.113214,0.075902,0.094055,0.111357,0.104501,0.118564,0.094611,0.084494,0.110939,0.074400,0.091709,0.100667,0.106851,0.109579,0.136239,0.192443,0.082904,0.120822,0.130888,0.087081,0.120211,0.210101,0.121150,0.051635,0.138612,0.127466,0.051060,0.046491,0.092276,0.059794,0.106083,0.136702,0.105670,0.042052,0.129264,0.075237
0.065859,0.046028,0.051378,0.049899,0.057989,0.065443,0.056686,0.074117,0.066372,0.055959,0.085506,0.068149,0.064640,0.036516,0.061760,0.055024,0.101612,0.038680,0.062885,0.064236,0.074494,0.045490,0.065897,0.070188,0.114631,0.108679,0.089709,0.113020,0.145902,0.068891,0.077222,0.108663,0.150103,0.142628,0.076780,0.127332,0.267734,0.135079,0.146265,0.161164,0.113548,0.109832,0.150829,0.094381,0.232383,0.133587,0.273064,0.054758,0.191199,0.079804,0.136297,0.091227,0.058186,0.243420,0.138660,0.079127,0.074069,0.192742,0.070580,0.205857,0.183250,0.193129,0.069520,0.077739,0.073211,0.094492,0.077350,0.078483,0.080147,0.055653,0.078356,0.118285,0.111477,0.126094,0.100238,0.055710,0.126669,0.072412,0.065780,0.073135,0.185821,0.192554,0.071074,0.000000,0.152160,0.063652,0.066119,0.049534,0.058066,0.033495,0.146626,0.110509,0.146698,0.124176,0.123980,0.061407,0.068006,0.051665,0.053318,0.049596,0.059852,0.065288,0.053415,0.058786,0.049217,0.060084,0.061990,0.083894,0.081468,0.143301,0.063144,0.072925,0.134273,0.066112,0.073669,0.052685,0.098701,0.082362,0.054697,0.089393,0.073123,0.061402,0.042572,0.060896,0.106976,0.036437,0.063093,0.046950,0.073690,0.089211,0.086807,0.076456,0.071494,0.141174,0.068975,0.091705,0.079543,0.103792,0.117560,0.069865,0.085399,0.138324,0.134193,0.079698,0.131103,0.045724,0.124199,0.063696,0.072426,0.073666,0.070923,0.073970,0.042900,0.048890,0.055721,0.055361,0.049116,0.144297,0.074927,0.078985,0.052686,0.108967,0.062177,0.036992,0.036456,0.074382,0.105086,0.078885,0.076488,0.130427,0.072153,0.074389,0.082660,0.054475,0.074544,0.136854,0.052074,0.047129,0.035650,0.056855,0.045722,0.062552,0.078432,0.059717,0.045573,0.048293,0.044760,0.066573,0.070602,0.054794,0.070893,0.055570,0.068736,0.043346,0.072140,0.065599,0.069500,0.073752,0.075250,0.050400,0.044918,0.042649,0.137875,0.057999,0.063777,0.069280,0.066643,0.088798,0.050347,0.055370,0.089118,0.071461,0.063988,0.071765,0.058316,0.047701,0.058611,0.069587,0.044193,0.032351,0.043638,0.101011,0.055916,0.064010,0.048621,0.039623,0.048242,0.049441
0.107462,0.056928,0.049255,0.057105,0.068199,0.096591,0.077337,0.122365,0.081313,0.078664,0.109562,0.096104,0.081890,0.048077,0.086897,0.092953,0.142333,0.059278,0.075263,0.082974,0.074377,0.062406,0.099085,0.107503,0.233868,0.126184,0.141827,0.133382,0.167595,0.100876,0.109251,0.134402,0.328318,0.318600,0.124907,0.209701,0.152074,0.324284,0.325872,0.145555,0.136398,0.133811,0.315636,0.097958,0.147514,0.317267,0.143115,0.086595,0.197092,0.101332,0.322734,0.119127,0.095733,0.149329,0.228350,0.102954,0.128776,0.151997,0.077786,0.192207,0.195565,0.197869,0.124949,0.125643,0.106232,0.129959,0.091101,0.126769,0.109556,0.114532,0.109611,0.165936,0.162508,0.160720,0.131187,0.077808,0.156130,0.117184,0.120213,0.089389,0.133865,0.137769,0.103126,0.152160,0.000000,0.095691,0.094314,0.043344,0.045261,0.027380,0.503568,0.231002,0.314800,0.221028,0.253085,0.090174,0.090106,0.096551,0.092233,0.039969,0.091475,0.073429,0.091313,0.106715,0.086856,0.072190,0.077459,0.103738,0.117066,0.328238,0.096200,0.093413,0.255562,0.136095,0.105919,0.081100,0.127216,0.119497,0.084539,0.146843,0.120944,0.096247,0.051200,0.091368,0.162897,0.050816,0.075201,0.063481,0.117185,0.109189,0.118408,0.108355,0.102668,0.142704,0.127565,0.101131,0.145325,0.129142,0.158576,0.106129,0.113270,0.272554,0.150225,0.141622,0.268424,0.070099,0.159572,0.097759,0.123120,0.132262,0.114474,0.100944,0.057464,0.081528,0.086765,0.092835,0.077504,0.310753,0.099850,0.124446,0.077472,0.157352,0.091719,0.045883,0.044920,0.077079,0.129187,0.095132,0.115673,0.154979,0.082129,0.086117,0.112450,0.087082,0.135531,0.155717,0.101191,0.061302,0.045839,0.110640,0.068711,0.100560,0.125959,0.074448,0.063065,0.071005,0.095721,0.118853,0.110726,0.110306,0.124430,0.058645,0.102170,0.053362,0.073503,0.067194,0.068754,0.123264,0.078976,0.090266,0.068794,0.057765,0.274958,0.070509,0.093971,0.088607,0.113648,0.138209,0.074028,0.089925,0.147195,0.121225,0.109089,0.135847,0.083153,0.048434,0.100366,0.087540,0.045984,0.037506,0.076456,0.114578,0.088947,0.127110,0.082966,0.044296,0.070108,0.070078
0.113248,0.076693,0.043906,0.054047,0.081616,0.114236,0.075235,0.156390,0.087736,0.085378,0.124715,0.099250,0.114027,0.046484,0.095686,0.085297,0.065039,0.064543,0.088201,0.077555,0.083660,0.092524,0.124476,0.111923,0.071910,0.057507,0.099145,0.052700,0.081627,0.085645,0.098095,0.061419,0.101262,0.083904,0.104161,0.079436,0.070324,0.079385,0.094134,0.071731,0.057005,0.055900,0.092372,0.046889,0.073269,0.096205,0.068772,0.099909,0.086519,0.125355,0.093580,0.090553,0.104785,0.069623,0.081981,0.098977,0.111430,0.072946,0.096935,0.080302,0.082057,0.081800,0.119478,0.114232,0.106504,0.066532,0.072484,0.125970,0.122545,0.102279,0.121116,0.064579,0.062070,0.069830,0.053026,0.094335,0.073650,0.097130,0.102309,0.090374,0.067920,0.063748,0.119164,0.063652,0.095691,0.000000,0.087954,0.040987,0.050879,0.036941,0.106562,0.073473,0.087583,0.077858,0.068156,0.106967,0.109846,0.105773,0.118094,0.043594,0.111597,0.085523,0.114074,0.103643,0.082736,0.094733,0.098887,0.109154,0.098732,0.090076,0.086886,0.092575,0.073604,0.120785,0.112905,0.081625,0.060307,0.121587,0.110422,0.100809,0.130973,0.115724,0.053310,0.110937,0.065091,0.056896,0.089787,0.100202,0.081467,0.141239,0.117939,0.078540,0.124606,0.070837,0.083443,0.095206,0.088845,0.053875,0.073884,0.089491,0.089263,0.079645,0.075019,0.065095,0.081467,0.107493,0.071089,0.114437,0.138785,0.140691,0.131940,0.090055,0.062174,0.087426,0.094153,0.107366,0.083734,0.124420,0.098809,0.130336,0.088913,0.081286,0.096757,0.054467,0.058119,0.082012,0.051326,0.098228,0.132185,0.070898,0.075284,0.076005,0.120718,0.099696,0.079408,0.084190,0.109884,0.048475,0.059485,0.097705,0.095226,0.106555,0.128244,0.087290,0.087798,0.078705,0.088696,0.136658,0.106856,0.098374,0.117712,0.052618,0.117528,0.075472,0.104986,0.121537,0.082451,0.110533,0.083173,0.067505,0.093160,0.061164,0.090359,0.105920,0.094179,0.119237,0.109724,0.134875,0.102604,0.098659,0.121645,0.087689,0.118387,0.181977,0.101000,0.046084,0.120472,0.119044,0.044788,0.045702,0.094609,0.052073,0.101870,0.096571,0.088041,0.049825,0.109409,0.099247
0.304379,0.072957,0.049039,0.053775,0.096848,0.108998,0.087818,0.159773,0.118623,0.087170,0.107755,0.175681,0.121570,0.044086,0.092247,0.127048,0.068782,0.128458,0.203034,0.198492,0.119822,0.069648,0.117305,0.146119,0.068513,0.071125,0.096650,0.071865,0.069255,0.309259,0.331022,0.055690,0.083398,0.098398,0.129485,0.081134,0.062643,0.094264,0.092121,0.072255,0.051866,0.061138,0.094990,0.048241,0.062863,0.083344,0.066389,0.112367,0.084363,0.096237,0.088051,0.101827,0.150813,0.061517,0.076578,0.336283,0.257390,0.074731,0.117604,0.088277,0.082390,0.077734,0.246429,0.260298,0.254718,0.066706,0.328912,0.130762,0.104188,0.126377,0.104151,0.072839,0.068496,0.067284,0.071114,0.084463,0.074883,0.310290,0.317391,0.190077,0.061702,0.066465,0.132658,0.066119,0.094314,0.087954,0.000000,0.043044,0.048877,0.027353,0.094339,0.068058,0.095651,0.098544,0.100050,0.093826,0.092973,0.073352,0.062320,0.048150,0.125582,0.090916,0.063783,0.090608,0.079051,0.102791,0.105633,0.124084,0.105114,0.087035,0.079514,0.194772,0.081920,0.253242,0.115369,0.100696,0.070517,0.125603,0.127159,0.104918,0.106435,0.093885,0.046737,0.125328,0.072811,0.048121,0.112693,0.072553,0.072882,0.122426,0.120250,0.339712,0.126678,0.060322,0.075215,0.280603,0.082332,0.053928,0.068474,0.728011,0.297146,0.093785,0.079613,0.062021,0.089917,0.083983,0.070915,0.127260,0.117934,0.128951,0.112652,0.158617,0.122646,0.090453,0.103671,0.115402,0.082501,0.079718,0.189942,0.154773,0.072840,0.077832,0.120320,0.047061,0.042225,0.108556,0.078196,0.197778,0.101614,0.064786,0.212041,0.226223,0.113492,0.134214,0.081338,0.067264,0.128731,0.048105,0.107908,0.124418,0.072353,0.105777,0.156730,0.102868,0.067180,0.081578,0.111423,0.180187,0.077725,0.125802,0.140949,0.070708,0.117431,0.059106,0.087117,0.122225,0.085557,0.148606,0.120380,0.106698,0.073814,0.066674,0.090434,0.107375,0.090675,0.132206,0.310725,0.134087,0.083629,0.078085,0.099372,0.065417,0.114781,0.121582,0.085191,0.054646,0.259688,0.142818,0.040072,0.050614,0.072458,0.055328,0.114288,0.307274,0.089516,0.043184,0.086072,0.066793
0.041213,0.042918,0.374278,0.046956,0.052422,0.045313,0.047963,0.039713,0.040908,0.047240,0.041904,0.051748,0.038959,0.038302,0.045035,0.047506,0.050875,0.046628,0.051330,0.045260,0.052977,0.041000,0.031839,0.041083,0.034609,0.042903,0.050503,0.052376,0.044915,0.039920,0.047360,0.050952,0.039631,0.041899,0.037224,0.044433,0.045769,0.042358,0.048528,0.045697,0.047365,0.049504,0.051788,0.037687,0.052001,0.042101,0.048074,0.043370,0.048359,0.036861,0.039206,0.050486,0.037324,0.051270,0.053848,0.047560,0.041258,0.051985,0.043819,0.048271,0.045494,0.038433,0.042976,0.039282,0.040119,0.055870,0.052078,0.033316,0.044763,0.036897,0.039836,0.045030,0.053679,0.042728,0.046791,0.033679,0.043106,0.044121,0.046994,0.045083,0.050671,0.048827,0.037489,0.049534,0.043344,0.040987,0.043044,0.000000,0.373567,0.050294,0.039576,0.034505,0.043278,0.047775,0.042610,0.037815,0.035585,0.038836,0.036059,0.291850,0.042867,0.038074,0.034641,0.048438,0.045517,0.040922,0.039129,0.039451,0.044408,0.041031,0.037431,0.048862,0.054103,0.044324,0.038004,0.049990,0.046375,0.037524,0.048875,0.049548,0.044478,0.037732,0.042621,0.043141,0.048276,0.042605,0.041257,0.035239,0.036595,0.033254,0.035877,0.049635,0.040855,0.044388,0.036616,0.055847,0.042954,0.044675,0.048452,0.048918,0.052352,0.047704,0.050711,0.039765,0.044648,0.041752,0.050276,0.042611,0.044596,0.051930,0.049696,0.056834,0.046509,0.038113,0.042859,0.042145,0.037694,0.047538,0.051041,0.039695,0.054897,0.054715,0.047894,0.031731,0.046775,0.054820,0.045484,0.047443,0.043575,0.051606,0.047600,0.058249,0.039051,0.036381,0.037501,0.048200,0.044709,0.041176,0.038461,0.038610,0.049686,0.031119,0.039717,0.051455,0.035614,0.047590,0.037251,0.041160,0.041369,0.040143,0.039682,0.045958,0.041709,0.051823,0.045952,0.038952,0.035877,0.043837,0.048782,0.041927,0.042959,0.040651,0.041371,0.046263,0.045283,0.041473,0.043157,0.041150,0.039229,0.043009,0.047472,0.047161,0.034917,0.040300,0.042152,0.097180,0.045614,0.042226,0.040244,0.043774,0.057646,0.038749,0.042521,0.047669,0.039891,0.034617,0.047824,0.038007
0.041059,0.046115,0.568054,0.047070,0.053586,0.050518,0.050996,0.048498,0.039433,0.055280,0.038709,0.043392,0.047854,0.037155,0.044442,0.040234,0.053250,0.045772,0.045333,0.041502,0.052271,0.037558,0.032516,0.045219,0.038278,0.046794,0.047683,0.045844,0.051173,0.045266,0.045565,0.042786,0.045198,0.045622,0.038113,0.049887,0.054926,0.039159,0.044876,0.048641,0.044891,0.047717,0.045760,0.039034,0.059723,0.045940,0.046494,0.044343,0.049928,0.036693,0.041447,0.048088,0.037681,0.050852,0.052584,0.050170,0.039582,0.048909,0.047026,0.048020,0.045369,0.049441,0.039741,0.039048,0.045157,0.053000,0.041838,0.039727,0.048704,0.047509,0.038781,0.045606,0.050486,0.036834,0.052574,0.043397,0.045094,0.038639,0.045165,0.048213,0.049070,0.056879,0.038305,0.058066,0.045261,0.050879,0.048877,0.373567,0.000000,0.052323,0.044987,0.041736,0.045105,0.052214,0.046431,0.035970,0.039806,0.032611,0.035620,0.276827,0.041808,0.040730,0.032961,0.034363,0.039302,0.039139,0.042628,0.040687,0.046489,0.042634,0.040236,0.045036,0.042823,0.043320,0.045513,0.044508,0.048503,0.039008,0.049622,0.046437,0.041082,0.042114,0.035194,0.050247,0.039510,0.040438,0.041423,0.040023,0.039263,0.040920,0.044019,0.051767,0.034448,0.046697,0.040678,0.053609,0.041566,0.049601,0.049057,0.050032,0.053721,0.046305,0.044512,0.041663,0.049338,0.046967,0.051768,0.047446,0.045416,0.040352,0.044275,0.053813,0.047582,0.040673,0.044907,0.043056,0.041254,0.050319,0.048083,0.039839,0.044389,0.050868,0.046301,0.038834,0.047332,0.054442,0.042957,0.045452,0.036320,0.046571,0.049401,0.053321,0.039305,0.042250,0.033569,0.052828,0.040531,0.043905,0.040704,0.042262,0.049073,0.034546,0.037628,0.044166,0.035955,0.041585,0.035747,0.036160,0.040874,0.038368,0.033907,0.044590,0.048644,0.041446,0.043845,0.043236,0.036824,0.036070,0.048331,0.043968,0.040647,0.037598,0.042579,0.040544,0.034948,0.043754,0.039353,0.041797,0.034309,0.048123,0.047283,0.046408,0.033997,0.035487,0.040104,0.094407,0.038736,0.041047,0.041663,0.037714,0.050444,0.035214,0.044591,0.044917,0.040273,0.031111,0.052806,0.038264
0.029172,0.031802,0.053428,0.032373,0.035178,0.028987,0.039477,0.027511,0.034217,0.041100,0.027542,0.031911,0.030958,0.027672,0.029563,0.033343,0.039299,0.040494,0.035528,0.036003,0.034722,0.036316,0.028468,0.028108,0.033174,0.036317,0.031190,0.036491,0.037216,0.033124,0.030370,0.037220,0.033353,0.029148,0.026798,0.039971,0.035908,0.032245,0.029824,0.032952,0.034964,0.039013,0.030135,0.047198,0.038409,0.027815,0.033401,0.029460,0.032546,0.028035,0.034179,0.033116,0.031652,0.036120,0.035864,0.031968,0.026400,0.037991,0.029278,0.031042,0.031241,0.032332,0.028486,0.027486,0.029871,0.039441,0.030569,0.029828,0.032028,0.029206,0.031650,0.034509,0.037893,0.029354,0.042949,0.029736,0.034096,0.028068,0.035372,0.028379,0.040688,0.039206,0.030086,0.033495,0.027380,0.036941,0.027353,0.050294,0.052323,0.000000,0.034366,0.037560,0.028461,0.033558,0.030608,0.031337,0.029682,0.027387,0.030497,0.053327,0.032460,0.028361,0.029107,0.031662,0.028555,0.029069,0.026593,0.030005,0.029812,0.030138,0.030565,0.033251,0.032067,0.025953,0.028926,0.034871,0.045962,0.030448,0.030453,0.033002,0.032281,0.033230,0.027338,0.030969,0.032386,0.026402,0.029809,0.027438,0.035915,0.028370,0.030466,0.031148,0.033473,0.038264,0.031784,0.030502,0.033075,0.041508,0.038178,0.026579,0.027992,0.030982,0.032880,0.034948,0.032153,0.033860,0.038419,0.029469,0.027337,0.030747,0.032622,0.031886,0.042147,0.033495,0.031710,0.028575,0.033146,0.028850,0.032778,0.028550,0.037254,0.039714,0.030637,0.025781,0.030546,0.034514,0.031834,0.036117,0.029191,0.031016,0.037426,0.040114,0.030306,0.031258,0.027271,0.033259,0.027665,0.052010,0.041916,0.033701,0.037348,0.025742,0.031860,0.031513,0.036102,0.032557,0.028567,0.028571,0.026603,0.026623,0.027889,0.041490,0.030296,0.032588,0.045900,0.031610,0.028444,0.025177,0.037097,0.032502,0.039894,0.038248,0.029459,0.034284,0.029185,0.028704,0.030564,0.027868,0.033636,0.029721,0.028001,0.031190,0.024654,0.029736,0.028937,0.043247,0.034707,0.027612,0.030577,0.030495,0.038720,0.039205,0.028842,0.027704,0.029280,0.022281,0.035699,0.030077
0.092593,0.059385,0.043280,0.050078,0.067822,0.091237,0.076888,0.117447,0.091611,0.082485,0.109559,0.099907,0.092937,0.047896,0.089749,0.091970,0.127622,0.056072,0.076246,0.085218,0.071326,0.058841,0.110739,0.099454,0.194370,0.130694,0.139146,0.123618,0.160954,0.100126,0.105264,0.131711,0.294680,0.277376,0.131066,0.218908,0.160748,0.278551,0.288242,0.138247,0.129400,0.128298,0.294468,0.099382,0.134447,0.268082,0.142187,0.103301,0.196239,0.111059,0.291210,0.134973,0.080573,0.140124,0.231099,0.109680,0.103777,0.136651,0.060213,0.191804,0.198649,0.194222,0.102153,0.102038,0.095394,0.119635,0.080275,0.136741,0.106185,0.097758,0.103201,0.163457,0.152794,0.170666,0.132498,0.085418,0.166120,0.108764,0.111606,0.089122,0.135093,0.129816,0.107669,0.146626,0.503568,0.106562,0.094339,0.039576,0.044987,0.034366,0.000000,0.190027,0.266978,0.215638,0.222310,0.093061,0.080389,0.084668,0.090916,0.048985,0.094323,0.078832,0.093108,0.091768,0.079464,0.094956,0.098954,0.106548,0.114292,0.280932,0.113416,0.086074,0.214567,0.130113,0.092563,0.069444,0.128033,0.111409,0.084572,0.128698,0.107280,0.096122,0.049343,0.096664,0.165143,0.042871,0.066269,0.071290,0.106812,0.127525,0.114928,0.081939,0.114975,0.141780,0.117915,0.103513,0.112846,0.131056,0.156516,0.101320,0.111427,0.226146,0.155116,0.133790,0.238912,0.065094,0.151092,0.095903,0.114962,0.120186,0.108763,0.086938,0.045298,0.069906,0.077798,0.075527,0.071542,0.290683,0.105822,0.106221,0.064232,0.142170,0.073826,0.047965,0.058569,0.077866,0.129960,0.089390,0.114429,0.161060,0.093797,0.087676,0.108827,0.078188,0.130387,0.156678,0.095952,0.064466,0.040066,0.093391,0.063847,0.107919,0.108855,0.072897,0.058014,0.073988,0.092157,0.113475,0.108315,0.094871,0.109441,0.071602,0.101131,0.058569,0.084041,0.070533,0.077448,0.129375,0.079078,0.071141,0.061292,0.049711,0.278851,0.082414,0.084217,0.085867,0.095244,0.126215,0.076316,0.067621,0.146793,0.105404,0.108344,0.119965,0.097995,0.043123,0.095817,0.095045,0.050765,0.035194,0.063745,0.122909,0.076109,0.108962,0.081091,0.048692,0.068941,0.073631
0.075367,0.051685,0.039828,0.047291,0.079478,0.068646,0.075208,0.087166,0.075094,0.069228,0.080562,0.082175,0.080727,0.041274,0.064405,0.099537,0.088954,0.050669,0.065635,0.069487,0.063495,0.069420,0.073631,0.078233,0.500073,0.110101,0.101431,0.114628,0.123524,0.073303,0.073516,0.102280,0.242068,0.247613,0.088314,0.148810,0.116980,0.245328,0.231620,0.113335,0.106279,0.095175,0.242136,0.081221,0.102595,0.243949,0.114005,0.075532,0.137278,0.074956,0.245019,0.087263,0.062546,0.109078,0.159989,0.077236,0.079785,0.096363,0.059317,0.139509,0.135921,0.141305,0.081351,0.084585,0.081940,0.087138,0.070430,0.087127,0.068112,0.093675,0.068040,0.119503,0.117249,0.113170,0.078744,0.053334,0.130241,0.076048,0.081966,0.070899,0.093505,0.095531,0.075558,0.110509,0.231002,0.073473,0.068058,0.034505,0.041736,0.037560,0.190027,0.000000,0.248558,0.159402,0.165980,0.077744,0.072954,0.071939,0.078819,0.043322,0.063585,0.068042,0.079578,0.050628,0.060835,0.066351,0.064178,0.075848,0.074339,0.234353,0.078389,0.078390,0.178576,0.086236,0.084893,0.086574,0.089864,0.074761,0.062141,0.090513,0.075960,0.078284,0.031309,0.083680,0.114507,0.033168,0.067444,0.062456,0.121500,0.078648,0.083953,0.064275,0.075474,0.109107,0.120354,0.074647,0.080868,0.092287,0.130493,0.071107,0.071067,0.199498,0.124110,0.136744,0.192661,0.073281,0.134813,0.079998,0.076920,0.078089,0.080276,0.066002,0.051471,0.079463,0.073681,0.070100,0.067706,0.207852,0.066655,0.085744,0.064835,0.129274,0.078743,0.033491,0.040176,0.055919,0.120178,0.079008,0.079437,0.119534,0.067889,0.067972,0.083803,0.073584,0.125516,0.120513,0.064796,0.042851,0.048105,0.094077,0.069742,0.072462,0.086995,0.064181,0.071657,0.078412,0.100494,0.089053,0.085112,0.102323,0.081346,0.051364,0.087389,0.049817,0.063154,0.055561,0.076832,0.074451,0.060072,0.093735,0.069184,0.065612,0.209390,0.074828,0.053299,0.064585,0.076589,0.108418,0.068067,0.060587,0.084326,0.114751,0.073700,0.091683,0.071703,0.046134,0.081123,0.074722,0.038686,0.040882,0.062148,0.093733,0.067696,0.075780,0.087197,0.045152,0.077091,0.056584
0.110005,0.058150,0.048068,0.051907,0.070878,0.103493,0.083344,0.112821,0.099219,0.077752,0.110021,0.088188,0.107894,0.046029,0.087151,0.098256,0.143768,0.058824,0.086075,0.085799,0.088101,0.061536,0.091873,0.106990,0.262635,0.127584,0.159036,0.122579,0.170162,0.097100,0.107669,0.140645,0.449754,0.479256,0.144146,0.210121,0.152333,0.458983,0.467952,0.149597,0.140162,0.123327,0.471127,0.112363,0.132209,0.456411,0.147415,0.104540,0.179710,0.111916,0.462637,0.134493,0.084531,0.144437,0.223623,0.106223,0.101052,0.127931,0.099156,0.181637,0.193378,0.179325,0.109988,0.096652,0.110270,0.147110,0.094045,0.144578,0.114262,0.103615,0.114391,0.175225,0.166865,0.158137,0.121540,0.081885,0.177639,0.116099,0.120149,0.099194,0.116796,0.126286,0.101825,0.146698,0.314800,0.087583,0.095651,0.043278,0.045105,0.028461,0.266978,0.248558,0.000000,0.224328,0.238239,0.088992,0.085577,0.099309,0.096831,0.048816,0.087535,0.078737,0.094647,0.092009,0.090763,0.085610,0.088388,0.107537,0.108084,0.456801,0.094416,0.099221,0.260814,0.104260,0.100129,0.078948,0.136563,0.123288,0.084120,0.137774,0.120877,0.090705,0.058400,0.099024,0.167664,0.043642,0.100742,0.080170,0.141145,0.126392,0.120398,0.086832,0.104767,0.144490,0.139826,0.108530,0.122980,0.120110,0.155400,0.089022,0.115992,0.300188,0.163663,0.157713,0.285898,0.079667,0.152639,0.101311,0.096862,0.103745,0.102458,0.089087,0.059252,0.069199,0.085398,0.089400,0.079806,0.397678,0.097909,0.098308,0.072638,0.155303,0.091588,0.044493,0.059831,0.083406,0.130659,0.102446,0.105010,0.173211,0.083005,0.090659,0.111382,0.101758,0.142715,0.179514,0.094036,0.062580,0.048557,0.096369,0.075788,0.102946,0.094157,0.078722,0.060859,0.077081,0.084084,0.115193,0.107124,0.101013,0.116193,0.058155,0.103560,0.055754,0.068614,0.077760,0.074155,0.110816,0.089362,0.083845,0.068570,0.054347,0.392888,0.080432,0.100032,0.088972,0.096277,0.140301,0.084504,0.090544,0.129946,0.125445,0.094459,0.136482,0.094277,0.051511,0.099798,0.090219,0.049102,0.053070,0.071439,0.111272,0.088500,0.114943,0.075070,0.045049,0.075221,0.082336
0.101645,0.066745,0.047573,0.061776,0.063276,0.086480,0.066545,0.121383,0.096907,0.076656,0.083103,0.091080,0.093779,0.053072,0.086383,0.083848,0.130505,0.046793,0.086037,0.083667,0.087579,0.051809,0.098240,0.100681,0.165126,0.129565,0.127200,0.125422,0.167424,0.104122,0.099475,0.103968,0.220130,0.212993,0.100196,0.175271,0.126421,0.212130,0.221365,0.135124,0.110805,0.105203,0.225754,0.090579,0.113828,0.199745,0.124251,0.083479,0.150083,0.093776,0.219624,0.104038,0.090705,0.127988,0.177642,0.111379,0.108968,0.111633,0.063898,0.160935,0.158976,0.151571,0.108421,0.113614,0.093360,0.129066,0.091032,0.110569,0.089242,0.079381,0.084710,0.160435,0.147100,0.128206,0.128936,0.070412,0.149171,0.090934,0.090799,0.088352,0.104263,0.108248,0.117746,0.124176,0.221028,0.077858,0.098544,0.047775,0.052214,0.033558,0.215638,0.159402,0.224328,0.000000,0.552552,0.073646,0.076313,0.094716,0.078110,0.047337,0.110781,0.081703,0.076318,0.065746,0.066739,0.082959,0.090568,0.093096,0.095392,0.219486,0.090367,0.091823,0.174996,0.103081,0.091936,0.067910,0.129554,0.108615,0.068305,0.115718,0.085605,0.073099,0.035693,0.091071,0.156445,0.050741,0.067610,0.060346,0.100465,0.098048,0.091664,0.098198,0.115049,0.131412,0.101582,0.096347,0.085116,0.111997,0.162177,0.098773,0.087679,0.186929,0.153183,0.127014,0.188789,0.062424,0.140447,0.090229,0.091342,0.097350,0.110555,0.091413,0.046607,0.061715,0.077961,0.074108,0.057617,0.210575,0.101348,0.096274,0.071297,0.154625,0.082367,0.043806,0.046701,0.086613,0.131920,0.092858,0.089969,0.145322,0.093751,0.085387,0.082508,0.089877,0.107782,0.144755,0.084779,0.053446,0.047342,0.081840,0.066552,0.075580,0.084897,0.065545,0.050473,0.060736,0.078451,0.104418,0.082840,0.084440,0.097149,0.062842,0.098085,0.052315,0.070887,0.065342,0.071597,0.109856,0.089176,0.072095,0.059078,0.052692,0.219584,0.067840,0.074668,0.074080,0.095606,0.109209,0.072487,0.055605,0.110547,0.086120,0.093996,0.121515,0.082254,0.058632,0.090166,0.105282,0.054237,0.047341,0.071700,0.103266,0.071132,0.084399,0.061731,0.053569,0.059152,0.059820
0.092813,0.052869,0.051826,0.058287,0.056537,0.068582,0.070110,0.107878,0.091585,0.066299,0.084792,0.079605,0.084341,0.054090,0.078046,0.082413,0.136122,0.043322,0.088105,0.091296,0.080563,0.049492,0.100620,0.108046,0.173183,0.133986,0.124513,0.132325,0.146200,0.091625,0.099281,0.110514,0.236341,0.210503,0.102702,0.168907,0.125841,0.211658,0.210507,0.137771,0.116886,0.107244,0.213095,0.091651,0.114033,0.194567,0.132047,0.085576,0.152207,0.096086,0.208472,0.113758,0.085381,0.124230,0.175362,0.103761,0.102965,0.112083,0.077161,0.153388,0.155404,0.157953,0.105879,0.101590,0.093548,0.129812,0.076837,0.093180,0.090379,0.074339,0.093789,0.148851,0.138870,0.135068,0.127627,0.068151,0.146401,0.092650,0.093585,0.080248,0.102211,0.108872,0.104183,0.123980,0.253085,0.068156,0.100050,0.042610,0.046431,0.030608,0.222310,0.165980,0.238239,0.552552,0.000000,0.078493,0.074593,0.094161,0.092966,0.055810,0.092033,0.058801,0.091581,0.074683,0.069222,0.081799,0.085570,0.087655,0.089793,0.208086,0.077835,0.084728,0.180094,0.090646,0.089683,0.063198,0.137257,0.105862,0.065150,0.104138,0.089114,0.076638,0.034596,0.071132,0.138910,0.041575,0.073145,0.074075,0.093118,0.101225,0.092675,0.086889,0.102005,0.130420,0.097532,0.098002,0.081640,0.112775,0.155065,0.087082,0.089030,0.181304,0.141453,0.134945,0.182921,0.056561,0.143109,0.073921,0.102587,0.103617,0.097455,0.084953,0.042933,0.050493,0.062717,0.068575,0.063418,0.205852,0.085546,0.082179,0.058207,0.150872,0.066454,0.042970,0.041136,0.076268,0.131322,0.088353,0.087281,0.140511,0.088323,0.082385,0.078311,0.080169,0.107956,0.147005,0.084584,0.060358,0.041298,0.076463,0.059220,0.074848,0.077286,0.070606,0.046496,0.068252,0.064517,0.104103,0.082214,0.084659,0.089418,0.060680,0.091448,0.060420,0.060988,0.070979,0.058479,0.094499,0.089094,0.062523,0.054352,0.060910,0.210461,0.071931,0.076199,0.084448,0.090704,0.122912,0.073361,0.066144,0.099487,0.097162,0.090699,0.111275,0.080749,0.059745,0.092805,0.106382,0.043701,0.045364,0.063801,0.097092,0.062692,0.090564,0.070859,0.058993,0.051367,0.069424
0.123589,0.084881,0.038671,0.054902,0.082980,0.121378,0.088635,0.131639,0.121786,0.101521,0.424858,0.126593,0.126109,0.044231,0.147666,0.121221,0.062007,0.072178,0.121599,0.113987,0.105105,0.068008,0.122440,0.157859,0.081205,0.066437,0.097271,0.065228,0.063202,0.090855,0.084740,0.058258,0.091786,0.088940,0.240120,0.072290,0.059703,0.088531,0.090766,0.066719,0.060069,0.053690,0.087477,0.045293,0.069941,0.099161,0.067154,0.108490,0.078803,0.220031,0.090974,0.087743,0.134106,0.073107,0.078391,0.091038,0.137687,0.058477,0.169641,0.086697,0.082224,0.086263,0.143167,0.138724,0.124183,0.063625,0.080799,0.263136,0.340346,0.120489,0.353074,0.075998,0.075509,0.063491,0.060063,0.065737,0.079004,0.111861,0.113501,0.113329,0.054193,0.066535,0.128542,0.061407,0.090174,0.106967,0.093826,0.037815,0.035970,0.031337,0.093061,0.077744,0.088992,0.073646,0.078493,0.000000,0.818655,0.099131,0.112976,0.034718,0.134719,0.183574,0.101193,0.150350,0.135786,0.179518,0.187114,0.217131,0.184490,0.090484,0.070652,0.111427,0.076936,0.136617,0.146737,0.093878,0.069224,0.149659,0.117779,0.091526,0.408628,0.877066,0.063045,0.126250,0.074772,0.051798,0.177195,0.089952,0.083860,0.221650,0.246348,0.079866,0.122221,0.059768,0.076275,0.103374,0.096980,0.054225,0.080010,0.093396,0.101274,0.081432,0.066388,0.071537,0.072806,0.094487,0.070878,0.125560,0.126349,0.135270,0.117275,0.099777,0.068174,0.121428,0.130000,0.130878,0.140896,0.105113,0.092086,0.163297,0.090482,0.078273,0.113991,0.049894,0.052962,0.108466,0.068601,0.112288,0.437662,0.063380,0.066977,0.072613,0.420739,0.147238,0.087856,0.072069,0.136919,0.046392,0.054842,0.125256,0.091722,0.111776,0.156206,0.144854,0.067235,0.158342,0.112560,0.137992,0.100806,0.122815,0.173671,0.073366,0.118266,0.076207,0.077092,0.132898,0.178740,0.167764,0.114787,0.102537,0.082866,0.105857,0.075302,0.120613,0.150238,0.151484,0.119313,0.161637,0.090306,0.157143,0.106781,0.095345,0.114213,0.117744,0.239866,0.044729,0.129678,0.120315,0.049107,0.048231,0.084861,0.052663,0.134624,0.122245,0.150254,0.048608,0.091885,0.095109
0.117910,0.081172,0.042993,0.047177,0.090299,0.119996,0.084711,0.135179,0.125219,0.104675,0.427333,0.125074,0.139073,0.049922,0.145577,0.138636,0.068641,0.067402,0.129940,0.118603,0.105623,0.071134,0.125712,0.158950,0.074669,0.070252,0.087094,0.060454,0.064911,0.086885,0.082406,0.055657,0.083983,0.085026,0.248088,0.072900,0.061153,0.084007,0.079232,0.065215,0.054542,0.050260,0.080989,0.047385,0.066782,0.093715,0.067717,0.107606,0.082082,0.225256,0.085796,0.077956,0.144968,0.072133,0.072470,0.082296,0.137202,0.065350,0.168548,0.085485,0.084030,0.088088,0.136138,0.130670,0.127789,0.066275,0.089809,0.258533,0.335689,0.123090,0.346244,0.070258,0.071653,0.056795,0.059841,0.076739,0.069722,0.108621,0.114720,0.112554,0.058656,0.068347,0.121898,0.068006,0.090106,0.109846,0.092973,0.035585,0.039806,0.029682,0.080389,0.072954,0.085577,0.076313,0.074593,0.818655,0.000000,0.114077,0.116741,0.035652,0.133585,0.172544,0.105959,0.144620,0.140784,0.184521,0.195494,0.213131,0.194057,0.084675,0.064290,0.122156,0.073422,0.135965,0.140289,0.095858,0.074174,0.147611,0.115990,0.088916,0.419763,0.803772,0.053341,0.126872,0.064472,0.052294,0.170057,0.085795,0.082212,0.224556,0.242935,0.083159,0.120990,0.057707,0.074103,0.112307,0.094914,0.052774,0.076043,0.091947,0.107850,0.078318,0.065990,0.065743,0.071144,0.099977,0.070997,0.142717,0.129480,0.137698,0.121310,0.098554,0.067109,0.131112,0.140761,0.143641,0.135849,0.101594,0.094509,0.163164,0.082562,0.081851,0.125057,0.046603,0.058093,0.108043,0.065306,0.120221,0.428184,0.067658,0.069448,0.076229,0.443147,0.150497,0.089631,0.074676,0.149319,0.047932,0.056780,0.126135,0.093329,0.125869,0.165769,0.136365,0.067961,0.154344,0.117747,0.138477,0.100898,0.120249,0.165695,0.079185,0.121671,0.081121,0.081030,0.127161,0.178340,0.162738,0.113406,0.101383,0.082851,0.110381,0.078907,0.129591,0.151302,0.138740,0.120933,0.156186,0.096543,0.159668,0.104748,0.091982,0.113378,0.116526,0.245885,0.045462,0.143103,0.126846,0.049843,0.046007,0.086500,0.049371,0.145542,0.124494,0.144287,0.042960,0.088863,0.092176
0.099417,0.103303,0.039362,0.045179,0.078358,0.112282,0.083373,0.117258,0.074221,0.076697,0.125652,0.107063,0.104012,0.049650,0.085869,0.095501,0.056104,0.057716,0.072860,0.076477,0.067075,0.052229,0.074220,0.092910,0.068005,0.058484,0.073047,0.054738,0.057608,0.067627,0.067641,0.051128,0.112453,0.104170,0.129249,0.065153,0.058136,0.098304,0.100418,0.053241,0.047281,0.046162,0.094092,0.041866,0.055795,0.103797,0.058704,0.108455,0.071681,0.111091,0.097012,0.079861,0.097439,0.052027,0.076149,0.068209,0.132915,0.043343,0.139846,0.070627,0.055739,0.074877,0.130245,0.130119,0.092508,0.052460,0.074115,0.123229,0.108322,0.092367,0.113738,0.053615,0.047836,0.067690,0.051369,0.067764,0.060308,0.089738,0.091033,0.080297,0.047658,0.049409,0.071482,0.051665,0.096551,0.105773,0.073352,0.038836,0.032611,0.027387,0.084668,0.071939,0.099309,0.094716,0.094161,0.099131,0.114077,0.000000,0.634630,0.036594,0.104141,0.087449,0.634433,0.094972,0.087478,0.097279,0.110025,0.113824,0.120223,0.104233,0.053938,0.091267,0.062595,0.119891,0.087577,0.064733,0.058598,0.110765,0.070839,0.075445,0.131400,0.100358,0.037395,0.092521,0.045072,0.050857,0.126924,0.446797,0.064893,0.106125,0.120416,0.078556,0.088898,0.049155,0.066548,0.070839,0.068889,0.051421,0.066156,0.073866,0.075957,0.065345,0.060103,0.058276,0.077109,0.072328,0.054808,0.094543,0.093790,0.090227,0.091277,0.068571,0.056809,0.082691,0.089505,0.098306,0.087162,0.110268,0.081305,0.109686,0.077131,0.056050,0.104211,0.036900,0.051935,0.071723,0.046962,0.089015,0.114972,0.066073,0.050326,0.051865,0.118442,0.076601,0.071457,0.063608,0.121549,0.041540,0.051326,0.092636,0.062237,0.112231,0.097242,0.093912,0.051930,0.079315,0.081617,0.118446,0.068230,0.094934,0.111859,0.055027,0.083717,0.075938,0.055463,0.104415,0.081049,0.102573,0.079223,0.057369,0.052197,0.058762,0.094386,0.084699,0.094176,0.097970,0.102153,0.112661,0.447291,0.104897,0.085603,0.076007,0.123687,0.092856,0.095450,0.041402,0.092925,0.104016,0.037301,0.032990,0.072445,0.043559,0.090972,0.087437,0.090196,0.064871,0.070635,0.438708
0.085409,0.097135,0.035422,0.055736,0.075959,0.100378,0.083440,0.113739,0.080561,0.078671,0.116159,0.096039,0.107828,0.050432,0.077276,0.096794,0.051789,0.059517,0.077300,0.080448,0.063533,0.060580,0.064247,0.089630,0.082000,0.060919,0.087122,0.066825,0.059671,0.073031,0.072685,0.054766,0.091256,0.089663,0.113529,0.075826,0.066216,0.097548,0.084237,0.059892,0.054118,0.042131,0.083722,0.041451,0.069012,0.092620,0.064543,0.099034,0.074539,0.099347,0.088251,0.079811,0.100164,0.066245,0.083613,0.072745,0.118244,0.056543,0.105980,0.070946,0.072927,0.076514,0.118969,0.117686,0.095825,0.050107,0.069322,0.114942,0.086191,0.094612,0.090812,0.054077,0.054176,0.063845,0.049679,0.060119,0.069228,0.086086,0.088084,0.082435,0.064974,0.064648,0.076826,0.053318,0.092233,0.118094,0.062320,0.036059,0.035620,0.030497,0.090916,0.078819,0.096831,0.078110,0.092966,0.112976,0.116741,0.634630,0.000000,0.034144,0.095354,0.098958,0.834234,0.082853,0.082774,0.089541,0.094350,0.114056,0.110854,0.086512,0.062641,0.095935,0.056612,0.114206,0.083937,0.074735,0.052084,0.101690,0.075572,0.062694,0.103469,0.105452,0.039640,0.098854,0.047399,0.044064,0.108520,0.438361,0.071109,0.104465,0.103478,0.066568,0.082410,0.048670,0.071234,0.082659,0.056213,0.049457,0.085067,0.063506,0.083840,0.062925,0.067153,0.078833,0.074932,0.080443,0.065687,0.098695,0.089313,0.093491,0.077320,0.077969,0.052942,0.085430,0.095108,0.092875,0.089118,0.103651,0.078567,0.101740,0.069550,0.065758,0.097941,0.043296,0.050252,0.065754,0.055457,0.095695,0.103659,0.063842,0.057183,0.058196,0.100387,0.077297,0.085865,0.062550,0.099205,0.039223,0.047164,0.100645,0.068144,0.121521,0.105089,0.083331,0.055701,0.086736,0.092559,0.115065,0.065496,0.103589,0.108423,0.048718,0.097250,0.070774,0.058498,0.084280,0.095903,0.115767,0.073508,0.071752,0.050923,0.060010,0.087717,0.099190,0.083772,0.098429,0.090540,0.105866,0.438349,0.104370,0.078760,0.068659,0.102034,0.103546,0.094409,0.042692,0.110286,0.096151,0.040547,0.042124,0.073139,0.052835,0.097239,0.098150,0.096885,0.044500,0.077859,0.430196
0.044798,0.044588,0.274311,0.041672,0.049940,0.046716,0.055452,0.042103,0.046029,0.050093,0.037237,0.046924,0.035452,0.037346,0.042966,0.044976,0.050106,0.057814,0.046569,0.045818,0.048189,0.046067,0.045439,0.050276,0.041991,0.046773,0.046534,0.042237,0.041840,0.044427,0.051860,0.042665,0.043560,0.044763,0.041800,0.058393,0.051507,0.043198,0.048865,0.045164,0.043121,0.045838,0.049369,0.039259,0.046276,0.048454,0.049371,0.048203,0.051035,0.037103,0.046935,0.053275,0.046673,0.046156,0.049319,0.051026,0.036406,0.050434,0.044690,0.052828,0.051377,0.051919,0.040033,0.037436,0.042065,0.054083,0.044011,0.034896,0.039947,0.043903,0.039310,0.051901,0.047030,0.037264,0.053167,0.043199,0.047366,0.044512,0.044614,0.044753,0.057177,0.052199,0.036203,0.049596,0.039969,0.043594,0.048150,0.291850,0.276827,0.053327,0.048985,0.043322,0.048816,0.047337,0.055810,0.034718,0.035652,0.036594,0.034144,0.000000,0.048887,0.041074,0.039112,0.043586,0.042708,0.034107,0.040819,0.037838,0.041292,0.050444,0.040807,0.047512,0.050099,0.033352,0.038050,0.051735,0.058820,0.043151,0.057031,0.046177,0.040278,0.035791,0.040920,0.050838,0.046860,0.032167,0.041519,0.034435,0.046985,0.039862,0.035874,0.052612,0.043841,0.048629,0.039855,0.049573,0.039398,0.044467,0.047131,0.050648,0.044972,0.050484,0.050564,0.041645,0.049583,0.047890,0.055588,0.047126,0.046595,0.050066,0.040992,0.060414,0.050928,0.043535,0.045388,0.052421,0.039032,0.042929,0.051364,0.042071,0.051021,0.049384,0.048422,0.039985,0.042349,0.050871,0.044484,0.044526,0.037245,0.040049,0.052250,0.051279,0.042678,0.046449,0.041146,0.047616,0.051742,0.042450,0.046315,0.046075,0.050893,0.043692,0.041161,0.045082,0.043826,0.041337,0.040398,0.040739,0.045449,0.040993,0.045087,0.048934,0.043057,0.044872,0.043845,0.045735,0.041947,0.049350,0.048651,0.044186,0.050939,0.041982,0.047064,0.044783,0.040257,0.041376,0.045712,0.043215,0.034061,0.043974,0.041749,0.046421,0.045887,0.040672,0.039048,0.107470,0.039608,0.040250,0.042899,0.040982,0.051695,0.041155,0.049876,0.041723,0.036601,0.035712,0.048549,0.035102
0.192429,0.091598,0.046543,0.045088,0.108252,0.140616,0.108816,0.192452,0.180545,0.096935,0.133888,0.146958,0.197881,0.043287,0.115116,0.156399,0.064593,0.098153,0.179360,0.186025,0.120183,0.072806,0.151070,0.201276,0.065932,0.056959,0.086582,0.060893,0.072232,0.117872,0.117623,0.062310,0.081539,0.081577,0.130730,0.081149,0.062201,0.080712,0.085951,0.070632,0.053405,0.048444,0.090866,0.045241,0.065600,0.085473,0.065108,0.150123,0.072630,0.139459,0.083291,0.080509,0.214119,0.070450,0.079361,0.113637,0.201431,0.060393,0.144444,0.075808,0.077976,0.073552,0.221498,0.208348,0.146281,0.058122,0.116594,0.146653,0.144466,0.132662,0.137216,0.079826,0.075966,0.069700,0.074486,0.101125,0.073849,0.158898,0.176367,0.097796,0.054503,0.057151,0.135345,0.059852,0.091475,0.111597,0.125582,0.042867,0.041808,0.032460,0.094323,0.063585,0.087535,0.110781,0.092033,0.134719,0.133585,0.104141,0.095354,0.048887,0.000000,0.116039,0.101637,0.124627,0.127617,0.130283,0.139327,0.141284,0.130622,0.095768,0.079055,0.193824,0.072696,0.202624,0.143675,0.107350,0.065538,0.145761,0.141296,0.100111,0.137101,0.124047,0.052275,0.162792,0.075871,0.055255,0.140085,0.092117,0.090963,0.136808,0.157541,0.118722,0.128900,0.052588,0.099350,0.138290,0.083114,0.044444,0.076353,0.125281,0.128762,0.080240,0.072544,0.058496,0.081029,0.093435,0.071062,0.162758,0.144248,0.137548,0.137208,0.129203,0.087957,0.165803,0.188757,0.197915,0.076466,0.104216,0.139305,0.266229,0.089167,0.077834,0.153333,0.054276,0.043602,0.120222,0.057243,0.213849,0.123809,0.076650,0.106763,0.114447,0.130199,0.235986,0.086616,0.078011,0.670270,0.052854,0.075212,0.132131,0.086044,0.139633,0.259875,0.331808,0.070261,0.094135,0.159201,0.193985,0.066276,0.131832,0.167874,0.079177,0.138523,0.064601,0.079251,0.215459,0.113383,0.171226,0.124743,0.126032,0.086692,0.079533,0.094417,0.141183,0.118934,0.224551,0.179159,0.164707,0.098562,0.128157,0.098052,0.074077,0.173308,0.152465,0.144523,0.042413,0.162033,0.214155,0.043920,0.056448,0.087181,0.053388,0.195338,0.158248,0.092352,0.044445,0.097133,0.090987
0.109787,0.088465,0.040181,0.056465,0.089564,0.120330,0.095723,0.130561,0.104709,0.096593,0.200642,0.114195,0.143556,0.055746,0.139271,0.116436,0.062873,0.061282,0.097708,0.099384,0.084826,0.073433,0.099857,0.123556,0.077683,0.066577,0.088229,0.066369,0.063845,0.078732,0.082458,0.056177,0.081733,0.087472,0.299405,0.067890,0.055714,0.088969,0.083890,0.065318,0.058990,0.054616,0.083325,0.038127,0.066442,0.085694,0.060567,0.111751,0.072862,0.266081,0.084713,0.080868,0.136697,0.059622,0.071953,0.088654,0.121978,0.062237,0.165773,0.080074,0.075116,0.081081,0.115361,0.118565,0.110875,0.065855,0.080006,0.294546,0.222437,0.114130,0.217929,0.070232,0.061984,0.063007,0.062638,0.075303,0.075933,0.103749,0.104213,0.098923,0.055656,0.064302,0.104263,0.065288,0.073429,0.085523,0.090916,0.038074,0.040730,0.028361,0.078832,0.068042,0.078737,0.081703,0.058801,0.183574,0.172544,0.087449,0.098958,0.041074,0.116039,0.000000,0.097206,0.125835,0.115390,0.159266,0.180156,0.270208,0.240486,0.087384,0.072629,0.095131,0.069369,0.127556,0.132946,0.103836,0.065354,0.111762,0.104932,0.083795,0.203870,0.178418,0.040896,0.112376,0.064449,0.052524,0.160447,0.086751,0.084368,0.255087,0.282371,0.088649,0.109705,0.057834,0.089415,0.090687,0.091558,0.057380,0.072070,0.089830,0.087180,0.064726,0.085953,0.070425,0.071718,0.106432,0.066052,0.117534,0.103381,0.105294,0.123244,0.077466,0.068966,0.102165,0.122012,0.118096,0.120392,0.088491,0.080067,0.166854,0.068287,0.078717,0.091882,0.060200,0.053596,0.093409,0.063751,0.091766,0.184557,0.059022,0.067590,0.073145,0.199329,0.155985,0.090849,0.064867,0.114806,0.049205,0.058125,0.111752,0.102979,0.108894,0.154679,0.108933,0.075708,0.130446,0.107113,0.144753,0.098787,0.115576,0.120671,0.055747,0.119609,0.066617,0.084294,0.117567,0.794707,0.128056,0.089965,0.088339,0.086374,0.095189,0.075802,0.112535,0.133335,0.113755,0.113450,0.147678,0.085422,0.125775,0.088149,0.088454,0.118516,0.121298,0.177501,0.040424,0.115806,0.129309,0.054707,0.046546,0.074513,0.057560,0.120572,0.102261,0.130189,0.061871,0.091762,0.088514
0.088187,0.101050,0.040172,0.054925,0.073054,0.103619,0.079502,0.110539,0.081310,0.081281,0.118173,0.099500,0.110360,0.054718,0.079920,0.094984,0.050795,0.056484,0.077496,0.083409,0.067509,0.057719,0.061396,0.087193,0.084634,0.060250,0.082609,0.064643,0.059905,0.075680,0.073057,0.052979,0.090387,0.086305,0.115808,0.074355,0.062089,0.094492,0.082738,0.054419,0.051440,0.042515,0.085097,0.041648,0.064537,0.090971,0.064030,0.100751,0.070172,0.097637,0.085195,0.083307,0.090895,0.064847,0.082106,0.075603,0.119899,0.054893,0.112710,0.067719,0.069023,0.074911,0.119255,0.116608,0.095426,0.053941,0.067081,0.113379,0.085599,0.097879,0.087897,0.054057,0.052919,0.067825,0.050494,0.059538,0.076874,0.093676,0.093178,0.089839,0.055959,0.055615,0.079200,0.053415,0.091313,0.114074,0.063783,0.034641,0.032961,0.029107,0.093108,0.079578,0.094647,0.076318,0.091581,0.101193,0.105959,0.634433,0.834234,0.039112,0.101637,0.097206,0.000000,0.077755,0.079173,0.085498,0.101092,0.111018,0.102610,0.087588,0.066000,0.097314,0.059553,0.111248,0.081258,0.067539,0.054329,0.102637,0.070158,0.065341,0.102443,0.096026,0.042630,0.108715,0.047049,0.046139,0.106780,0.439934,0.075849,0.098718,0.106186,0.068127,0.086082,0.048332,0.070705,0.082451,0.061359,0.047794,0.079106,0.070895,0.086413,0.062483,0.068445,0.085713,0.074744,0.084671,0.064017,0.105236,0.088457,0.086963,0.082599,0.078172,0.057345,0.083666,0.094406,0.096061,0.080741,0.104238,0.080779,0.099973,0.072692,0.065248,0.101700,0.050315,0.044693,0.063659,0.057099,0.093562,0.100132,0.067303,0.056800,0.057581,0.101295,0.073869,0.086018,0.062897,0.097848,0.037803,0.050053,0.098419,0.066576,0.120212,0.100489,0.087842,0.056953,0.093521,0.092975,0.114973,0.066352,0.103329,0.104862,0.048096,0.101796,0.062451,0.059446,0.083391,0.090016,0.112052,0.072465,0.070616,0.055374,0.057949,0.088474,0.090780,0.079001,0.101371,0.087019,0.104788,0.440963,0.094002,0.076155,0.066555,0.105599,0.103286,0.083639,0.046456,0.100924,0.098629,0.043761,0.045739,0.071179,0.060039,0.096328,0.100061,0.098943,0.041092,0.077539,0.435799
0.099462,0.080734,0.037065,0.052543,0.076245,0.101549,0.076702,0.121957,0.109122,0.082352,0.171520,0.094748,0.124647,0.043766,0.216258,0.098737,0.058904,0.060353,0.100921,0.089683,0.092418,0.060388,0.095692,0.129643,0.056838,0.051907,0.078684,0.048925,0.064874,0.068494,0.078459,0.049707,0.089377,0.087367,0.168951,0.062883,0.064339,0.086974,0.076456,0.063057,0.050988,0.049917,0.082045,0.038376,0.064645,0.081917,0.072190,0.118007,0.067885,0.155852,0.088553,0.074481,0.133742,0.062164,0.065622,0.084261,0.129887,0.063944,0.142694,0.063468,0.069459,0.068746,0.134222,0.123194,0.097665,0.069143,0.079839,0.175419,0.177297,0.097772,0.178118,0.062938,0.056007,0.053627,0.057146,0.078586,0.055828,0.120450,0.108662,0.088535,0.061925,0.061306,0.115271,0.058786,0.106715,0.103643,0.090608,0.048438,0.034363,0.031662,0.091768,0.050628,0.092009,0.065746,0.074683,0.150350,0.144620,0.094972,0.082853,0.043586,0.124627,0.125835,0.077755,0.000000,0.543391,0.128854,0.143105,0.155012,0.140308,0.083226,0.056116,0.108443,0.096391,0.115637,0.092543,0.075137,0.058968,0.117286,0.096028,0.077827,0.161862,0.152366,0.044224,0.107271,0.058483,0.047948,0.143070,0.083532,0.066530,0.197578,0.153126,0.076973,0.122365,0.048984,0.065079,0.091573,0.079738,0.049614,0.059881,0.096022,0.105344,0.088311,0.053857,0.056657,0.075949,0.074164,0.049507,0.107971,0.100898,0.109078,0.098098,0.075847,0.055663,0.088176,0.100804,0.111407,0.170147,0.080351,0.085236,0.147198,0.067401,0.062401,0.103601,0.055702,0.048002,0.099723,0.047363,0.116012,0.155991,0.064194,0.082649,0.078431,0.175720,0.136596,0.068094,0.064456,0.135566,0.036001,0.043854,0.090750,0.063121,0.110479,0.139127,0.113220,0.058153,0.159041,0.093449,0.104794,0.078766,0.091839,0.111259,0.066873,0.101207,0.148369,0.065235,0.111813,0.118310,0.111651,0.094610,0.082085,0.071703,0.134139,0.080504,0.082081,0.784942,0.122629,0.089432,0.125837,0.076932,0.211352,0.090725,0.070633,0.114388,0.113273,0.133611,0.052252,0.096792,0.126038,0.047209,0.047685,0.069366,0.044779,0.109335,0.121849,0.183069,0.039190,0.068278,0.084984
0.093985,0.085860,0.034304,0.064556,0.081217,0.104407,0.069422,0.117437,0.116012,0.074756,0.166374,0.095446,0.116126,0.043382,0.196170,0.089136,0.054488,0.063411,0.102732,0.082715,0.090070,0.059952,0.097681,0.128790,0.062445,0.050985,0.083675,0.042047,0.060033,0.075315,0.073144,0.048045,0.086428,0.083774,0.157061,0.049403,0.054318,0.079167,0.082318,0.060446,0.048776,0.047534,0.084755,0.032333,0.054227,0.075519,0.051006,0.113748,0.062605,0.149591,0.085077,0.077756,0.142652,0.058689,0.056505,0.081402,0.124696,0.051776,0.157391,0.066234,0.065030,0.066985,0.138140,0.114348,0.119291,0.058110,0.082989,0.169666,0.149158,0.083051,0.148340,0.054837,0.056020,0.050630,0.054762,0.072073,0.054903,0.104113,0.101866,0.092738,0.043907,0.050161,0.102684,0.049217,0.086856,0.082736,0.079051,0.045517,0.039302,0.028555,0.079464,0.060835,0.090763,0.066739,0.069222,0.135786,0.140784,0.087478,0.082774,0.042708,0.127617,0.115390,0.079173,0.543391,0.000000,0.120385,0.134425,0.135751,0.136509,0.085556,0.057575,0.097021,0.086824,0.115138,0.096182,0.078959,0.055138,0.097453,0.090068,0.068544,0.165621,0.134961,0.037334,0.095388,0.058282,0.040080,0.144627,0.076689,0.061312,0.184484,0.143370,0.079651,0.102797,0.052252,0.062823,0.076917,0.062277,0.050999,0.058948,0.099317,0.097140,0.082296,0.058108,0.054165,0.073840,0.065180,0.051265,0.094497,0.095310,0.099534,0.090505,0.086932,0.060083,0.088926,0.098943,0.106024,0.165688,0.088053,0.080653,0.145734,0.064317,0.052529,0.092887,0.053511,0.040942,0.095911,0.041681,0.102921,0.136593,0.055634,0.076519,0.072982,0.161624,0.124498,0.073259,0.054909,0.131378,0.029130,0.050647,0.074644,0.066135,0.108422,0.132804,0.104014,0.058090,0.142906,0.089120,0.112914,0.073655,0.083827,0.113249,0.066736,0.087492,0.154412,0.058286,0.098295,0.108832,0.106381,0.091346,0.073282,0.065791,0.120804,0.067159,0.086009,0.560912,0.103539,0.092242,0.112460,0.079288,0.208483,0.077369,0.061305,0.098508,0.101328,0.117549,0.047370,0.110840,0.103673,0.057858,0.045169,0.068634,0.042368,0.113185,0.108057,0.182110,0.051332,0.060572,0.080064
0.136857,0.095784,0.032535,0.041689,0.090228,0.123767,0.086632,0.140576,0.115797,0.091924,0.207092,0.145530,0.101946,0.052548,0.151169,0.103990,0.070206,0.070313,0.101337,0.103548,0.090741,0.069419,0.141063,0.124569,0.064565,0.065889,0.087831,0.053653,0.066189,0.102261,0.095964,0.054310,0.085392,0.084623,0.229489,0.071633,0.056566,0.086986,0.085623,0.060999,0.054557,0.050020,0.080327,0.036292,0.069109,0.083136,0.067241,0.122004,0.077706,0.188886,0.094419,0.089557,0.133869,0.066736,0.075366,0.106180,0.137712,0.065310,0.189086,0.075471,0.079300,0.079523,0.145365,0.137614,0.124333,0.061888,0.099692,0.264638,0.238320,0.094703,0.224621,0.068516,0.059637,0.110586,0.068545,0.088145,0.073803,0.119748,0.122518,0.100817,0.059513,0.064746,0.134217,0.060084,0.072190,0.094733,0.102791,0.040922,0.039139,0.029069,0.094956,0.066351,0.085610,0.082959,0.081799,0.179518,0.184521,0.097279,0.089541,0.034107,0.130283,0.159266,0.085498,0.128854,0.120385,0.000000,0.698879,0.243635,0.180685,0.088805,0.078959,0.114196,0.075964,0.129971,0.113198,0.080302,0.076471,0.125951,0.117580,0.101612,0.209564,0.173414,0.041986,0.100746,0.063418,0.062560,0.181584,0.106051,0.080417,0.204234,0.247085,0.096361,0.140029,0.064784,0.076226,0.098381,0.080170,0.059262,0.067773,0.100536,0.107674,0.069458,0.069184,0.068874,0.073308,0.082100,0.068765,0.104386,0.101002,0.106754,0.110052,0.096958,0.069578,0.104943,0.111971,0.115424,0.136362,0.093142,0.097971,0.135202,0.091441,0.075262,0.104319,0.047404,0.060257,0.096087,0.068228,0.114644,0.220136,0.070354,0.088726,0.078682,0.207445,0.119558,0.102943,0.067981,0.122669,0.044079,0.055562,0.095960,0.086935,0.132044,0.130337,0.100621,0.072028,0.143587,0.113078,0.156448,0.090057,0.104515,0.117614,0.069589,0.116669,0.065024,0.081387,0.105707,0.166536,0.121467,0.101468,0.089468,0.074802,0.101403,0.090294,0.114644,0.124079,0.120691,0.146502,0.152999,0.094579,0.154897,0.089531,0.076947,0.149118,0.118049,0.185174,0.047954,0.129804,0.117442,0.060062,0.059629,0.083940,0.078275,0.114904,0.111179,0.156993,0.046633,0.085646,0.096080
0.150134,0.109693,0.038661,0.045601,0.092293,0.129403,0.095362,0.150960,0.116652,0.096667,0.238546,0.149603,0.124219,0.069194,0.162922,0.109230,0.078795,0.072800,0.101164,0.113441,0.096703,0.076585,0.123385,0.136936,0.064023,0.062445,0.097662,0.055813,0.074659,0.107921,0.108271,0.054754,0.088836,0.086353,0.247545,0.072984,0.067479,0.083454,0.087457,0.060860,0.056259,0.056355,0.089263,0.042123,0.075254,0.081583,0.080988,0.125602,0.077042,0.204822,0.088391,0.094938,0.135091,0.071701,0.077599,0.113331,0.147054,0.072497,0.197965,0.076390,0.086363,0.080454,0.153164,0.153003,0.130194,0.073328,0.095337,0.272914,0.260787,0.109741,0.255885,0.070592,0.059795,0.072848,0.079605,0.079380,0.080983,0.127399,0.128394,0.111040,0.064238,0.068188,0.156005,0.061990,0.077459,0.098887,0.105633,0.039129,0.042628,0.026593,0.098954,0.064178,0.088388,0.090568,0.085570,0.187114,0.195494,0.110025,0.094350,0.040819,0.139327,0.180156,0.101092,0.143105,0.134425,0.698879,0.000000,0.262185,0.193596,0.096516,0.083072,0.124422,0.084529,0.143126,0.121295,0.086545,0.087379,0.139748,0.120013,0.099149,0.230256,0.192319,0.047307,0.111841,0.070081,0.062088,0.202482,0.098630,0.081976,0.211187,0.254865,0.105445,0.156635,0.062710,0.083202,0.106703,0.083043,0.064734,0.073942,0.107762,0.118131,0.077829,0.070792,0.069147,0.079443,0.083933,0.068677,0.111577,0.108066,0.114732,0.117284,0.100779,0.074384,0.119855,0.122682,0.126675,0.149328,0.100553,0.103466,0.144770,0.097722,0.090866,0.110287,0.046483,0.060741,0.093082,0.065922,0.126663,0.239171,0.069713,0.090838,0.092179,0.224925,0.136333,0.092292,0.074148,0.140688,0.050512,0.062708,0.107494,0.090323,0.136498,0.137646,0.119895,0.075345,0.155042,0.121222,0.167827,0.098894,0.112907,0.121928,0.067809,0.113480,0.072221,0.086522,0.122052,0.182706,0.141362,0.101030,0.090338,0.074236,0.107061,0.093408,0.126275,0.142186,0.130243,0.150621,0.152523,0.107232,0.164858,0.097007,0.077658,0.148859,0.130847,0.188894,0.051038,0.139237,0.120416,0.042216,0.048470,0.091967,0.060054,0.124837,0.125293,0.168337,0.043235,0.097676,0.092254
0.128967,0.106610,0.034682,0.046986,0.108864,0.144847,0.111007,0.163786,0.113641,0.092230,0.255858,0.126223,0.175036,0.049126,0.189079,0.123236,0.078828,0.077331,0.106535,0.102468,0.092990,0.078735,0.115840,0.137736,0.082886,0.070391,0.096574,0.063061,0.075673,0.090258,0.089405,0.060662,0.106683,0.108405,0.409186,0.093346,0.069633,0.103641,0.115996,0.079226,0.061998,0.067906,0.105155,0.049067,0.068970,0.100297,0.075869,0.117559,0.100446,0.310058,0.109852,0.084856,0.174269,0.067809,0.090340,0.093989,0.155497,0.074212,0.230406,0.096851,0.087385,0.087369,0.149610,0.156654,0.134794,0.082524,0.109080,0.427796,0.281659,0.115194,0.294274,0.078417,0.083128,0.068783,0.083760,0.077576,0.085505,0.129161,0.136994,0.107049,0.071194,0.078272,0.179970,0.083894,0.103738,0.109154,0.124084,0.039451,0.040687,0.030005,0.106548,0.075848,0.107537,0.093096,0.087655,0.217131,0.213131,0.113824,0.114056,0.037838,0.141284,0.270208,0.111018,0.155012,0.135751,0.243635,0.262185,0.000000,0.312877,0.111666,0.095087,0.117691,0.088372,0.132902,0.160272,0.098678,0.073213,0.145556,0.138674,0.108270,0.241315,0.202644,0.055567,0.138859,0.085331,0.057531,0.223170,0.110075,0.082473,0.311684,0.419373,0.100942,0.173232,0.082357,0.088300,0.107428,0.106660,0.070774,0.076259,0.127435,0.114010,0.087337,0.084156,0.077393,0.100801,0.107167,0.088626,0.134381,0.134790,0.141571,0.154997,0.107175,0.083236,0.113086,0.140152,0.142864,0.134857,0.109683,0.103522,0.171630,0.104135,0.063754,0.110292,0.048058,0.060170,0.099842,0.060239,0.117005,0.269402,0.081215,0.095946,0.100587,0.267367,0.152334,0.084777,0.083364,0.135469,0.052494,0.065083,0.123245,0.111704,0.121286,0.155298,0.107628,0.072496,0.151704,0.125303,0.169864,0.094945,0.116838,0.126898,0.073042,0.143178,0.087463,0.085844,0.117305,0.264876,0.145644,0.103823,0.105499,0.099396,0.109774,0.099006,0.138046,0.154361,0.136589,0.125484,0.190665,0.103017,0.193714,0.109172,0.085566,0.126413,0.136938,0.200717,0.038782,0.130806,0.136615,0.054179,0.044046,0.097101,0.049954,0.148611,0.134684,0.152373,0.051819,0.107131,0.109771
0.121319,0.108125,0.044795,0.042795,0.102208,0.143689,0.092488,0.144408,0.105662,0.096386,0.238222,0.118409,0.143918,0.046485,0.160369,0.110362,0.078835,0.061169,0.098428,0.110906,0.087957,0.090559,0.128263,0.142316,0.081047,0.068492,0.090339,0.064494,0.090526,0.087265,0.089528,0.060507,0.112462,0.105468,0.356288,0.094303,0.069681,0.110954,0.120657,0.072334,0.061915,0.056835,0.104018,0.046326,0.078254,0.110476,0.066924,0.106477,0.093469,0.282058,0.113705,0.085403,0.156568,0.082646,0.092008,0.094821,0.137070,0.078553,0.199359,0.098194,0.094401,0.097371,0.138636,0.126355,0.126581,0.071045,0.095666,0.341002,0.230139,0.128320,0.233052,0.075816,0.081190,0.074257,0.066602,0.084906,0.081388,0.131004,0.133818,0.115022,0.073302,0.071543,0.139557,0.081468,0.117066,0.098732,0.105114,0.044408,0.046489,0.029812,0.114292,0.074339,0.108084,0.095392,0.089793,0.184490,0.194057,0.120223,0.110854,0.041292,0.130622,0.240486,0.102610,0.140308,0.136509,0.180685,0.193596,0.312877,0.000000,0.110353,0.085483,0.098027,0.077440,0.130911,0.150599,0.111709,0.073186,0.114819,0.115683,0.100055,0.247731,0.188779,0.056035,0.136176,0.081755,0.046534,0.188028,0.104741,0.076252,0.304511,0.343096,0.093076,0.145114,0.073785,0.084739,0.109401,0.117372,0.059356,0.071224,0.106241,0.097969,0.091503,0.079169,0.074587,0.089909,0.103578,0.076846,0.141638,0.135794,0.140752,0.144871,0.100637,0.064446,0.122876,0.137246,0.147209,0.115971,0.108564,0.094074,0.139057,0.098176,0.069931,0.120241,0.050828,0.057151,0.092927,0.066319,0.101775,0.233388,0.082227,0.089822,0.091506,0.238635,0.134608,0.086775,0.086473,0.144445,0.041810,0.058141,0.120357,0.098581,0.120897,0.141320,0.109601,0.086920,0.126044,0.101043,0.163131,0.090566,0.125044,0.129454,0.068599,0.116966,0.073229,0.087078,0.113948,0.240815,0.130313,0.097230,0.103605,0.096281,0.099780,0.099362,0.126125,0.136755,0.117274,0.118372,0.163831,0.099064,0.168303,0.120850,0.084229,0.103708,0.153667,0.186587,0.040030,0.133607,0.136092,0.056158,0.043172,0.097200,0.056649,0.144684,0.137911,0.131550,0.048158,0.106984,0.099608
0.099715,0.055998,0.047200,0.046880,0.059085,0.101422,0.070033,0.116961,0.081564,0.080073,0.116305,0.080431,0.099235,0.055330,0.084489,0.095958,0.120301,0.048978,0.076943,0.077854,0.077685,0.069452,0.104837,0.095466,0.236913,0.126596,0.158721,0.127977,0.156223,0.093822,0.093662,0.131203,0.620522,0.550756,0.119306,0.202603,0.148898,0.542979,0.627419,0.145209,0.134088,0.116733,0.632535,0.100682,0.131458,0.529279,0.143027,0.112636,0.164875,0.106705,0.535964,0.132550,0.081829,0.144471,0.201365,0.098619,0.103928,0.124517,0.087471,0.165150,0.180885,0.164537,0.107751,0.105187,0.097108,0.120099,0.088095,0.135599,0.110573,0.101062,0.110968,0.170826,0.156860,0.151033,0.118481,0.084895,0.146394,0.092741,0.101581,0.085348,0.122692,0.128926,0.108487,0.143301,0.328238,0.090076,0.087035,0.041031,0.042634,0.030138,0.280932,0.234353,0.456801,0.219486,0.208086,0.090484,0.084675,0.104233,0.086512,0.050444,0.095768,0.087384,0.087588,0.083226,0.085556,0.088805,0.096516,0.111666,0.110353,0.000000,0.098210,0.093018,0.258361,0.099147,0.107167,0.074603,0.122666,0.121879,0.085369,0.128127,0.115727,0.091365,0.051273,0.094981,0.159439,0.055858,0.087054,0.069785,0.109432,0.115984,0.127522,0.083856,0.104312,0.132644,0.127770,0.101598,0.111276,0.119536,0.154202,0.084111,0.097029,0.298176,0.144576,0.148151,0.296976,0.060394,0.143793,0.100496,0.117552,0.115704,0.114906,0.103734,0.052273,0.072422,0.081117,0.082540,0.067139,0.355933,0.091531,0.093931,0.078288,0.163308,0.079223,0.042739,0.048694,0.072324,0.121937,0.088788,0.124478,0.152509,0.089610,0.099228,0.120494,0.084290,0.125368,0.155655,0.085433,0.065023,0.048182,0.089610,0.071290,0.108981,0.089626,0.074372,0.068140,0.081597,0.088665,0.112399,0.104053,0.100175,0.110996,0.062507,0.096417,0.063682,0.065211,0.075376,0.082363,0.101248,0.074437,0.078358,0.058500,0.063091,0.370236,0.086667,0.085515,0.069339,0.108987,0.126399,0.080097,0.079875,0.142355,0.103699,0.122654,0.128803,0.080127,0.049821,0.091337,0.104506,0.055175,0.053567,0.063345,0.113564,0.085540,0.095949,0.072258,0.059070,0.076939,0.068327
0.074682,0.071868,0.049272,0.048663,0.059161,0.090155,0.073893,0.102836,0.080272,0.065601,0.065134,0.082687,0.068769,0.039644,0.070259,0.090092,0.069188,0.045119,0.072346,0.074409,0.058220,0.052148,0.087627,0.080136,0.082114,0.050869,0.111219,0.069858,0.083395,0.091150,0.079120,0.055599,0.096136,0.082538,0.103560,0.079419,0.068332,0.087844,0.087982,0.075606,0.064379,0.064637,0.091639,0.044804,0.066461,0.094462,0.067128,0.076870,0.080707,0.083318,0.103312,0.100468,0.082236,0.062738,0.065902,0.077214,0.069289,0.058443,0.060003,0.078077,0.097631,0.081925,0.083117,0.073114,0.098652,0.060841,0.065825,0.086717,0.082904,0.070229,0.081715,0.068982,0.072284,0.080897,0.065528,0.083397,0.089551,0.085516,0.074983,0.078639,0.058580,0.058164,0.081660,0.063144,0.096200,0.086886,0.079514,0.037431,0.040236,0.030565,0.113416,0.078389,0.094416,0.090367,0.077835,0.070652,0.064290,0.053938,0.062641,0.040807,0.079055,0.072629,0.066000,0.056116,0.057575,0.078959,0.083072,0.095087,0.085483,0.098210,0.000000,0.070817,0.074262,0.084850,0.076250,0.073885,0.061972,0.086263,0.090830,0.091565,0.070834,0.072494,0.047575,0.068454,0.080900,0.040515,0.069671,0.062980,0.088368,0.087868,0.082084,0.072285,0.087300,0.065239,0.090990,0.081062,0.070270,0.056918,0.078436,0.076763,0.068178,0.073699,0.076773,0.082827,0.078274,0.070514,0.072625,0.066517,0.078109,0.085872,0.078010,0.052692,0.042379,0.078369,0.077454,0.069325,0.062841,0.092386,0.050927,0.076473,0.058426,0.066950,0.068247,0.049064,0.047766,0.056433,0.060588,0.078595,0.086186,0.075602,0.076986,0.066667,0.070634,0.084293,0.107241,0.082216,0.064810,0.042671,0.038054,0.076387,0.069681,0.073330,0.073444,0.059952,0.054852,0.068841,0.076652,0.093920,0.095869,0.077404,0.069963,0.057899,0.089621,0.047470,0.059688,0.066154,0.076238,0.074970,0.064704,0.065489,0.046065,0.067305,0.107878,0.099017,0.052632,0.077670,0.088334,0.098579,0.058889,0.054375,0.197527,0.073279,0.095969,0.093570,0.085219,0.048321,0.095271,0.072817,0.066574,0.065082,0.047342,0.058161,0.065677,0.070279,0.076108,0.041142,0.063258,0.060678
0.268813,0.107118,0.045357,0.057063,0.112390,0.145108,0.102236,0.164093,0.173330,0.100518,0.132319,0.179450,0.163653,0.040560,0.098140,0.137116,0.095998,0.125643,0.386955,0.385482,0.114920,0.072529,0.126164,0.165777,0.079231,0.066181,0.089528,0.067592,0.079175,0.185995,0.196876,0.059360,0.091601,0.085910,0.128462,0.092370,0.069860,0.089900,0.090228,0.071770,0.062332,0.056535,0.086080,0.052940,0.076715,0.086325,0.075883,0.115205,0.077585,0.111126,0.083763,0.085840,0.183974,0.068601,0.089808,0.196807,0.242016,0.062262,0.119468,0.078684,0.079453,0.083015,0.227702,0.243218,0.312939,0.091600,0.184516,0.131170,0.128133,0.121381,0.127818,0.075498,0.077711,0.065595,0.082530,0.082687,0.075773,0.249895,0.254775,0.154485,0.061721,0.063602,0.131495,0.072925,0.093413,0.092575,0.194772,0.048862,0.045036,0.033251,0.086074,0.078390,0.099221,0.091823,0.084728,0.111427,0.122156,0.091267,0.095935,0.047512,0.193824,0.095131,0.097314,0.108443,0.097021,0.114196,0.124422,0.117691,0.098027,0.093018,0.070817,0.000000,0.077066,0.234624,0.126160,0.113482,0.093989,0.124449,0.149013,0.091273,0.123779,0.111332,0.036772,0.131238,0.072026,0.051044,0.113209,0.096024,0.089340,0.127631,0.128864,0.173892,0.129013,0.072015,0.084563,0.180979,0.072420,0.063757,0.088465,0.190570,0.183151,0.086145,0.073681,0.067160,0.084578,0.094591,0.068378,0.143691,0.118055,0.124352,0.124962,0.155751,0.127865,0.143154,0.160296,0.169402,0.089562,0.100115,0.173075,0.194779,0.104328,0.081959,0.130505,0.054177,0.055591,0.117088,0.065460,0.812164,0.126699,0.074884,0.161062,0.162573,0.124378,0.179142,0.099431,0.075971,0.181795,0.054972,0.117194,0.119749,0.077431,0.123228,0.196161,0.168692,0.069492,0.091564,0.138436,0.176797,0.079984,0.129212,0.138913,0.082717,0.132297,0.089364,0.083573,0.171881,0.086779,0.136735,0.119815,0.107396,0.093307,0.078123,0.095137,0.130208,0.106522,0.184485,0.257149,0.129132,0.097015,0.103332,0.087424,0.093594,0.140176,0.137067,0.098904,0.062223,0.311989,0.161319,0.044584,0.046259,0.107665,0.055144,0.169507,0.260166,0.085921,0.041555,0.093563,0.096447
0.097477,0.056026,0.048673,0.052309,0.064895,0.074023,0.068538,0.101702,0.086464,0.068699,0.089426,0.079033,0.090705,0.042281,0.071041,0.085099,0.108793,0.048458,0.077702,0.083688,0.087816,0.053133,0.088684,0.102424,0.184330,0.117693,0.136395,0.110969,0.163395,0.097181,0.099756,0.123860,0.269278,0.258137,0.115818,0.194596,0.140772,0.252878,0.256468,0.131688,0.135850,0.115317,0.257193,0.100026,0.134438,0.248304,0.145679,0.086210,0.165552,0.090076,0.259650,0.122266,0.072929,0.134994,0.206562,0.103782,0.097142,0.123303,0.069767,0.160593,0.157949,0.156716,0.096784,0.100389,0.089170,0.121801,0.085114,0.111434,0.080755,0.095013,0.079709,0.155124,0.151272,0.132961,0.108529,0.076193,0.135219,0.084963,0.085353,0.068986,0.115540,0.111870,0.101239,0.134273,0.255562,0.073604,0.081920,0.054103,0.042823,0.032067,0.214567,0.178576,0.260814,0.174996,0.180094,0.076936,0.073422,0.062595,0.056612,0.050099,0.072696,0.069369,0.059553,0.096391,0.086824,0.075964,0.084529,0.088372,0.077440,0.258361,0.074262,0.077066,0.000000,0.109701,0.101472,0.073160,0.106786,0.106151,0.066551,0.115596,0.092260,0.077497,0.051224,0.093793,0.145212,0.038368,0.064434,0.059953,0.082493,0.100411,0.093665,0.090889,0.103597,0.132652,0.089343,0.095683,0.106888,0.103800,0.140408,0.089835,0.101766,0.509783,0.138603,0.117908,0.455416,0.063356,0.149584,0.096072,0.111196,0.113073,0.102359,0.082877,0.050687,0.066543,0.075534,0.078065,0.062433,0.244066,0.084244,0.094899,0.054048,0.137741,0.067352,0.039683,0.053464,0.086760,0.117729,0.078998,0.094255,0.167596,0.087167,0.093746,0.094199,0.084936,0.096211,0.170362,0.078700,0.053338,0.041778,0.094270,0.075562,0.087591,0.083908,0.060136,0.054342,0.063450,0.081851,0.095616,0.081601,0.089465,0.106838,0.063428,0.083135,0.050524,0.066280,0.066684,0.066875,0.111154,0.084876,0.082337,0.060137,0.048647,0.240997,0.062270,0.089694,0.073907,0.092604,0.099117,0.062673,0.054830,0.116310,0.101800,0.091722,0.114095,0.070954,0.062176,0.079845,0.089199,0.048231,0.053118,0.064330,0.106590,0.083036,0.088389,0.070641,0.036094,0.063877,0.056566
0.327358,0.087124,0.042430,0.047060,0.128097,0.158558,0.117022,0.220741,0.179443,0.119470,0.141019,0.254196,0.175953,0.059224,0.103744,0.172161,0.073674,0.170640,0.227277,0.231301,0.131766,0.093884,0.159752,0.192478,0.086542,0.069789,0.102021,0.073788,0.073352,0.218268,0.222524,0.069143,0.094231,0.091928,0.180479,0.089151,0.070229,0.091665,0.108875,0.073699,0.059062,0.073771,0.094861,0.047169,0.072737,0.090360,0.063722,0.147844,0.093768,0.153108,0.092088,0.090703,0.218222,0.077184,0.091462,0.237758,0.515005,0.059540,0.114257,0.092701,0.081993,0.091951,0.481118,0.516411,0.285143,0.078773,0.224333,0.176174,0.133565,0.170315,0.136143,0.083706,0.081803,0.073930,0.077119,0.080838,0.073938,0.305707,0.310837,0.185504,0.057720,0.061999,0.138648,0.066112,0.136095,0.120785,0.253242,0.044324,0.043320,0.025953,0.130113,0.086236,0.104260,0.103081,0.090646,0.136617,0.135965,0.119891,0.114206,0.033352,0.202624,0.127556,0.111248,0.115637,0.115138,0.129971,0.143126,0.132902,0.130911,0.099147,0.084850,0.234624,0.109701,0.000000,0.174608,0.111302,0.095030,0.133239,0.159792,0.112014,0.128901,0.132461,0.053524,0.187531,0.078065,0.050179,0.102598,0.121706,0.085098,0.161187,0.157126,0.220809,0.146390,0.079060,0.090225,0.237640,0.097096,0.069141,0.082820,0.252082,0.224550,0.102774,0.076537,0.081049,0.098510,0.109060,0.065722,0.187862,0.169260,0.165667,0.166599,0.275850,0.168214,0.152729,0.177579,0.180707,0.090344,0.109947,0.306430,0.221629,0.098037,0.091768,0.175364,0.056720,0.067206,0.128423,0.064403,0.230566,0.133064,0.082195,0.217112,0.213104,0.145781,0.197066,0.098690,0.078944,0.206481,0.047538,0.131024,0.170421,0.091742,0.176569,0.217686,0.164323,0.088189,0.092777,0.161602,0.247021,0.104817,0.163106,0.187325,0.087761,0.166311,0.058909,0.102775,0.159233,0.123373,0.186627,0.134521,0.144962,0.103445,0.069751,0.091983,0.131620,0.103580,0.174477,0.328287,0.192514,0.126231,0.115333,0.109865,0.085564,0.171397,0.175253,0.106671,0.053194,0.288895,0.162218,0.062679,0.047398,0.100264,0.056517,0.186214,0.306839,0.098496,0.047983,0.115893,0.124856
0.149463,0.064414,0.042294,0.052588,0.115308,0.126827,0.125523,0.172011,0.131776,0.116277,0.143876,0.142676,0.168911,0.045155,0.091863,0.162253,0.081666,0.098724,0.113351,0.115905,0.105439,0.114402,0.134046,0.147802,0.084669,0.060908,0.101424,0.055876,0.074054,0.097558,0.104617,0.058523,0.115377,0.093855,0.192572,0.081722,0.077595,0.090206,0.108015,0.076201,0.059657,0.060723,0.105245,0.056021,0.074245,0.088114,0.074497,0.129889,0.082628,0.156005,0.091882,0.091709,0.130778,0.082647,0.083976,0.108792,0.166389,0.075871,0.141298,0.083256,0.074603,0.074589,0.160092,0.171521,0.159349,0.070659,0.104357,0.177151,0.148866,0.148968,0.149929,0.080410,0.077329,0.072006,0.071648,0.104739,0.076940,0.122239,0.128122,0.109832,0.068897,0.075707,0.152605,0.073669,0.105919,0.112905,0.115369,0.038004,0.045513,0.028926,0.092563,0.084893,0.100129,0.091936,0.089683,0.146737,0.140289,0.087577,0.083937,0.038050,0.143675,0.132946,0.081258,0.092543,0.096182,0.113198,0.121295,0.160272,0.150599,0.107167,0.076250,0.126160,0.101472,0.174608,0.000000,0.184562,0.063870,0.157397,0.150395,0.104988,0.143374,0.132207,0.045186,0.158843,0.075296,0.038945,0.126003,0.077697,0.089038,0.171277,0.168707,0.109628,0.147947,0.071650,0.092757,0.105251,0.094892,0.054122,0.090362,0.110239,0.092416,0.096190,0.062551,0.073779,0.091569,0.128761,0.074719,0.170649,0.139254,0.146682,0.167601,0.111840,0.102333,0.129855,0.147009,0.156672,0.077501,0.106898,0.109319,0.156751,0.115171,0.090194,0.130886,0.040636,0.063805,0.105460,0.054233,0.120525,0.154873,0.075066,0.086659,0.086310,0.150069,0.138997,0.099143,0.075899,0.130970,0.042395,0.089707,0.141370,0.123223,0.157968,0.150813,0.148804,0.112073,0.099769,0.120315,0.174423,0.101844,0.140184,0.165423,0.066507,0.124315,0.066649,0.083375,0.128244,0.132058,0.167339,0.101339,0.124501,0.113682,0.067564,0.103884,0.139192,0.093116,0.122364,0.150089,0.240372,0.083885,0.109851,0.094889,0.112477,0.136753,0.160639,0.111839,0.051168,0.151958,0.138785,0.040447,0.036461,0.107807,0.056168,0.156762,0.125554,0.087871,0.041945,0.117760,0.087680
0.120325,0.065962,0.039942,0.047762,0.116102,0.105177,0.105146,0.109718,0.083275,0.105364,0.108662,0.109074,0.113890,0.041434,0.080970,0.124493,0.060424,0.091745,0.096931,0.102259,0.075795,0.106793,0.098822,0.108989,0.094925,0.059838,0.084120,0.061095,0.064100,0.080126,0.084015,0.045829,0.084095,0.075318,0.117486,0.065180,0.056843,0.075213,0.084158,0.056171,0.050294,0.047733,0.082061,0.049769,0.059718,0.071427,0.058180,0.063915,0.069647,0.102693,0.073819,0.079825,0.100832,0.056325,0.065601,0.088385,0.124042,0.058427,0.078791,0.068685,0.070361,0.067885,0.125719,0.117043,0.116106,0.059229,0.084263,0.118104,0.110027,0.122849,0.105935,0.058133,0.069941,0.059333,0.052318,0.077354,0.058619,0.112002,0.109284,0.101059,0.060303,0.058135,0.108501,0.052685,0.081100,0.081625,0.100696,0.049990,0.044508,0.034871,0.069444,0.086574,0.078948,0.067910,0.063198,0.093878,0.095858,0.064733,0.074735,0.051735,0.107350,0.103836,0.067539,0.075137,0.078959,0.080302,0.086545,0.098678,0.111709,0.074603,0.073885,0.113482,0.073160,0.111302,0.184562,0.000000,0.055241,0.109940,0.108623,0.076899,0.104198,0.093890,0.035304,0.101450,0.062329,0.039038,0.081045,0.062258,0.099277,0.104464,0.122269,0.075666,0.105119,0.052644,0.095609,0.080595,0.072705,0.049046,0.087211,0.096121,0.087698,0.065510,0.063587,0.088426,0.075096,0.103171,0.070899,0.099663,0.096854,0.100421,0.119752,0.070547,0.090829,0.108908,0.113314,0.111530,0.075580,0.088977,0.079738,0.130531,0.089653,0.072152,0.105308,0.040562,0.042014,0.075214,0.061381,0.115506,0.104994,0.059776,0.073475,0.073075,0.098867,0.102668,0.100783,0.066348,0.108605,0.045165,0.081838,0.136178,0.113923,0.085367,0.123514,0.100143,0.101385,0.103055,0.109765,0.102334,0.098898,0.117070,0.104592,0.054554,0.095411,0.058553,0.084359,0.085480,0.105685,0.108664,0.074746,0.105987,0.101654,0.077987,0.074640,0.120999,0.078326,0.081420,0.117015,0.181434,0.066307,0.078276,0.078750,0.096333,0.094431,0.129024,0.093827,0.050945,0.124311,0.112716,0.037967,0.044557,0.098250,0.054546,0.111553,0.113433,0.078462,0.039859,0.100525,0.065339
0.073121,0.048479,0.052444,0.055137,0.051232,0.059666,0.055239,0.085970,0.072059,0.055856,0.075767,0.071430,0.063053,0.043500,0.058542,0.060444,0.485046,0.040410,0.092271,0.088819,0.079204,0.050818,0.077006,0.064093,0.087371,0.112466,0.084506,0.108970,0.118694,0.078407,0.074888,0.094889,0.132043,0.118801,0.082318,0.123070,0.107035,0.117802,0.128300,0.110545,0.095695,0.097926,0.124014,0.074695,0.090325,0.112353,0.102218,0.070222,0.120051,0.081256,0.119916,0.089708,0.066654,0.094941,0.111831,0.078998,0.079589,0.097651,0.065728,0.116894,0.128558,0.121032,0.084472,0.075377,0.065575,0.361868,0.077318,0.089608,0.074018,0.061614,0.074169,0.106607,0.093688,0.094560,0.341921,0.060115,0.110903,0.080011,0.086520,0.071801,0.098963,0.098791,0.085111,0.098701,0.127216,0.060307,0.070517,0.046375,0.048503,0.045962,0.128033,0.089864,0.136563,0.129554,0.137257,0.069224,0.074174,0.058598,0.052084,0.058820,0.065538,0.065354,0.054329,0.058968,0.055138,0.076471,0.087379,0.073213,0.073186,0.122666,0.061972,0.093989,0.106786,0.095030,0.063870,0.055241,0.000000,0.084483,0.061019,0.110407,0.081506,0.071193,0.032035,0.070797,0.101618,0.035724,0.062056,0.051479,0.068991,0.087318,0.079994,0.072621,0.087651,0.110706,0.069360,0.074485,0.069255,0.103957,0.099465,0.069068,0.071144,0.110368,0.109335,0.094287,0.107137,0.053796,0.099459,0.070240,0.075046,0.079474,0.083501,0.071337,0.040589,0.051377,0.055801,0.059389,0.049156,0.120277,0.082880,0.068707,0.060825,0.095923,0.056660,0.035771,0.041845,0.083814,0.106678,0.091217,0.073349,0.109914,0.095006,0.077494,0.083916,0.062597,0.077792,0.114980,0.068678,0.056737,0.040734,0.063305,0.053333,0.067033,0.069452,0.058146,0.046263,0.065446,0.058245,0.082827,0.087149,0.064466,0.071971,0.074152,0.079967,0.048681,0.063097,0.058555,0.061372,0.067902,0.074961,0.059361,0.044108,0.050616,0.136254,0.061207,0.060103,0.062838,0.085804,0.095991,0.057588,0.059480,0.077216,0.068302,0.076279,0.098544,0.065403,0.050572,0.063239,0.074331,0.043474,0.044404,0.052058,0.081784,0.054862,0.082339,0.061302,0.038686,0.049464,0.053108
0.137876,0.083254,0.042056,0.039220,0.083991,0.120229,0.084640,0.162613,0.103918,0.076591,0.153091,0.111858,0.124864,0.052341,0.109655,0.101824,0.083807,0.081899,0.104323,0.107635,0.105078,0.122529,0.144257,0.107113,0.083339,0.081643,0.108779,0.081236,0.080067,0.105215,0.099434,0.076112,0.115104,0.114452,0.177167,0.093513,0.077688,0.109056,0.125905,0.085081,0.064564,0.059084,0.127140,0.046688,0.078882,0.103557,0.089300,0.119335,0.087168,0.160613,0.111720,0.097060,0.133393,0.076573,0.084038,0.103312,0.149899,0.081449,0.133514,0.085444,0.088577,0.083681,0.154596,0.146684,0.133254,0.078083,0.094176,0.180801,0.167622,0.107866,0.159774,0.078441,0.086439,0.069083,0.075647,0.080428,0.089925,0.134001,0.133258,0.108878,0.064159,0.074166,0.324954,0.082362,0.119497,0.121587,0.125603,0.037524,0.039008,0.030448,0.111409,0.074761,0.123288,0.108615,0.105862,0.149659,0.147611,0.110765,0.101690,0.043151,0.145761,0.111762,0.102637,0.117286,0.097453,0.125951,0.139748,0.145556,0.114819,0.121879,0.086263,0.124449,0.106151,0.133239,0.157397,0.109940,0.084483,0.000000,0.112413,0.103868,0.157271,0.143142,0.052772,0.106510,0.085374,0.060324,0.128929,0.101129,0.085730,0.173879,0.174080,0.102833,0.334035,0.079314,0.080423,0.102815,0.105230,0.064242,0.094823,0.121729,0.102300,0.117164,0.076453,0.087001,0.104303,0.132983,0.070080,0.107743,0.168446,0.168805,0.218820,0.103837,0.079167,0.100713,0.114284,0.128078,0.080931,0.098054,0.108944,0.140417,0.095569,0.084195,0.089312,0.049264,0.054129,0.102939,0.076959,0.126934,0.146026,0.086768,0.090912,0.087791,0.150553,0.118083,0.083465,0.077292,0.120647,0.055526,0.068477,0.110866,0.115003,0.132046,0.135652,0.108482,0.115446,0.097792,0.100991,0.149765,0.152607,0.105789,0.133143,0.067581,0.127477,0.071321,0.085573,0.119676,0.107767,0.110483,0.106195,0.078083,0.114989,0.071376,0.103195,0.098216,0.113918,0.128833,0.132093,0.203834,0.104505,0.114521,0.126383,0.104581,0.146974,0.193843,0.133173,0.049384,0.134928,0.141608,0.049339,0.047365,0.080260,0.056770,0.128117,0.123479,0.095911,0.055080,0.120491,0.091855
0.147107,0.071876,0.050350,0.058969,0.156159,0.149257,0.108963,0.176471,0.112842,0.102814,0.133530,0.158102,0.155741,0.055888,0.086756,0.154491,0.061325,0.089902,0.126436,0.124615,0.083211,0.073703,0.122355,0.132406,0.060419,0.058383,0.098775,0.059820,0.066553,0.116227,0.108579,0.054735,0.075713,0.085877,0.114833,0.063662,0.062702,0.089405,0.088254,0.069780,0.059729,0.048812,0.082393,0.046375,0.063058,0.087865,0.064646,0.099131,0.090766,0.100650,0.086995,0.093835,0.170407,0.064858,0.067981,0.117122,0.160270,0.064671,0.103791,0.081939,0.085627,0.079091,0.162040,0.158784,0.141164,0.066526,0.109264,0.121185,0.143430,0.134242,0.143759,0.066062,0.067729,0.064530,0.069107,0.068855,0.073778,0.145867,0.147389,0.099478,0.064901,0.075822,0.116556,0.054697,0.084539,0.110422,0.127159,0.048875,0.049622,0.030453,0.084572,0.062141,0.084120,0.068305,0.065150,0.117779,0.115990,0.070839,0.075572,0.057031,0.141296,0.104932,0.070158,0.096028,0.090068,0.117580,0.120013,0.138674,0.115683,0.085369,0.090830,0.149013,0.066551,0.159792,0.150395,0.108623,0.061019,0.112413,0.000000,0.093349,0.137691,0.108991,0.048905,0.149550,0.061549,0.036826,0.106706,0.082582,0.072306,0.105442,0.128213,0.110986,0.116671,0.052138,0.083315,0.120901,0.064608,0.057852,0.086101,0.127147,0.107713,0.066466,0.073166,0.062849,0.067126,0.113366,0.068389,0.149401,0.113717,0.125429,0.143730,0.113876,0.081707,0.131563,0.141747,0.148551,0.068481,0.114253,0.122335,0.144241,0.104788,0.082795,0.138135,0.049261,0.060897,0.083081,0.065717,0.150623,0.133397,0.076784,0.108733,0.111201,0.133530,0.135154,0.079659,0.073518,0.139063,0.043181,0.072801,0.138248,0.095818,0.119730,0.165733,0.111827,0.076110,0.083882,0.125984,0.174076,0.089650,0.132807,0.155243,0.074984,0.125110,0.067992,0.090188,0.118490,0.102963,0.168184,0.090213,0.112403,0.085003,0.062965,0.096935,0.389299,0.099485,0.136208,0.136203,0.141629,0.073986,0.091692,0.092246,0.081200,0.138939,0.139812,0.130211,0.056988,0.153323,0.151522,0.046269,0.053098,0.094143,0.057855,0.148446,0.131076,0.075133,0.045958,0.103581,0.077251
0.112007,0.052928,0.044213,0.051187,0.070295,0.086308,0.068270,0.128992,0.105783,0.076383,0.093245,0.104441,0.091588,0.049562,0.092718,0.098195,0.097276,0.062733,0.095563,0.097254,0.100726,0.073798,0.116920,0.085430,0.096499,0.088651,0.132563,0.084010,0.105194,0.106959,0.104054,0.079970,0.129594,0.134241,0.126263,0.111987,0.090992,0.131779,0.126240,0.106695,0.083814,0.098525,0.141642,0.059536,0.084964,0.138955,0.089806,0.107099,0.112721,0.097810,0.145441,0.123896,0.085681,0.083013,0.119390,0.110450,0.103320,0.080656,0.091106,0.115353,0.121402,0.122082,0.108439,0.099384,0.098549,0.090050,0.099078,0.132612,0.097410,0.092965,0.095233,0.119195,0.112147,0.093210,0.091943,0.085227,0.123068,0.104908,0.116608,0.085150,0.084057,0.075981,0.120821,0.089393,0.146843,0.100809,0.104918,0.049548,0.046437,0.033002,0.128698,0.090513,0.137774,0.115718,0.104138,0.091526,0.088916,0.075445,0.062694,0.046177,0.100111,0.083795,0.065341,0.077827,0.068544,0.101612,0.099149,0.108270,0.100055,0.128127,0.091565,0.091273,0.115596,0.112014,0.104988,0.076899,0.110407,0.103868,0.093349,0.000000,0.105059,0.093350,0.039007,0.096654,0.118074,0.042194,0.082570,0.066969,0.080494,0.108267,0.116454,0.094275,0.112051,0.092461,0.083558,0.113250,0.108087,0.096718,0.095254,0.098119,0.101942,0.113668,0.110860,0.074791,0.112791,0.076276,0.101298,0.099154,0.127341,0.141055,0.120731,0.089070,0.061763,0.056554,0.061797,0.067285,0.068547,0.129874,0.084632,0.104281,0.058410,0.100879,0.079376,0.049226,0.045955,0.099368,0.082720,0.092278,0.100936,0.108579,0.082441,0.079672,0.099103,0.094983,0.093870,0.101614,0.112565,0.051765,0.044228,0.091861,0.071786,0.086549,0.097539,0.076803,0.067214,0.077651,0.094693,0.114754,0.102268,0.092130,0.093280,0.067070,0.105100,0.054360,0.067960,0.085035,0.078535,0.086212,0.093569,0.068550,0.069762,0.053247,0.138368,0.087862,0.074327,0.094974,0.113966,0.127633,0.063960,0.076964,0.127285,0.089574,0.090523,0.126651,0.096964,0.046057,0.086620,0.087413,0.046576,0.051333,0.055925,0.069753,0.071612,0.118968,0.070688,0.045922,0.068617,0.065322
0.135650,0.109325,0.040773,0.049520,0.090320,0.139909,0.112304,0.153965,0.124114,0.120885,0.659072,0.151035,0.155407,0.054005,0.179308,0.120246,0.083171,0.078973,0.109655,0.102672,0.097770,0.087863,0.144500,0.161068,0.080423,0.071799,0.115535,0.066403,0.083457,0.100357,0.100609,0.061293,0.111657,0.123722,0.303746,0.096027,0.066862,0.125037,0.121812,0.078832,0.056340,0.065546,0.112467,0.051841,0.074640,0.127179,0.080054,0.123917,0.096937,0.246627,0.123042,0.103154,0.148236,0.080325,0.085264,0.105479,0.151323,0.075329,0.232632,0.095739,0.091054,0.098029,0.156001,0.140739,0.148837,0.074700,0.099674,0.303191,0.391251,0.119029,0.406770,0.092819,0.086521,0.077311,0.071031,0.090166,0.082810,0.140247,0.140957,0.133829,0.066855,0.074465,0.121297,0.073123,0.120944,0.130973,0.106435,0.044478,0.041082,0.032281,0.107280,0.075960,0.120877,0.085605,0.089114,0.408628,0.419763,0.131400,0.103469,0.040278,0.137101,0.203870,0.102443,0.161862,0.165621,0.209564,0.230256,0.241315,0.247731,0.115727,0.070834,0.123779,0.092260,0.128901,0.143374,0.104198,0.081506,0.157271,0.137691,0.105059,0.000000,0.392959,0.064275,0.129998,0.092422,0.047758,0.217087,0.103267,0.087613,0.267479,0.276832,0.095529,0.124785,0.068726,0.091162,0.117361,0.098803,0.070717,0.068774,0.111213,0.124786,0.093591,0.080578,0.072110,0.087506,0.102540,0.077953,0.131944,0.135574,0.143134,0.167709,0.098190,0.076266,0.116375,0.124688,0.132086,0.126499,0.107430,0.108456,0.184019,0.099264,0.072442,0.118182,0.051539,0.052266,0.104255,0.066319,0.128329,0.656126,0.083281,0.089657,0.094262,0.653955,0.125163,0.099952,0.081778,0.132804,0.048566,0.065503,0.118696,0.106492,0.142647,0.167056,0.137322,0.084565,0.149707,0.109495,0.162592,0.109982,0.116705,0.154061,0.076523,0.132646,0.078512,0.087380,0.145836,0.197255,0.141727,0.109563,0.099744,0.090374,0.103912,0.113375,0.129169,0.167661,0.150148,0.136922,0.146732,0.099256,0.181402,0.121455,0.093979,0.130929,0.137901,0.279283,0.040551,0.143360,0.152317,0.060771,0.046237,0.101343,0.048584,0.136450,0.143665,0.141417,0.049559,0.097715,0.092135
0.123689,0.081838,0.040921,0.053032,0.090642,0.123331,0.087144,0.125206,0.117564,0.104194,0.404160,0.121694,0.134043,0.045133,0.144581,0.125151,0.065912,0.069030,0.119937,0.114928,0.106324,0.066896,0.122654,0.155873,0.079840,0.064007,0.089621,0.065033,0.067520,0.083297,0.082446,0.057891,0.097112,0.090484,0.249294,0.076476,0.062660,0.091113,0.093751,0.063468,0.057698,0.055570,0.089893,0.047644,0.064461,0.099715,0.069490,0.097951,0.082409,0.228394,0.097832,0.082144,0.128094,0.068942,0.078985,0.087959,0.133890,0.059983,0.164892,0.083022,0.079217,0.082118,0.139142,0.133591,0.117437,0.064462,0.074746,0.260388,0.330477,0.126018,0.340413,0.076735,0.078570,0.060772,0.059674,0.072687,0.073599,0.110105,0.111835,0.109388,0.056441,0.069942,0.126917,0.061402,0.096247,0.115724,0.093885,0.037732,0.042114,0.033230,0.096122,0.078284,0.090705,0.073099,0.076638,0.877066,0.803772,0.100358,0.105452,0.035791,0.124047,0.178418,0.096026,0.152366,0.134961,0.173414,0.192319,0.202644,0.188779,0.091365,0.072494,0.111332,0.077497,0.132461,0.132207,0.093890,0.071193,0.143142,0.108991,0.093350,0.392959,0.000000,0.066115,0.124460,0.076852,0.053353,0.169929,0.093859,0.076591,0.224295,0.240662,0.085646,0.124031,0.055171,0.071600,0.106408,0.093155,0.055826,0.077476,0.092229,0.106214,0.077287,0.070009,0.075831,0.078358,0.095407,0.074987,0.119973,0.126703,0.134765,0.123461,0.101980,0.067478,0.124319,0.131839,0.133374,0.135243,0.107705,0.095020,0.158570,0.081929,0.081047,0.109317,0.044473,0.046308,0.107557,0.067100,0.115110,0.417166,0.064920,0.067295,0.070634,0.403485,0.141039,0.083672,0.072218,0.135150,0.048313,0.056697,0.124979,0.092700,0.112704,0.151764,0.128056,0.065890,0.149914,0.104628,0.130472,0.100152,0.123831,0.147311,0.073861,0.116393,0.073082,0.087321,0.125522,0.174772,0.152057,0.111241,0.097541,0.080779,0.098400,0.078387,0.119192,0.152870,0.142570,0.108346,0.160778,0.086435,0.150547,0.109565,0.093386,0.111053,0.110170,0.238665,0.044484,0.128740,0.117442,0.055257,0.051539,0.082028,0.052961,0.135890,0.119118,0.153081,0.044118,0.086577,0.089261
0.053015,0.044624,0.042170,0.039520,0.045042,0.043784,0.039343,0.053383,0.046267,0.049792,0.055223,0.045398,0.043296,0.050728,0.053235,0.049930,0.042986,0.030751,0.037518,0.039535,0.038873,0.044075,0.048083,0.060286,0.034648,0.032076,0.059579,0.028822,0.035168,0.044508,0.041434,0.036028,0.052780,0.041414,0.063617,0.037662,0.040441,0.055479,0.051627,0.039333,0.035075,0.039978,0.046999,0.028224,0.042865,0.046499,0.039893,0.051338,0.039460,0.064993,0.048516,0.049325,0.055562,0.037466,0.046671,0.046712,0.047590,0.037561,0.052050,0.040019,0.032594,0.038339,0.040321,0.055778,0.043076,0.040232,0.040061,0.056137,0.066680,0.036421,0.057581,0.050248,0.037505,0.031496,0.034420,0.040076,0.029319,0.051170,0.049070,0.037914,0.034369,0.033456,0.050370,0.042572,0.051200,0.053310,0.046737,0.042621,0.035194,0.027338,0.049343,0.031309,0.058400,0.035693,0.034596,0.063045,0.053341,0.037395,0.039640,0.040920,0.052275,0.040896,0.042630,0.044224,0.037334,0.041986,0.047307,0.055567,0.056035,0.051273,0.047575,0.036772,0.051224,0.053524,0.045186,0.035304,0.032035,0.052772,0.048905,0.039007,0.064275,0.066115,0.000000,0.052028,0.031628,0.054156,0.049142,0.040164,0.031912,0.069350,0.057744,0.034349,0.043108,0.032369,0.030581,0.036395,0.048436,0.032722,0.035753,0.057679,0.036152,0.053423,0.035421,0.035472,0.049982,0.043939,0.040988,0.048958,0.044306,0.045255,0.048430,0.043709,0.033366,0.031898,0.042806,0.049786,0.038094,0.047931,0.046756,0.054095,0.047025,0.041465,0.041108,0.046754,0.058227,0.042966,0.033900,0.037147,0.051920,0.042058,0.034989,0.040579,0.054445,0.051850,0.036022,0.042165,0.047964,0.030969,0.028058,0.035999,0.040006,0.040604,0.058301,0.044191,0.039991,0.048136,0.041888,0.052867,0.051164,0.037043,0.054045,0.032989,0.047497,0.040085,0.034226,0.037605,0.037275,0.055329,0.037775,0.042443,0.033664,0.035626,0.044766,0.046911,0.052617,0.045532,0.047426,0.049258,0.050224,0.052186,0.066993,0.038329,0.038846,0.045411,0.045544,0.046284,0.035698,0.051480,0.497723,0.556104,0.042876,0.028904,0.042532,0.047689,0.039677,0.061637,0.043993,0.041568
0.157248,0.071680,0.044938,0.043953,0.132071,0.178618,0.112144,0.170115,0.146966,0.107705,0.129285,0.138079,0.177175,0.049803,0.102584,0.224762,0.062488,0.089441,0.129818,0.127437,0.107292,0.084572,0.111663,0.163875,0.087034,0.072045,0.085763,0.060317,0.074233,0.124028,0.120593,0.054081,0.100831,0.104572,0.156191,0.080330,0.060881,0.098848,0.102714,0.073555,0.054082,0.054260,0.093827,0.047535,0.070491,0.104940,0.062081,0.144230,0.083794,0.142362,0.103767,0.082067,0.198689,0.065243,0.078376,0.132951,0.197674,0.062407,0.118433,0.078866,0.073846,0.078398,0.199962,0.191430,0.144050,0.065320,0.135968,0.164606,0.122879,0.235731,0.124960,0.072969,0.074656,0.063429,0.064940,0.070994,0.074573,0.165969,0.166690,0.107276,0.064805,0.066714,0.119532,0.060896,0.091368,0.110937,0.125328,0.043141,0.050247,0.030969,0.096664,0.083680,0.099024,0.091071,0.071132,0.126250,0.126872,0.092521,0.098854,0.050838,0.162792,0.112376,0.108715,0.107271,0.095388,0.100746,0.111841,0.138859,0.136176,0.094981,0.068454,0.131238,0.093793,0.187531,0.158843,0.101450,0.070797,0.106510,0.149550,0.096654,0.129998,0.124460,0.052028,0.000000,0.069850,0.046381,0.124560,0.095484,0.090139,0.131553,0.140764,0.124863,0.118836,0.056946,0.087821,0.131701,0.080669,0.055185,0.081982,0.127595,0.127451,0.085613,0.082472,0.075661,0.086604,0.102736,0.074975,0.761176,0.119718,0.124804,0.128445,0.111956,0.092745,0.165815,0.172505,0.177961,0.081170,0.107565,0.125864,0.219526,0.101623,0.081678,0.227251,0.050962,0.051734,0.111057,0.075173,0.132640,0.125141,0.077076,0.099455,0.101915,0.136275,0.192391,0.091213,0.076272,0.171981,0.051747,0.075853,0.224348,0.083364,0.163603,0.212128,0.164819,0.076281,0.105132,0.232810,0.168066,0.079051,0.223803,0.200552,0.087590,0.159077,0.068113,0.081174,0.134641,0.113862,0.207441,0.112198,0.221161,0.076086,0.071686,0.105809,0.135248,0.104081,0.143958,0.157414,0.121826,0.100736,0.096928,0.104770,0.115003,0.163797,0.136078,0.101139,0.063074,0.163336,0.162281,0.042453,0.045901,0.100699,0.055931,0.185054,0.162070,0.091392,0.055897,0.094243,0.094475
0.078713,0.058148,0.043058,0.047053,0.056659,0.072444,0.070635,0.070976,0.077297,0.068149,0.092125,0.069182,0.080708,0.042000,0.066511,0.076821,0.099515,0.041902,0.068549,0.078989,0.085083,0.043900,0.105647,0.078993,0.113100,0.126636,0.119267,0.141511,0.144544,0.076429,0.075141,0.125098,0.179722,0.173338,0.092652,0.135351,0.116059,0.177578,0.170553,0.123639,0.122485,0.110748,0.176287,0.092773,0.107278,0.159956,0.108043,0.069046,0.130856,0.089254,0.175084,0.115520,0.074013,0.110067,0.133833,0.075094,0.077242,0.111648,0.058434,0.131584,0.132209,0.132516,0.079467,0.080042,0.071924,0.094682,0.071817,0.091793,0.087576,0.065160,0.089039,0.436433,0.543171,0.127919,0.097747,0.084058,0.154327,0.075237,0.081453,0.057297,0.112389,0.112678,0.079616,0.106976,0.162897,0.065091,0.072811,0.048276,0.039510,0.032386,0.165143,0.114507,0.167664,0.156445,0.138910,0.074772,0.064472,0.045072,0.047399,0.046860,0.075871,0.064449,0.047049,0.058483,0.058282,0.063418,0.070081,0.085331,0.081755,0.159439,0.080900,0.072026,0.145212,0.078065,0.075296,0.062329,0.101618,0.085374,0.061549,0.118074,0.092422,0.076852,0.031628,0.069850,0.000000,0.032436,0.069258,0.043939,0.081031,0.084147,0.088623,0.081066,0.077360,0.131572,0.088011,0.072503,0.102860,0.107352,0.135175,0.065326,0.078926,0.148385,0.149552,0.099199,0.153418,0.047204,0.135430,0.077067,0.073591,0.078187,0.081555,0.072060,0.037328,0.058441,0.058924,0.065978,0.062367,0.154102,0.074895,0.091582,0.055200,0.126087,0.059810,0.037878,0.043541,0.081922,0.118643,0.075117,0.084579,0.141245,0.084051,0.069998,0.084199,0.071938,0.086033,0.141684,0.079103,0.048077,0.041428,0.066224,0.051522,0.073815,0.101948,0.065604,0.049449,0.059876,0.066605,0.077487,0.073247,0.064012,0.077028,0.076458,0.082495,0.044909,0.063097,0.050857,0.065476,0.079301,0.083551,0.056670,0.048856,0.045817,0.157288,0.066801,0.056653,0.066279,0.073153,0.088976,0.045997,0.056620,0.086191,0.087804,0.073202,0.090150,0.069390,0.051793,0.071306,0.068440,0.043854,0.046323,0.059859,0.103928,0.064201,0.077416,0.064681,0.037576,0.044627,0.044565
0.046527,0.049903,0.037828,0.038590,0.041913,0.048472,0.040976,0.039249,0.037046,0.044759,0.045841,0.037848,0.051289,0.065498,0.042523,0.044976,0.035452,0.032216,0.037894,0.033579,0.035779,0.028527,0.048395,0.038540,0.029754,0.034321,0.042501,0.033439,0.040254,0.052298,0.046414,0.030251,0.046839,0.042039,0.051264,0.038858,0.040581,0.042342,0.039929,0.036662,0.033803,0.028151,0.046827,0.026441,0.033048,0.042028,0.046406,0.048913,0.033996,0.067870,0.041198,0.043129,0.059160,0.035980,0.041318,0.051896,0.051087,0.033933,0.048994,0.040988,0.046259,0.041208,0.045431,0.051185,0.051224,0.035108,0.033795,0.049502,0.056742,0.038743,0.052028,0.042704,0.032522,0.038789,0.034222,0.044339,0.041910,0.049530,0.042101,0.050774,0.030528,0.032695,0.048459,0.036437,0.050816,0.056896,0.048121,0.042605,0.040438,0.026402,0.042871,0.033168,0.043642,0.050741,0.041575,0.051798,0.052294,0.050857,0.044064,0.032167,0.055255,0.052524,0.046139,0.047948,0.040080,0.062560,0.062088,0.057531,0.046534,0.055858,0.040515,0.051044,0.038368,0.050179,0.038945,0.039038,0.035724,0.060324,0.036826,0.042194,0.047758,0.053353,0.054156,0.046381,0.032436,0.000000,0.053221,0.054366,0.035851,0.061675,0.065791,0.029162,0.046824,0.031149,0.030365,0.050586,0.038003,0.032718,0.033452,0.051560,0.044137,0.038411,0.031696,0.045874,0.042576,0.037914,0.034365,0.045597,0.041538,0.042646,0.039570,0.034600,0.031147,0.044867,0.046705,0.053188,0.044206,0.058816,0.035538,0.045342,0.038028,0.047336,0.043625,0.039216,0.053692,0.030071,0.033937,0.044168,0.049759,0.037744,0.031999,0.033859,0.042711,0.050757,0.030982,0.038784,0.058559,0.026268,0.027690,0.034422,0.035341,0.045430,0.056734,0.047765,0.027619,0.050233,0.051150,0.047686,0.047876,0.044401,0.055598,0.031309,0.049715,0.035062,0.033744,0.034922,0.046358,0.055700,0.032576,0.038224,0.029014,0.030643,0.047043,0.042117,0.043276,0.052097,0.043234,0.065790,0.041958,0.057839,0.065945,0.041182,0.051803,0.045440,0.051998,0.032710,0.053064,0.046940,0.037074,0.049390,0.035742,0.032990,0.056702,0.044086,0.048150,0.054509,0.042042,0.050640
0.136464,0.122262,0.038952,0.056663,0.096210,0.124005,0.087830,0.153119,0.105135,0.081052,0.216272,0.133499,0.146393,0.057621,0.154671,0.124987,0.063421,0.075160,0.101339,0.105394,0.084336,0.068182,0.104797,0.119710,0.074821,0.063292,0.092520,0.071256,0.054927,0.099198,0.092283,0.057139,0.085851,0.089511,0.237207,0.074315,0.061678,0.077258,0.099242,0.057178,0.059993,0.052069,0.082444,0.034478,0.080217,0.081722,0.062823,0.128246,0.071217,0.190799,0.081768,0.070985,0.148129,0.071000,0.064826,0.093422,0.125193,0.055497,0.792287,0.073257,0.068324,0.074880,0.132910,0.128439,0.130739,0.062696,0.094093,0.241581,0.206473,0.114740,0.219346,0.058933,0.063956,0.062479,0.063144,0.070084,0.071337,0.119241,0.120261,0.111112,0.050461,0.055733,0.102140,0.063093,0.075201,0.089787,0.112693,0.041257,0.041423,0.029809,0.066269,0.067444,0.100742,0.067610,0.073145,0.177195,0.170057,0.126924,0.108520,0.041519,0.140085,0.160447,0.106780,0.143070,0.144627,0.181584,0.202482,0.223170,0.188028,0.087054,0.069671,0.113209,0.064434,0.102598,0.126003,0.081045,0.062056,0.128929,0.106706,0.082570,0.217087,0.169929,0.049142,0.124560,0.069258,0.053221,0.000000,0.095478,0.068165,0.219259,0.228133,0.086092,0.101591,0.056017,0.076952,0.101137,0.080723,0.054561,0.069590,0.117322,0.097904,0.060509,0.076957,0.058446,0.067910,0.092288,0.061057,0.112201,0.115990,0.122605,0.113810,0.098167,0.074933,0.116988,0.120737,0.131562,0.124573,0.101547,0.100726,0.161611,0.080533,0.073764,0.110893,0.046591,0.065516,0.085446,0.062024,0.123237,0.227142,0.067265,0.082961,0.080109,0.219556,0.138404,0.073244,0.067513,0.141617,0.037663,0.068287,0.111035,0.090235,0.121264,0.150413,0.110510,0.075428,0.124617,0.121780,0.141700,0.070463,0.118505,0.123046,0.072195,0.125564,0.077569,0.064246,0.130014,0.156291,0.123329,0.090413,0.095204,0.072088,0.097717,0.087105,0.105582,0.135791,0.124615,0.124447,0.142257,0.108508,0.137999,0.067958,0.071062,0.140901,0.127492,0.160205,0.039383,0.134825,0.144273,0.046515,0.044462,0.085490,0.041237,0.133813,0.114032,0.135501,0.049736,0.088504,0.105832
0.095629,0.074337,0.036277,0.044229,0.078444,0.093670,0.069830,0.117237,0.076170,0.071166,0.093686,0.113741,0.086106,0.054885,0.081752,0.074532,0.051187,0.071045,0.089401,0.074471,0.054465,0.051315,0.071644,0.078900,0.071825,0.059333,0.069946,0.057108,0.057441,0.078659,0.079038,0.043736,0.087071,0.078862,0.112043,0.066090,0.055984,0.075528,0.076079,0.059768,0.044178,0.048737,0.066067,0.035746,0.051263,0.083158,0.052318,0.083896,0.073604,0.092584,0.078973,0.070938,0.080931,0.054383,0.063370,0.076877,0.115611,0.055220,0.110795,0.067129,0.066764,0.073900,0.108773,0.121478,0.103798,0.054098,0.078534,0.124011,0.100675,0.092160,0.090324,0.042452,0.046743,0.053917,0.047751,0.059242,0.066317,0.094201,0.092548,0.086571,0.050886,0.056330,0.076799,0.046950,0.063481,0.100202,0.072553,0.035239,0.040023,0.027438,0.071290,0.062456,0.080170,0.060346,0.074075,0.089952,0.085795,0.446797,0.438361,0.034435,0.092117,0.086751,0.439934,0.083532,0.076689,0.106051,0.098630,0.110075,0.104741,0.069785,0.062980,0.096024,0.059953,0.121706,0.077697,0.062258,0.051479,0.101129,0.082582,0.066969,0.103267,0.093859,0.040164,0.095484,0.043939,0.054366,0.095478,0.000000,0.063291,0.098429,0.117678,0.063427,0.086205,0.049272,0.066406,0.081237,0.062966,0.047460,0.062790,0.073488,0.086675,0.068939,0.063015,0.075052,0.063954,0.065737,0.068306,0.093965,0.083930,0.082356,0.085159,0.081090,0.065884,0.066431,0.079946,0.089427,0.079423,0.088035,0.084889,0.096278,0.067793,0.056122,0.089096,0.045893,0.055980,0.064062,0.058488,0.094576,0.103075,0.062122,0.060809,0.068497,0.097136,0.082815,0.079354,0.055184,0.095708,0.033233,0.046900,0.085884,0.060454,0.092656,0.095486,0.079688,0.051328,0.078684,0.081029,0.110294,0.070897,0.091552,0.086822,0.047657,0.099353,0.071667,0.059745,0.080783,0.080900,0.084803,0.061978,0.063845,0.050224,0.065053,0.077820,0.093320,0.077149,0.099196,0.110215,0.113965,0.807310,0.087309,0.071158,0.059307,0.092264,0.098445,0.073836,0.044812,0.103873,0.096154,0.037935,0.042118,0.068106,0.037750,0.077939,0.092628,0.091725,0.047229,0.077401,0.797858
0.080431,0.054693,0.043180,0.052105,0.088055,0.090205,0.086848,0.084657,0.066858,0.077806,0.090615,0.075383,0.087526,0.040920,0.065525,0.100690,0.067713,0.070252,0.085116,0.090676,0.066638,0.091718,0.068806,0.077285,0.138907,0.080322,0.094854,0.085692,0.082463,0.083123,0.077891,0.064168,0.109210,0.111324,0.093593,0.090880,0.065452,0.114149,0.111557,0.072097,0.065269,0.064604,0.122488,0.055503,0.072956,0.113206,0.068431,0.071709,0.092884,0.092529,0.121530,0.086101,0.073826,0.070855,0.089260,0.079935,0.083392,0.067529,0.061766,0.090377,0.091809,0.093905,0.085712,0.083672,0.097253,0.067643,0.070252,0.086396,0.086462,0.094998,0.079264,0.079574,0.083651,0.085207,0.066955,0.070106,0.075228,0.087446,0.092208,0.065005,0.070318,0.066764,0.091154,0.073690,0.117185,0.081467,0.072882,0.036595,0.039263,0.035915,0.106812,0.121500,0.141145,0.100465,0.093118,0.083860,0.082212,0.064893,0.071109,0.046985,0.090963,0.084368,0.075849,0.066530,0.061312,0.080417,0.081976,0.082473,0.076252,0.109432,0.088368,0.089340,0.082493,0.085098,0.089038,0.099277,0.068991,0.085730,0.072306,0.080494,0.087613,0.076591,0.031912,0.090139,0.081031,0.035851,0.068165,0.063291,0.000000,0.092692,0.083658,0.070161,0.091846,0.072135,0.516194,0.070602,0.080144,0.073275,0.098789,0.071242,0.067489,0.092056,0.076751,0.125228,0.111602,0.090184,0.074296,0.091313,0.076032,0.080614,0.086616,0.062208,0.069046,0.094436,0.088229,0.085522,0.072522,0.116948,0.064670,0.088545,0.074362,0.088161,0.091626,0.041311,0.039027,0.065316,0.085063,0.098404,0.088055,0.073282,0.068061,0.067324,0.091752,0.089818,0.415390,0.079434,0.092019,0.050917,0.059992,0.097288,0.082510,0.078480,0.082008,0.064081,0.098959,0.071652,0.110516,0.084409,0.095656,0.103492,0.070701,0.046971,0.090962,0.051002,0.062934,0.071658,0.088180,0.071609,0.065752,0.097023,0.077049,0.073490,0.115704,0.083597,0.066580,0.078328,0.081217,0.107041,0.066256,0.061849,0.091976,0.158722,0.086388,0.101261,0.079703,0.048180,0.090189,0.085721,0.043989,0.049849,0.067762,0.064195,0.084795,0.084227,0.073873,0.040486,0.086368,0.066493
0.129128,0.115971,0.039552,0.060448,0.113608,0.141814,0.105090,0.166010,0.130272,0.103982,0.273425,0.140803,0.160684,0.055537,0.179877,0.112864,0.091536,0.074529,0.110425,0.117729,0.112954,0.087416,0.127540,0.133429,0.080359,0.077687,0.095937,0.069185,0.105657,0.098045,0.094309,0.082292,0.109014,0.110998,0.437531,0.106943,0.085059,0.103419,0.116625,0.086457,0.071852,0.073197,0.106008,0.055249,0.077427,0.099934,0.083728,0.125780,0.112021,0.663278,0.111774,0.090864,0.163791,0.082161,0.101036,0.107504,0.142367,0.082986,0.221436,0.113516,0.101826,0.107916,0.143612,0.134654,0.140063,0.097201,0.110262,0.451380,0.269242,0.114036,0.279616,0.079218,0.080086,0.087119,0.077597,0.085725,0.092619,0.123350,0.127305,0.115738,0.076941,0.076845,0.167543,0.089211,0.109189,0.141239,0.122426,0.033254,0.040920,0.028370,0.127525,0.078648,0.126392,0.098048,0.101225,0.221650,0.224556,0.106125,0.104465,0.039862,0.136808,0.255087,0.098718,0.197578,0.184484,0.204234,0.211187,0.311684,0.304511,0.115984,0.087868,0.127631,0.100411,0.161187,0.171277,0.104464,0.087318,0.173879,0.105442,0.108267,0.267479,0.224295,0.069350,0.131553,0.084147,0.061675,0.219259,0.098429,0.092692,0.000000,0.413579,0.118050,0.164207,0.080978,0.090486,0.120066,0.109715,0.066294,0.085605,0.115960,0.114702,0.093336,0.095972,0.078751,0.100081,0.108487,0.081773,0.133492,0.141488,0.152202,0.169631,0.104009,0.071876,0.132393,0.152941,0.159315,0.143135,0.125492,0.097375,0.181707,0.105142,0.073460,0.108337,0.063467,0.056238,0.112233,0.070014,0.127239,0.256048,0.097830,0.096330,0.099727,0.269156,0.163264,0.100456,0.102327,0.139412,0.052268,0.071691,0.108309,0.104784,0.141990,0.166952,0.120245,0.081141,0.145078,0.111741,0.178271,0.094446,0.109609,0.132278,0.075733,0.142917,0.103864,0.092241,0.129527,0.253695,0.117557,0.111636,0.095105,0.096351,0.121541,0.126918,0.114294,0.178039,0.125594,0.134043,0.196638,0.097870,0.174242,0.105060,0.087870,0.131363,0.162926,0.218899,0.041700,0.161066,0.161577,0.056759,0.058366,0.105490,0.061176,0.159862,0.137912,0.156863,0.059548,0.105641,0.095988
0.144733,0.131579,0.041137,0.053700,0.119660,0.158600,0.123992,0.216742,0.116305,0.113402,0.284393,0.131041,0.157094,0.043854,0.174436,0.136467,0.084772,0.079178,0.109068,0.109125,0.119444,0.095898,0.133080,0.131936,0.090698,0.074582,0.111114,0.067544,0.092074,0.105018,0.100374,0.069681,0.132108,0.124158,0.559927,0.098719,0.079383,0.126575,0.127023,0.086357,0.069072,0.077304,0.133486,0.046155,0.075048,0.126248,0.096765,0.145192,0.108496,0.399112,0.134142,0.091843,0.165572,0.080562,0.099134,0.113155,0.150169,0.084331,0.251977,0.107775,0.101999,0.106837,0.153078,0.150457,0.141451,0.083696,0.121082,0.597338,0.296706,0.128720,0.291535,0.087335,0.081443,0.077938,0.079116,0.102688,0.087106,0.136765,0.136176,0.112291,0.078887,0.087376,0.169616,0.086807,0.118408,0.117939,0.120250,0.035877,0.044019,0.030466,0.114928,0.083953,0.120398,0.091664,0.092675,0.246348,0.242935,0.120416,0.103478,0.035874,0.157541,0.282371,0.106186,0.153126,0.143370,0.247085,0.254865,0.419373,0.343096,0.127522,0.082084,0.128864,0.093665,0.157126,0.168707,0.122269,0.079994,0.174080,0.128213,0.116454,0.276832,0.240662,0.057744,0.140764,0.088623,0.065791,0.228133,0.117678,0.083658,0.413579,0.000000,0.113751,0.172651,0.074923,0.088758,0.122094,0.099128,0.066329,0.081991,0.115569,0.124130,0.097056,0.077663,0.076676,0.100471,0.129820,0.082175,0.154991,0.142589,0.151369,0.170524,0.105853,0.075475,0.131479,0.142036,0.157375,0.146241,0.124927,0.113173,0.181104,0.107420,0.082766,0.135212,0.053079,0.052461,0.118678,0.068958,0.125888,0.282860,0.091296,0.094986,0.095318,0.283593,0.155052,0.087955,0.100807,0.163597,0.047590,0.065913,0.125934,0.100523,0.152194,0.172197,0.126466,0.087135,0.150172,0.139300,0.220892,0.102655,0.129808,0.168238,0.079733,0.130529,0.090623,0.090593,0.118711,0.277120,0.147647,0.124174,0.112383,0.091466,0.114139,0.123564,0.140772,0.141450,0.130256,0.139660,0.192447,0.123676,0.182570,0.104335,0.094733,0.141829,0.165073,0.210552,0.046870,0.147543,0.162590,0.052753,0.051179,0.101991,0.051871,0.160891,0.132909,0.156701,0.054855,0.121771,0.118811
0.274277,0.064174,0.052385,0.059430,0.091948,0.105786,0.073248,0.164019,0.126899,0.076109,0.093726,0.162041,0.104275,0.043997,0.082720,0.129950,0.073866,0.117136,0.176487,0.169179,0.154551,0.059933,0.131777,0.117913,0.063062,0.063738,0.113135,0.066580,0.068129,0.398309,0.436234,0.060779,0.086926,0.088245,0.118002,0.073998,0.072277,0.080466,0.085914,0.078909,0.054153,0.066228,0.087281,0.048181,0.059290,0.087621,0.069899,0.101700,0.081314,0.097586,0.090354,0.103349,0.116177,0.065173,0.082788,0.435544,0.246811,0.068043,0.093923,0.092300,0.081219,0.090713,0.233286,0.244239,0.229754,0.066009,0.649821,0.127959,0.100051,0.121429,0.102289,0.076783,0.079786,0.065804,0.071536,0.076040,0.089359,0.280967,0.283553,0.166714,0.062552,0.062506,0.111034,0.076456,0.108355,0.078540,0.339712,0.049635,0.051767,0.031148,0.081939,0.064275,0.086832,0.098198,0.086889,0.079866,0.083159,0.078556,0.066568,0.052612,0.118722,0.088649,0.068127,0.076973,0.079651,0.096361,0.105445,0.100942,0.093076,0.083856,0.072285,0.173892,0.090889,0.220809,0.109628,0.075666,0.072621,0.102833,0.110986,0.094275,0.095529,0.085646,0.034349,0.124863,0.081066,0.029162,0.086092,0.063427,0.070161,0.118050,0.113751,0.000000,0.105303,0.071337,0.069711,0.410767,0.081707,0.061093,0.074345,0.334087,0.426431,0.089276,0.080802,0.054766,0.091195,0.080779,0.074058,0.133488,0.114401,0.122353,0.110781,0.153543,0.114454,0.093762,0.106635,0.113573,0.080714,0.092349,0.169137,0.159986,0.064029,0.074936,0.109002,0.039474,0.048721,0.152565,0.066828,0.172189,0.084627,0.080900,0.237975,0.240808,0.081681,0.126928,0.074695,0.074376,0.116466,0.052945,0.100298,0.122018,0.068076,0.106519,0.157648,0.103737,0.056365,0.077006,0.095837,0.172643,0.067045,0.124865,0.118895,0.081535,0.118629,0.059325,0.079572,0.116975,0.085383,0.119165,0.150428,0.089815,0.063941,0.063806,0.088414,0.108053,0.081746,0.124538,0.269463,0.113657,0.064773,0.084309,0.097488,0.071572,0.123161,0.122774,0.083095,0.060361,0.227872,0.140447,0.041901,0.049193,0.067146,0.051803,0.118354,0.288703,0.080169,0.039909,0.073147,0.061486
0.130863,0.084977,0.039566,0.050542,0.094556,0.126225,0.093923,0.175760,0.090571,0.098285,0.116899,0.128526,0.122647,0.053009,0.106900,0.106899,0.087145,0.089517,0.106054,0.097962,0.095323,0.106893,0.144792,0.112059,0.080625,0.080348,0.097286,0.082022,0.080908,0.108500,0.118786,0.060931,0.100294,0.107889,0.192120,0.092638,0.067745,0.101943,0.098592,0.086354,0.061209,0.064243,0.095099,0.048692,0.072234,0.109383,0.071566,0.118807,0.090512,0.149724,0.112367,0.095974,0.118644,0.066057,0.086134,0.118289,0.155849,0.068316,0.108204,0.085024,0.083607,0.083459,0.151098,0.150298,0.144076,0.079237,0.107803,0.192440,0.126395,0.104124,0.126452,0.081033,0.074682,0.076215,0.067449,0.094528,0.078647,0.143005,0.139066,0.110794,0.065105,0.064335,0.809286,0.071494,0.102668,0.124606,0.126678,0.040855,0.034448,0.033473,0.114975,0.075474,0.104767,0.115049,0.102005,0.122221,0.120990,0.088898,0.082410,0.043841,0.128900,0.109705,0.086082,0.122365,0.102797,0.140029,0.156635,0.173232,0.145114,0.104312,0.087300,0.129013,0.103597,0.146390,0.147947,0.105119,0.087651,0.334035,0.116671,0.112051,0.124785,0.124031,0.043108,0.118836,0.077360,0.046824,0.101591,0.086205,0.091846,0.164207,0.172651,0.105303,0.000000,0.080429,0.092276,0.113080,0.093995,0.066040,0.085868,0.129875,0.114500,0.094086,0.073590,0.080171,0.096713,0.130764,0.067085,0.120446,0.159945,0.168695,0.231741,0.109667,0.083863,0.088159,0.110091,0.119030,0.091390,0.114824,0.112666,0.128029,0.114286,0.083152,0.092035,0.049288,0.053855,0.099084,0.075305,0.135929,0.133570,0.090256,0.107993,0.100609,0.145112,0.125134,0.087302,0.087600,0.134590,0.047079,0.074043,0.100398,0.106214,0.136164,0.122474,0.107267,0.105255,0.102601,0.106032,0.178943,0.146099,0.101877,0.125283,0.067739,0.119167,0.075152,0.097849,0.121640,0.110617,0.114756,0.096341,0.084396,0.114306,0.071025,0.101309,0.105713,0.111525,0.121487,0.131196,0.200186,0.082804,0.127859,0.135782,0.091990,0.130872,0.217862,0.124015,0.052027,0.138982,0.137033,0.057259,0.050201,0.095794,0.059510,0.106545,0.148177,0.112255,0.046450,0.132309,0.083936
0.077063,0.039239,0.048452,0.052000,0.050674,0.059596,0.049801,0.082250,0.059856,0.053295,0.067462,0.061964,0.068253,0.039595,0.070169,0.063547,0.112464,0.040542,0.064444,0.065544,0.081529,0.050507,0.071608,0.060499,0.110812,0.118931,0.084493,0.116119,0.131274,0.080671,0.077472,0.124871,0.135935,0.124605,0.073987,0.132329,0.142055,0.129985,0.137068,0.143384,0.123910,0.121998,0.135511,0.089756,0.129482,0.123500,0.149032,0.061749,0.166364,0.076512,0.135518,0.082686,0.062231,0.131183,0.135056,0.076991,0.071499,0.130654,0.050087,0.160981,0.168814,0.168706,0.072169,0.071165,0.066168,0.110083,0.067771,0.083877,0.068731,0.059837,0.066570,0.149607,0.133279,0.117328,0.104856,0.061168,0.156560,0.069815,0.066415,0.059854,0.122774,0.124484,0.076069,0.141174,0.142704,0.070837,0.060322,0.044388,0.046697,0.038264,0.141780,0.109107,0.144490,0.131412,0.130420,0.059768,0.057707,0.049155,0.048670,0.048629,0.052588,0.057834,0.048332,0.048984,0.052252,0.064784,0.062710,0.082357,0.073785,0.132644,0.065239,0.072015,0.132652,0.079060,0.071650,0.052644,0.110706,0.079314,0.052138,0.092461,0.068726,0.055171,0.032369,0.056946,0.131572,0.031149,0.056017,0.049272,0.072135,0.080978,0.074923,0.071337,0.080429,0.000000,0.071738,0.076183,0.074963,0.114665,0.097109,0.066492,0.072737,0.136178,0.144264,0.078392,0.140026,0.048703,0.147027,0.064861,0.069916,0.070054,0.069819,0.073976,0.045640,0.047246,0.057317,0.056672,0.046802,0.130140,0.064861,0.077503,0.050600,0.098578,0.050391,0.036992,0.038313,0.077181,0.114598,0.072058,0.067823,0.135803,0.080390,0.069776,0.070430,0.061602,0.076073,0.139667,0.058369,0.060472,0.039462,0.057288,0.047593,0.067559,0.074707,0.051173,0.047645,0.046303,0.051227,0.093856,0.080408,0.059339,0.068159,0.065394,0.068425,0.042514,0.061164,0.059201,0.058871,0.067135,0.069926,0.049649,0.048353,0.045763,0.140608,0.047770,0.052185,0.073175,0.074952,0.085362,0.053473,0.048204,0.093586,0.071555,0.072556,0.075949,0.063433,0.053155,0.062369,0.072716,0.046817,0.037629,0.053231,0.101248,0.057709,0.078645,0.046074,0.035200,0.049105,0.048092
0.093316,0.052870,0.038109,0.048278,0.082167,0.083408,0.092627,0.082666,0.068010,0.083149,0.094359,0.083992,0.087277,0.048426,0.063141,0.108234,0.066797,0.056993,0.082990,0.097917,0.063931,0.094250,0.080264,0.082403,0.131933,0.084536,0.100982,0.094497,0.082865,0.083554,0.087306,0.072167,0.121276,0.127617,0.092818,0.098519,0.071087,0.128472,0.115214,0.078948,0.063500,0.063035,0.124673,0.055426,0.074938,0.120238,0.067803,0.077484,0.100313,0.092937,0.131996,0.095786,0.086917,0.067034,0.093516,0.078493,0.096656,0.069210,0.072393,0.089697,0.096340,0.091059,0.099116,0.096842,0.087691,0.064266,0.068718,0.095136,0.082645,0.097025,0.083243,0.085101,0.087695,0.083588,0.071002,0.065031,0.077490,0.092487,0.087295,0.075228,0.070905,0.072117,0.093969,0.068975,0.127565,0.083443,0.075215,0.036616,0.040678,0.031784,0.117915,0.120354,0.139826,0.101582,0.097532,0.076275,0.074103,0.066548,0.071234,0.039855,0.099350,0.089415,0.070705,0.065079,0.062823,0.076226,0.083202,0.088300,0.084739,0.127770,0.090990,0.084563,0.089343,0.090225,0.092757,0.095609,0.069360,0.080423,0.083315,0.083558,0.091162,0.071600,0.030581,0.087821,0.088011,0.030365,0.076952,0.066406,0.516194,0.090486,0.088758,0.069711,0.092276,0.071738,0.000000,0.069229,0.079506,0.071399,0.090711,0.072488,0.068876,0.095137,0.080746,0.138441,0.112701,0.101551,0.080597,0.087130,0.082300,0.085219,0.094844,0.065891,0.055201,0.109622,0.086340,0.090557,0.067487,0.122751,0.063778,0.091203,0.087396,0.091498,0.084680,0.037548,0.042691,0.068472,0.090358,0.094132,0.086242,0.076769,0.071878,0.071260,0.085234,0.098546,0.437128,0.083815,0.100039,0.052683,0.055060,0.105145,0.074515,0.080252,0.096266,0.069948,0.105644,0.079913,0.118741,0.081919,0.095868,0.111523,0.070688,0.051511,0.082970,0.053331,0.062257,0.073849,0.091720,0.075083,0.073707,0.099219,0.072475,0.070643,0.124369,0.084581,0.067470,0.079793,0.092348,0.121150,0.068313,0.058192,0.100764,0.162485,0.085411,0.108219,0.082425,0.043703,0.097035,0.087851,0.046313,0.045340,0.073674,0.070221,0.092802,0.083648,0.092632,0.042791,0.085034,0.070650
0.256541,0.060586,0.053652,0.061301,0.096120,0.107569,0.078215,0.165299,0.112275,0.085254,0.118205,0.180166,0.117642,0.043805,0.098523,0.117696,0.084607,0.115616,0.167994,0.161720,0.154411,0.060801,0.116385,0.132332,0.081222,0.087278,0.125971,0.079508,0.086924,0.361368,0.389175,0.063484,0.094682,0.101067,0.137065,0.100093,0.080157,0.092320,0.098416,0.085280,0.067587,0.061957,0.102846,0.050464,0.078401,0.088180,0.080665,0.096322,0.110592,0.104961,0.098769,0.105739,0.118809,0.079257,0.096473,0.384997,0.233204,0.078782,0.112966,0.102522,0.093491,0.101674,0.222158,0.232475,0.219828,0.081291,0.409069,0.140032,0.103477,0.114975,0.108533,0.078857,0.078328,0.065933,0.081202,0.070992,0.086944,0.263678,0.267300,0.159814,0.068931,0.077952,0.112780,0.091705,0.101131,0.095206,0.280603,0.055847,0.053609,0.030502,0.103513,0.074647,0.108530,0.096347,0.098002,0.103374,0.112307,0.070839,0.082659,0.049573,0.138290,0.090687,0.082451,0.091573,0.076917,0.098381,0.106703,0.107428,0.109401,0.101598,0.081062,0.180979,0.095683,0.237640,0.105251,0.080595,0.074485,0.102815,0.120901,0.113250,0.117361,0.106408,0.036395,0.131701,0.072503,0.050586,0.101137,0.081237,0.070602,0.120066,0.122094,0.410767,0.113080,0.076183,0.069229,0.000000,0.090480,0.066678,0.080337,0.280379,0.649121,0.095044,0.102122,0.069034,0.084643,0.080998,0.083837,0.131824,0.117246,0.127158,0.115628,0.157167,0.114520,0.088129,0.104345,0.111668,0.081388,0.104776,0.175531,0.152640,0.066619,0.084833,0.103912,0.037523,0.039805,0.152145,0.078513,0.182919,0.112737,0.102543,0.221236,0.225158,0.119354,0.121983,0.078457,0.090430,0.137729,0.051559,0.102948,0.121510,0.071688,0.097195,0.147597,0.111072,0.058079,0.073293,0.111658,0.165389,0.075539,0.111453,0.126146,0.077828,0.124175,0.064268,0.075108,0.118287,0.090624,0.125327,0.154728,0.087162,0.072876,0.062097,0.094963,0.101758,0.086360,0.120283,0.244556,0.120496,0.080344,0.082394,0.090884,0.071060,0.130390,0.129594,0.098487,0.052987,0.219496,0.144118,0.043007,0.038828,0.070379,0.059619,0.112172,0.272794,0.083709,0.039992,0.087844,0.077842
0.106882,0.065019,0.045786,0.042752,0.060052,0.088201,0.076574,0.116277,0.084751,0.068742,0.095712,0.092567,0.080050,0.035713,0.087233,0.085323,0.076834,0.050511,0.072209,0.072704,0.069291,0.069785,0.105535,0.093795,0.088381,0.076522,0.107034,0.081760,0.093978,0.079863,0.076118,0.063950,0.121889,0.121162,0.108914,0.077824,0.078754,0.114251,0.118470,0.076737,0.069176,0.071397,0.110110,0.052331,0.067283,0.112458,0.069799,0.073324,0.096734,0.103731,0.117027,0.102362,0.105153,0.072313,0.083632,0.085037,0.085044,0.067160,0.079244,0.099644,0.098209,0.095553,0.094274,0.081358,0.098116,0.069963,0.078219,0.110695,0.104918,0.078850,0.102459,0.097099,0.090937,0.079492,0.071184,0.077491,0.089510,0.091198,0.092832,0.076737,0.066137,0.066135,0.094926,0.079543,0.145325,0.088845,0.082332,0.042954,0.041566,0.033075,0.112846,0.080868,0.122980,0.085116,0.081640,0.096980,0.094914,0.068889,0.056213,0.039398,0.083114,0.091558,0.061359,0.079738,0.062277,0.080170,0.083043,0.106660,0.117372,0.111276,0.070270,0.072420,0.106888,0.097096,0.094892,0.072705,0.069255,0.105230,0.064608,0.108087,0.098803,0.093155,0.048436,0.080669,0.102860,0.038003,0.080723,0.062966,0.080144,0.109715,0.099128,0.081707,0.093995,0.074963,0.079506,0.090480,0.000000,0.073356,0.088679,0.080870,0.087356,0.098323,0.085169,0.067057,0.104943,0.077869,0.086339,0.087210,0.089274,0.093640,0.114210,0.065864,0.048758,0.076709,0.085115,0.090418,0.062326,0.118075,0.072491,0.095994,0.069950,0.079511,0.071888,0.054557,0.045296,0.071915,0.075929,0.078228,0.094873,0.094914,0.066975,0.073726,0.091968,0.077626,0.087362,0.095698,0.086512,0.052055,0.047212,0.080012,0.074109,0.080223,0.097282,0.079158,0.068974,0.077631,0.067490,0.121622,0.095304,0.073351,0.090314,0.054366,0.094380,0.051758,0.062867,0.091398,0.093626,0.077918,0.069079,0.060051,0.062471,0.063875,0.112778,0.073498,0.073415,0.083599,0.103861,0.104241,0.054413,0.078898,0.111763,0.091637,0.088318,0.127853,0.079857,0.045006,0.093060,0.082364,0.046249,0.043676,0.071106,0.068574,0.092999,0.097791,0.069962,0.031442,0.081643,0.058849
0.054141,0.041840,0.055753,0.042026,0.045677,0.054640,0.048752,0.065398,0.063791,0.048152,0.073440,0.054322,0.048803,0.039084,0.055490,0.048541,0.098739,0.032509,0.050185,0.057646,0.070453,0.042280,0.063348,0.059184,0.092093,0.112336,0.082693,0.114694,0.121480,0.067563,0.058862,0.108754,0.122371,0.113676,0.075814,0.109985,0.108303,0.117459,0.124858,0.115914,0.105988,0.300630,0.120706,0.084251,0.099014,0.121575,0.101232,0.055713,0.117764,0.071785,0.119360,0.080791,0.055859,0.090661,0.100472,0.061950,0.060588,0.091205,0.054765,0.122080,0.116663,0.131032,0.064329,0.057343,0.059747,0.093127,0.056416,0.078641,0.059955,0.056739,0.063356,0.111327,0.104237,0.123605,0.103938,0.052445,0.138069,0.059557,0.065798,0.055355,0.096557,0.095019,0.064755,0.103792,0.129142,0.053875,0.053928,0.044675,0.049601,0.041508,0.131056,0.092287,0.120110,0.111997,0.112775,0.054225,0.052774,0.051421,0.049457,0.044467,0.044444,0.057380,0.047794,0.049614,0.050999,0.059262,0.064734,0.070774,0.059356,0.119536,0.056918,0.063757,0.103800,0.069141,0.054122,0.049046,0.103957,0.064242,0.057852,0.096718,0.070717,0.055826,0.032722,0.055185,0.107352,0.032718,0.054561,0.047460,0.073275,0.066294,0.066329,0.061093,0.066040,0.114665,0.071399,0.066678,0.073356,0.000000,0.099203,0.049576,0.060055,0.105642,0.140361,0.080503,0.107096,0.050546,0.127327,0.052266,0.066052,0.071538,0.058940,0.055949,0.032297,0.043323,0.048769,0.047720,0.042282,0.119097,0.058576,0.057215,0.048146,0.113892,0.045685,0.036575,0.042054,0.070933,0.107462,0.062126,0.070051,0.118639,0.076031,0.066351,0.063817,0.047875,0.072889,0.118068,0.053119,0.054888,0.044337,0.061447,0.041986,0.057096,0.057180,0.057018,0.041616,0.047226,0.053876,0.068785,0.062906,0.058754,0.069479,0.069401,0.062840,0.037896,0.058208,0.043126,0.058711,0.065050,0.077468,0.048618,0.038528,0.050021,0.120524,0.052880,0.050801,0.048289,0.057877,0.076743,0.050512,0.041590,0.080099,0.064404,0.071693,0.077621,0.066839,0.047381,0.063042,0.051192,0.040219,0.040866,0.042315,0.111672,0.047325,0.061373,0.049870,0.032910,0.044710,0.043512
0.078169,0.055132,0.044026,0.049753,0.070895,0.081499,0.082509,0.095877,0.092455,0.081820,0.068169,0.081509,0.092668,0.048436,0.065305,0.093965,0.100815,0.050104,0.073529,0.072275,0.067560,0.065666,0.065963,0.086541,0.140474,0.121235,0.094559,0.127558,0.130757,0.071873,0.073160,0.109434,0.154665,0.149955,0.095290,0.146672,0.120608,0.147757,0.154611,0.119089,0.114601,0.095510,0.162276,0.084514,0.106101,0.147808,0.105394,0.067307,0.136163,0.079131,0.151456,0.099488,0.070674,0.111309,0.157549,0.072420,0.077753,0.107823,0.071874,0.141055,0.139853,0.137003,0.084697,0.074825,0.085293,0.103674,0.070874,0.094823,0.067658,0.083447,0.069413,0.131843,0.130890,0.117879,0.098302,0.058928,0.138785,0.074490,0.076475,0.075097,0.112898,0.102253,0.087297,0.117560,0.158576,0.073884,0.068474,0.048452,0.049057,0.038178,0.156516,0.130493,0.155400,0.162177,0.155065,0.080010,0.076043,0.066156,0.085067,0.047131,0.076353,0.072070,0.079106,0.059881,0.058948,0.067773,0.073942,0.076259,0.071224,0.154202,0.078436,0.088465,0.140408,0.082820,0.090362,0.087211,0.099465,0.094823,0.086101,0.095254,0.068774,0.077476,0.035753,0.081982,0.135175,0.033452,0.069590,0.062790,0.098789,0.085605,0.081991,0.074345,0.085868,0.097109,0.090711,0.080337,0.088679,0.099203,0.000000,0.070383,0.075800,0.126465,0.133986,0.129605,0.136838,0.082795,0.122915,0.091237,0.080182,0.083422,0.100679,0.074593,0.049003,0.084257,0.075031,0.072509,0.064766,0.149793,0.078000,0.074772,0.068326,0.426679,0.081066,0.037979,0.041121,0.068937,0.124804,0.082835,0.076041,0.122606,0.069647,0.069857,0.073201,0.078904,0.102571,0.132961,0.071768,0.050097,0.049952,0.084667,0.069479,0.066779,0.066411,0.065860,0.066584,0.074152,0.085074,0.092841,0.062284,0.084594,0.080442,0.056481,0.084936,0.046474,0.074096,0.062796,0.074582,0.083167,0.071959,0.080570,0.070131,0.055411,0.150660,0.075295,0.064857,0.062075,0.078942,0.103213,0.060192,0.069622,0.075477,0.092474,0.083884,0.108053,0.066455,0.050570,0.085718,0.073672,0.047233,0.041157,0.071757,0.097369,0.070236,0.074839,0.084852,0.038011,0.067810,0.061012
0.298702,0.069104,0.046669,0.051035,0.100039,0.114189,0.086696,0.152860,0.109414,0.084271,0.106681,0.170527,0.120701,0.054503,0.098610,0.124122,0.067591,0.125372,0.199166,0.192905,0.122000,0.070238,0.123663,0.128674,0.072809,0.070610,0.097938,0.071292,0.068844,0.303040,0.333055,0.058840,0.087495,0.097314,0.122686,0.083634,0.059476,0.087744,0.088437,0.070984,0.055668,0.061024,0.094918,0.048657,0.062615,0.087511,0.066125,0.112164,0.075869,0.099108,0.083396,0.110601,0.137972,0.064308,0.075442,0.327263,0.243934,0.066033,0.117681,0.081140,0.075680,0.077256,0.235850,0.251353,0.239664,0.063310,0.327973,0.118579,0.102977,0.121409,0.100207,0.078468,0.063542,0.067001,0.068780,0.068864,0.076731,0.298867,0.311903,0.180255,0.062726,0.059617,0.128745,0.069865,0.106129,0.089491,0.728011,0.048918,0.050032,0.026579,0.101320,0.071107,0.089022,0.098773,0.087082,0.093396,0.091947,0.073866,0.063506,0.050648,0.125281,0.089830,0.070895,0.096022,0.099317,0.100536,0.107762,0.127435,0.106241,0.084111,0.076763,0.190570,0.089835,0.252082,0.110239,0.096121,0.069068,0.121729,0.127147,0.098119,0.111213,0.092229,0.057679,0.127595,0.065326,0.051560,0.117322,0.073488,0.071242,0.115960,0.115569,0.334087,0.129875,0.066492,0.072488,0.280379,0.080870,0.049576,0.070383,0.000000,0.295340,0.092709,0.077275,0.059941,0.101637,0.081664,0.070679,0.131180,0.120844,0.127831,0.114147,0.163435,0.122063,0.091000,0.103399,0.108418,0.084741,0.090180,0.192250,0.158008,0.073415,0.069661,0.117229,0.042608,0.055313,0.112359,0.069411,0.197267,0.104638,0.070665,0.209090,0.214704,0.108282,0.129931,0.078477,0.070500,0.129191,0.048213,0.108276,0.120880,0.075678,0.097658,0.145482,0.096810,0.067664,0.082689,0.110239,0.159936,0.081300,0.119250,0.135386,0.075836,0.121452,0.055609,0.079798,0.123227,0.083565,0.146012,0.120851,0.107206,0.072142,0.062694,0.092345,0.102444,0.098104,0.133113,0.303324,0.131369,0.070875,0.083626,0.106804,0.061049,0.102365,0.127849,0.083907,0.057891,0.244275,0.138704,0.055190,0.050214,0.072125,0.049751,0.109462,0.297495,0.088992,0.050470,0.086482,0.071216
0.259228,0.070114,0.044926,0.047356,0.099187,0.105936,0.080164,0.147816,0.109733,0.077464,0.122835,0.164158,0.118514,0.037361,0.102572,0.115037,0.075467,0.104044,0.170282,0.167136,0.150792,0.057538,0.112319,0.120116,0.075493,0.077864,0.123772,0.074847,0.081826,0.370203,0.400240,0.067906,0.088971,0.107307,0.138083,0.092448,0.083063,0.097295,0.097524,0.081923,0.064491,0.059199,0.099455,0.051128,0.070437,0.095723,0.085857,0.100180,0.097599,0.094798,0.098589,0.115264,0.121452,0.082905,0.099945,0.391421,0.246782,0.074030,0.105357,0.092568,0.093574,0.090667,0.234301,0.244369,0.225201,0.075982,0.422938,0.145128,0.091421,0.113831,0.100621,0.078469,0.089436,0.068194,0.071553,0.070427,0.081110,0.266020,0.271568,0.175150,0.069897,0.082294,0.113068,0.085399,0.113270,0.089263,0.297146,0.052352,0.053721,0.027992,0.111427,0.071067,0.115992,0.087679,0.089030,0.101274,0.107850,0.075957,0.083840,0.044972,0.128762,0.087180,0.086413,0.105344,0.097140,0.107674,0.118131,0.114010,0.097969,0.097029,0.068178,0.183151,0.101766,0.224550,0.092416,0.087698,0.071144,0.102300,0.107713,0.101942,0.124786,0.106214,0.036152,0.127451,0.078926,0.044137,0.097904,0.086675,0.067489,0.114702,0.124130,0.426431,0.114500,0.072737,0.068876,0.649121,0.087356,0.060055,0.075800,0.295340,0.000000,0.095966,0.085896,0.067780,0.091716,0.073927,0.086502,0.122492,0.113123,0.121436,0.101906,0.159853,0.105053,0.089384,0.104653,0.114452,0.089374,0.102162,0.186142,0.160004,0.063011,0.084141,0.109326,0.039570,0.046286,0.158362,0.070101,0.184519,0.099273,0.090491,0.223758,0.212152,0.107359,0.130883,0.081513,0.082044,0.132790,0.049262,0.096920,0.112114,0.058584,0.109898,0.162258,0.105817,0.056281,0.081708,0.112003,0.163648,0.069775,0.109530,0.133748,0.075104,0.120348,0.060940,0.081366,0.121515,0.090970,0.127080,0.148764,0.092253,0.070390,0.068506,0.094413,0.095648,0.092867,0.129059,0.256900,0.112783,0.086281,0.092826,0.091334,0.069895,0.116395,0.119496,0.086702,0.052924,0.220807,0.141390,0.040815,0.037093,0.070038,0.056365,0.120259,0.274539,0.090034,0.032601,0.070719,0.087321
0.097171,0.057746,0.050105,0.047263,0.057871,0.069718,0.066668,0.116662,0.073448,0.062275,0.084952,0.083818,0.088668,0.043451,0.083174,0.086723,0.118553,0.048369,0.085355,0.087018,0.095240,0.048781,0.102078,0.092571,0.210999,0.121702,0.130329,0.113798,0.152359,0.097730,0.100210,0.122324,0.303150,0.290002,0.115757,0.193931,0.137181,0.282748,0.298283,0.130922,0.126613,0.114666,0.301042,0.097030,0.130003,0.276465,0.133902,0.101864,0.155476,0.083985,0.287329,0.117259,0.077308,0.128792,0.195733,0.095975,0.101314,0.116964,0.077768,0.157459,0.152099,0.155825,0.097708,0.103210,0.083508,0.114102,0.092163,0.104783,0.093828,0.081890,0.094713,0.158600,0.143381,0.143688,0.107758,0.075794,0.137583,0.101541,0.108241,0.084272,0.114339,0.115639,0.095118,0.138324,0.272554,0.079645,0.093785,0.047704,0.046305,0.030982,0.226146,0.199498,0.300188,0.186929,0.181304,0.081432,0.078318,0.065345,0.062925,0.050484,0.080240,0.064726,0.062483,0.088311,0.082296,0.069458,0.077829,0.087337,0.091503,0.298176,0.073699,0.086145,0.509783,0.102774,0.096190,0.065510,0.110368,0.117164,0.066466,0.113668,0.093591,0.077287,0.053423,0.085613,0.148385,0.038411,0.060509,0.068939,0.092056,0.093336,0.097056,0.089276,0.094086,0.136178,0.095137,0.095044,0.098323,0.105642,0.126465,0.092709,0.095966,0.000000,0.141111,0.120359,0.521905,0.058156,0.145299,0.081522,0.112810,0.110250,0.088808,0.092317,0.046310,0.053137,0.061711,0.065543,0.062297,0.246116,0.091347,0.082655,0.063285,0.133916,0.067876,0.045265,0.049208,0.086201,0.118493,0.086401,0.089985,0.161366,0.089750,0.084774,0.092191,0.075518,0.106419,0.158404,0.083082,0.053468,0.038817,0.077006,0.064345,0.084916,0.085291,0.067340,0.058642,0.062657,0.071790,0.115801,0.099626,0.081511,0.095634,0.058283,0.085364,0.058659,0.067649,0.062199,0.064813,0.100506,0.092610,0.069458,0.058786,0.058506,0.258244,0.059566,0.093785,0.067696,0.088975,0.100221,0.075122,0.060770,0.109040,0.096927,0.085744,0.115223,0.078334,0.059093,0.079689,0.092057,0.056372,0.063520,0.060509,0.116340,0.068408,0.107354,0.061533,0.038408,0.058456,0.069530
0.079696,0.048695,0.049189,0.051490,0.055842,0.072365,0.064730,0.092603,0.074411,0.061891,0.077463,0.086520,0.078956,0.043499,0.064995,0.069897,0.093382,0.041306,0.067976,0.072380,0.074506,0.046393,0.082970,0.080323,0.131034,0.123089,0.090712,0.125814,0.155938,0.084832,0.089531,0.136347,0.151062,0.139067,0.078875,0.140336,0.159018,0.146632,0.148825,0.144142,0.144866,0.132328,0.152007,0.108749,0.145421,0.141558,0.124313,0.069100,0.170756,0.086232,0.150736,0.107255,0.083003,0.137431,0.138795,0.084095,0.089874,0.127399,0.066450,0.172401,0.183159,0.175887,0.092863,0.086323,0.083979,0.094368,0.077816,0.090646,0.074910,0.065258,0.075019,0.145101,0.134832,0.152318,0.096243,0.072953,0.402140,0.097444,0.099364,0.083800,0.129238,0.129010,0.073036,0.134193,0.150225,0.075019,0.079613,0.050711,0.044512,0.032880,0.155116,0.124110,0.163663,0.153183,0.141453,0.066388,0.065990,0.060103,0.067153,0.050564,0.072544,0.085953,0.068445,0.053857,0.058108,0.069184,0.070792,0.084156,0.079169,0.144576,0.076773,0.073681,0.138603,0.076537,0.062551,0.063587,0.109335,0.076453,0.073166,0.110860,0.080578,0.070009,0.035421,0.082472,0.149552,0.031696,0.076957,0.063015,0.076751,0.095972,0.077663,0.080802,0.073590,0.144264,0.080746,0.102122,0.085169,0.140361,0.133986,0.077275,0.085896,0.141111,0.000000,0.111653,0.142256,0.061519,0.362881,0.078256,0.084082,0.088515,0.085808,0.069231,0.040834,0.049409,0.056407,0.056893,0.048721,0.149448,0.078809,0.080041,0.053270,0.121670,0.062623,0.040619,0.035983,0.080653,0.120421,0.073165,0.075650,0.144987,0.094335,0.081878,0.074777,0.057855,0.084792,0.159296,0.066143,0.049004,0.042203,0.065566,0.048821,0.075993,0.076646,0.057654,0.049191,0.055147,0.060210,0.092591,0.085774,0.065357,0.086413,0.079260,0.089252,0.040901,0.058284,0.056576,0.077974,0.085617,0.091525,0.064496,0.051182,0.047981,0.153525,0.074758,0.057361,0.059444,0.083080,0.090289,0.060364,0.055726,0.076899,0.077715,0.075481,0.095963,0.064341,0.050707,0.085230,0.077527,0.053302,0.047011,0.056934,0.119529,0.057895,0.095888,0.058172,0.040932,0.051437,0.057203
0.076937,0.047739,0.036610,0.042696,0.077595,0.083274,0.065194,0.080496,0.059431,0.061238,0.065719,0.073046,0.071484,0.042907,0.054411,0.104443,0.098345,0.039045,0.062452,0.078500,0.053091,0.073518,0.065662,0.061435,0.150342,0.116882,0.081581,0.121961,0.101465,0.069125,0.061705,0.081168,0.145378,0.141567,0.088116,0.102790,0.085939,0.137208,0.146578,0.094752,0.078788,0.076383,0.152713,0.065465,0.079276,0.137683,0.083603,0.061317,0.104315,0.073414,0.141648,0.076860,0.063908,0.084838,0.110346,0.064080,0.074744,0.079694,0.053746,0.102830,0.107163,0.107143,0.076510,0.074163,0.076066,0.089132,0.057825,0.094507,0.078804,0.087560,0.085068,0.106863,0.099047,0.107725,0.089267,0.055887,0.109549,0.073110,0.074955,0.059793,0.078262,0.079314,0.075153,0.079698,0.141622,0.065095,0.062021,0.039765,0.041663,0.034948,0.133790,0.136744,0.157713,0.127014,0.134945,0.071537,0.065743,0.058276,0.078833,0.041645,0.058496,0.070425,0.085713,0.056657,0.054165,0.068874,0.069147,0.077393,0.074587,0.148151,0.082827,0.067160,0.117908,0.081049,0.073779,0.088426,0.094287,0.087001,0.062849,0.074791,0.072110,0.075831,0.035472,0.075661,0.099199,0.045874,0.058446,0.075052,0.125228,0.078751,0.076676,0.054766,0.080171,0.078392,0.138441,0.069034,0.067057,0.080503,0.129605,0.059941,0.067780,0.120359,0.111653,0.000000,0.115897,0.079150,0.105629,0.073446,0.062118,0.066536,0.083760,0.059093,0.036149,0.092781,0.072209,0.073376,0.059019,0.154759,0.065093,0.081203,0.070046,0.122829,0.075501,0.030804,0.044254,0.052475,0.115892,0.074622,0.067987,0.105224,0.063621,0.056978,0.073992,0.077126,0.141862,0.102327,0.067018,0.040785,0.038489,0.089352,0.062155,0.065046,0.085199,0.067137,0.085967,0.071066,0.109514,0.074498,0.070960,0.107605,0.077517,0.048273,0.086596,0.052317,0.053051,0.060167,0.074594,0.079511,0.054501,0.105632,0.066596,0.067750,0.145151,0.079026,0.055911,0.062375,0.078014,0.085753,0.072398,0.058032,0.081507,0.123106,0.066186,0.080768,0.073764,0.044533,0.089125,0.075104,0.042980,0.050827,0.057100,0.078827,0.065642,0.070686,0.087185,0.043411,0.078289,0.074693
0.091157,0.053765,0.048227,0.044692,0.066196,0.070338,0.068316,0.115299,0.092820,0.066085,0.089060,0.072877,0.090861,0.044236,0.070450,0.084498,0.114305,0.047624,0.079158,0.083213,0.082246,0.057592,0.104280,0.110010,0.200776,0.124990,0.120744,0.121943,0.160318,0.091434,0.093959,0.119480,0.300224,0.283143,0.116897,0.197271,0.125948,0.283474,0.302216,0.127492,0.125025,0.121104,0.290188,0.101113,0.123038,0.281444,0.125478,0.108461,0.149699,0.109735,0.281344,0.108022,0.080661,0.124729,0.200782,0.092332,0.085119,0.113923,0.063726,0.147476,0.144545,0.145351,0.091107,0.084012,0.079649,0.106160,0.086987,0.111850,0.091728,0.077589,0.091443,0.162776,0.150160,0.139069,0.094167,0.063816,0.145306,0.090868,0.095721,0.078011,0.117908,0.113910,0.097920,0.131103,0.268424,0.081467,0.089917,0.044648,0.049338,0.032153,0.238912,0.192661,0.285898,0.188789,0.182921,0.072806,0.071144,0.077109,0.074932,0.049583,0.081029,0.071718,0.074744,0.075949,0.073840,0.073308,0.079443,0.100801,0.089909,0.296976,0.078274,0.084578,0.455416,0.098510,0.091569,0.075096,0.107137,0.104303,0.067126,0.112791,0.087506,0.078358,0.049982,0.086604,0.153418,0.042576,0.067910,0.063954,0.111602,0.100081,0.100471,0.091195,0.096713,0.140026,0.112701,0.084643,0.104943,0.107096,0.136838,0.101637,0.091716,0.521905,0.142256,0.115897,0.000000,0.055167,0.143299,0.091809,0.115652,0.122582,0.092762,0.086762,0.044502,0.059109,0.064590,0.069912,0.065432,0.249019,0.080178,0.095415,0.060688,0.141171,0.068619,0.039480,0.049366,0.082207,0.123862,0.089115,0.093134,0.163790,0.100867,0.091385,0.084890,0.083723,0.117799,0.169021,0.082122,0.056425,0.041274,0.075189,0.071991,0.102465,0.086618,0.068839,0.056717,0.058385,0.077574,0.106247,0.102580,0.075659,0.098152,0.056733,0.086275,0.053940,0.067086,0.065763,0.068484,0.096049,0.078427,0.076039,0.055839,0.041093,0.270995,0.069968,0.084223,0.072067,0.083579,0.115058,0.063604,0.061328,0.121958,0.099165,0.093226,0.113697,0.069422,0.054364,0.079240,0.086681,0.050994,0.054244,0.067868,0.108727,0.070750,0.100617,0.068289,0.043522,0.058980,0.063988
0.100106,0.064424,0.051355,0.054741,0.090297,0.104930,0.088435,0.106268,0.079153,0.082356,0.101541,0.088495,0.104327,0.040060,0.076196,0.112175,0.051079,0.067303,0.091585,0.095976,0.062044,0.160900,0.140151,0.092399,0.081162,0.052786,0.091435,0.060180,0.047566,0.087299,0.082169,0.049767,0.064421,0.069714,0.120761,0.062295,0.052834,0.068963,0.070848,0.050263,0.047741,0.043808,0.069635,0.038309,0.061181,0.065937,0.049281,0.078876,0.069799,0.106709,0.068421,0.082079,0.110210,0.053646,0.058372,0.090028,0.101950,0.048014,0.084294,0.072166,0.070788,0.071047,0.104763,0.102423,0.119464,0.056632,0.084565,0.126899,0.109542,0.098771,0.108466,0.045581,0.049663,0.063746,0.053730,0.068820,0.059409,0.107953,0.104198,0.083184,0.048983,0.054289,0.126412,0.045724,0.070099,0.107493,0.083983,0.041752,0.046967,0.033860,0.065094,0.073281,0.079667,0.062424,0.056561,0.094487,0.099977,0.072328,0.080443,0.047890,0.093435,0.106432,0.084671,0.074164,0.065180,0.082100,0.083933,0.107167,0.103578,0.060394,0.070514,0.094591,0.063356,0.109060,0.128761,0.103171,0.053796,0.132983,0.113366,0.076276,0.102540,0.095407,0.043939,0.102736,0.047204,0.037914,0.092288,0.065737,0.090184,0.108487,0.129820,0.080779,0.130764,0.048703,0.101551,0.080998,0.077869,0.050546,0.082795,0.081664,0.073927,0.058156,0.061519,0.079150,0.055167,0.000000,0.055777,0.101055,0.165047,0.164251,0.211974,0.070629,0.062086,0.115330,0.108066,0.104328,0.066889,0.084658,0.074990,0.122698,0.084941,0.073932,0.102872,0.045322,0.039870,0.070697,0.058446,0.098289,0.096403,0.051517,0.064509,0.066363,0.101198,0.093190,0.107648,0.055121,0.096517,0.046154,0.059851,0.107363,0.141597,0.093292,0.120674,0.103986,0.157923,0.091736,0.105352,0.108578,0.093320,0.114672,0.083377,0.049661,0.122258,0.062394,0.085894,0.083221,0.109865,0.093677,0.069472,0.093868,0.147604,0.076930,0.064232,0.120579,0.075260,0.093314,0.097236,0.125535,0.066604,0.077063,0.076756,0.085945,0.086682,0.236318,0.074416,0.057617,0.133615,0.103878,0.060075,0.063423,0.081655,0.058156,0.101609,0.101288,0.077114,0.047660,0.527381,0.064772
0.075640,0.043897,0.050173,0.045731,0.053689,0.067818,0.061872,0.076960,0.074859,0.067122,0.072141,0.075660,0.067239,0.041347,0.066413,0.059446,0.102729,0.042540,0.074948,0.071523,0.074986,0.046386,0.077031,0.072062,0.135348,0.119270,0.090479,0.117508,0.141027,0.078281,0.084564,0.133803,0.151859,0.143321,0.091127,0.134137,0.152882,0.137460,0.150824,0.154277,0.136309,0.137239,0.149299,0.105802,0.140935,0.131503,0.126921,0.062680,0.168283,0.082505,0.143075,0.096488,0.069107,0.126724,0.144836,0.083061,0.077226,0.127008,0.055503,0.165842,0.163403,0.166191,0.079832,0.078512,0.067307,0.113006,0.073166,0.092884,0.071931,0.063336,0.074780,0.140626,0.133088,0.141635,0.101121,0.056921,0.375559,0.073305,0.076095,0.067697,0.125513,0.127458,0.066579,0.124199,0.159572,0.071089,0.070915,0.050276,0.051768,0.038419,0.151092,0.134813,0.152639,0.140447,0.143109,0.070878,0.070997,0.054808,0.065687,0.055588,0.071062,0.066052,0.064017,0.049507,0.051265,0.068765,0.068677,0.088626,0.076846,0.143793,0.072625,0.068378,0.149584,0.065722,0.074719,0.070899,0.099459,0.070080,0.068389,0.101298,0.077953,0.074987,0.040988,0.074975,0.135430,0.034365,0.061057,0.068306,0.074296,0.081773,0.082175,0.074058,0.067085,0.147027,0.080597,0.083837,0.086339,0.127327,0.122915,0.070679,0.086502,0.145299,0.362881,0.105629,0.143299,0.055777,0.000000,0.072390,0.075635,0.077672,0.076633,0.076029,0.036274,0.048785,0.055912,0.059549,0.045291,0.135264,0.069140,0.071318,0.051885,0.120550,0.051668,0.044299,0.048473,0.076897,0.113440,0.066225,0.074764,0.130714,0.079447,0.078964,0.074700,0.051913,0.084329,0.142211,0.065257,0.049995,0.039601,0.063002,0.053024,0.069381,0.068468,0.064390,0.049776,0.062413,0.051701,0.069342,0.077969,0.061263,0.068511,0.059186,0.076034,0.048297,0.066918,0.054544,0.064214,0.079291,0.075587,0.058294,0.055807,0.050065,0.147509,0.069394,0.053260,0.061926,0.075497,0.084641,0.065950,0.057011,0.085536,0.075034,0.070187,0.087702,0.067254,0.048115,0.070874,0.076738,0.042845,0.048292,0.061003,0.115639,0.059770,0.078598,0.050647,0.038339,0.052287,0.064340
0.157071,0.072575,0.044972,0.043029,0.126660,0.186094,0.119061,0.172540,0.145106,0.110427,0.131081,0.144034,0.184682,0.045040,0.101777,0.234400,0.063113,0.096360,0.133164,0.136194,0.114200,0.091085,0.110783,0.166395,0.088606,0.074327,0.095447,0.064439,0.073207,0.122470,0.125017,0.055661,0.103345,0.106177,0.163059,0.079477,0.068028,0.101164,0.103431,0.077747,0.053994,0.054930,0.104690,0.044501,0.071836,0.109536,0.065316,0.136017,0.082698,0.144655,0.104714,0.086083,0.196037,0.071193,0.077982,0.137500,0.207724,0.064081,0.116831,0.079887,0.075806,0.078113,0.204262,0.197000,0.138949,0.069046,0.139169,0.166602,0.130481,0.232598,0.127779,0.077101,0.079863,0.062196,0.062182,0.075131,0.074815,0.169813,0.172388,0.113887,0.065226,0.070309,0.123013,0.063696,0.097759,0.114437,0.127260,0.042611,0.047446,0.029469,0.095903,0.079998,0.101311,0.090229,0.073921,0.125560,0.142717,0.094543,0.098695,0.047126,0.162758,0.117534,0.105236,0.107971,0.094497,0.104386,0.111577,0.134381,0.141638,0.100496,0.066517,0.143691,0.096072,0.187862,0.170649,0.099663,0.070240,0.107743,0.149401,0.099154,0.131944,0.119973,0.048958,0.761176,0.077067,0.045597,0.112201,0.093965,0.091313,0.133492,0.154991,0.133488,0.120446,0.064861,0.087130,0.131824,0.087210,0.052266,0.091237,0.131180,0.122492,0.081522,0.078256,0.073446,0.091809,0.101055,0.072390,0.000000,0.122585,0.129380,0.133719,0.113937,0.100956,0.156624,0.165691,0.174737,0.080192,0.113580,0.123042,0.207705,0.097847,0.084993,0.235442,0.054353,0.044232,0.117556,0.072195,0.143940,0.132929,0.074103,0.102182,0.106163,0.143860,0.193515,0.098963,0.073717,0.169832,0.056334,0.078531,0.225415,0.093535,0.162661,0.215654,0.160327,0.084412,0.099277,0.229749,0.174360,0.079660,0.215734,0.205805,0.085264,0.154214,0.072993,0.083794,0.130223,0.119357,0.207119,0.118707,0.219934,0.086311,0.074595,0.105116,0.131100,0.105646,0.136609,0.148710,0.127164,0.095068,0.097271,0.106314,0.109441,0.170131,0.146088,0.106978,0.054908,0.154652,0.164596,0.048401,0.046608,0.103672,0.052407,0.176994,0.168084,0.085099,0.046750,0.093932,0.099783
0.151478,0.073886,0.050204,0.048428,0.086370,0.105735,0.094287,0.164422,0.135713,0.092177,0.138928,0.126225,0.129280,0.055834,0.128158,0.109114,0.083380,0.073126,0.090687,0.098639,0.111970,0.121811,0.330209,0.143872,0.073757,0.078364,0.131033,0.069427,0.083631,0.118947,0.108542,0.070069,0.115665,0.107171,0.159760,0.090725,0.083915,0.103008,0.128446,0.077960,0.077519,0.070569,0.116809,0.056378,0.079762,0.093950,0.082831,0.114351,0.103419,0.136307,0.104694,0.120482,0.170624,0.072089,0.091380,0.119551,0.154961,0.066573,0.117198,0.110793,0.092986,0.104505,0.164082,0.148876,0.136639,0.075022,0.109186,0.164743,0.129763,0.124937,0.123866,0.083026,0.077107,0.075264,0.076717,0.115997,0.085602,0.152305,0.151866,0.112636,0.063389,0.069250,0.159225,0.072426,0.123120,0.138785,0.117934,0.044596,0.045416,0.027337,0.114962,0.076920,0.096862,0.091342,0.102587,0.126349,0.129480,0.093790,0.089313,0.046595,0.144248,0.103381,0.088457,0.100898,0.095310,0.101002,0.108066,0.134790,0.135794,0.117552,0.078109,0.118055,0.111196,0.169260,0.139254,0.096854,0.075046,0.168446,0.113717,0.127341,0.135574,0.126703,0.044306,0.119718,0.073591,0.041538,0.115990,0.083930,0.076032,0.141488,0.142589,0.114401,0.159945,0.069916,0.082300,0.117246,0.089274,0.066052,0.080182,0.120844,0.113123,0.112810,0.084082,0.062118,0.115652,0.165047,0.075635,0.122585,0.000000,0.770903,0.244814,0.118276,0.071178,0.107178,0.117572,0.133940,0.082554,0.121350,0.111710,0.163300,0.084079,0.077991,0.106319,0.059707,0.056096,0.107583,0.066051,0.124697,0.140313,0.083784,0.115589,0.110744,0.134994,0.128162,0.081803,0.084353,0.135761,0.045694,0.064094,0.118334,0.146344,0.125813,0.161248,0.116699,0.118837,0.072297,0.094098,0.165145,0.099187,0.113180,0.138518,0.077496,0.134634,0.078879,0.101582,0.122845,0.095015,0.133688,0.102382,0.076276,0.140653,0.068501,0.093095,0.129154,0.102690,0.137031,0.140461,0.156138,0.087961,0.109050,0.142330,0.091487,0.126274,0.259150,0.109926,0.055184,0.125544,0.136360,0.047208,0.059879,0.077818,0.059408,0.134162,0.150409,0.085719,0.055220,0.160774,0.082200
0.153137,0.077411,0.049253,0.050433,0.089708,0.108300,0.096546,0.163844,0.139355,0.098486,0.145366,0.137821,0.126054,0.062594,0.128617,0.117992,0.086042,0.078723,0.097431,0.103837,0.119737,0.121324,0.341991,0.146812,0.079566,0.074272,0.126232,0.069735,0.087497,0.118214,0.113738,0.077163,0.113965,0.112994,0.171650,0.091861,0.080782,0.117312,0.123804,0.083542,0.077770,0.072433,0.124735,0.054669,0.074715,0.100215,0.085553,0.118248,0.102440,0.144112,0.115304,0.126274,0.176715,0.073028,0.093688,0.120493,0.157929,0.072707,0.129160,0.102754,0.091049,0.107783,0.166720,0.154709,0.144714,0.071327,0.117479,0.178215,0.131697,0.121178,0.127038,0.084491,0.082293,0.084443,0.074320,0.117448,0.092312,0.160504,0.160803,0.119080,0.073781,0.070284,0.164121,0.073666,0.132262,0.140691,0.128951,0.051930,0.040352,0.030747,0.120186,0.078089,0.103745,0.097350,0.103617,0.135270,0.137698,0.090227,0.093491,0.050066,0.137548,0.105294,0.086963,0.109078,0.099534,0.106754,0.114732,0.141571,0.140752,0.115704,0.085872,0.124352,0.113073,0.165667,0.146682,0.100421,0.079474,0.168805,0.125429,0.141055,0.143134,0.134765,0.045255,0.124804,0.078187,0.042646,0.122605,0.082356,0.080614,0.152202,0.151369,0.122353,0.168695,0.070054,0.085219,0.127158,0.093640,0.071538,0.083422,0.127831,0.121436,0.110250,0.088515,0.066536,0.122582,0.164251,0.077672,0.129380,0.770903,0.000000,0.248415,0.120929,0.074246,0.121398,0.130666,0.146194,0.085625,0.126392,0.109508,0.167649,0.089489,0.081937,0.114652,0.061741,0.048143,0.114448,0.072011,0.127247,0.147992,0.087266,0.113101,0.115335,0.134055,0.137346,0.087982,0.085366,0.144323,0.049912,0.063476,0.119447,0.144657,0.132665,0.166909,0.120869,0.120308,0.075554,0.102070,0.170276,0.103335,0.119442,0.141486,0.082669,0.136170,0.080054,0.106807,0.133872,0.099666,0.137409,0.116722,0.080600,0.139158,0.066909,0.100812,0.129212,0.112518,0.147373,0.145188,0.162043,0.090961,0.113119,0.139805,0.089273,0.133508,0.254910,0.117803,0.056482,0.143109,0.141894,0.049861,0.063117,0.083176,0.067369,0.146642,0.155723,0.086389,0.057392,0.155996,0.082880
0.128419,0.086283,0.036985,0.064031,0.114075,0.131968,0.105169,0.154440,0.104612,0.104464,0.150328,0.133969,0.150183,0.047392,0.099165,0.133691,0.080148,0.097040,0.112801,0.110650,0.094261,0.191956,0.196117,0.130158,0.084019,0.079702,0.103258,0.080825,0.074305,0.092300,0.095747,0.067017,0.105308,0.099627,0.173689,0.085904,0.073554,0.096305,0.117139,0.090509,0.066005,0.063216,0.106369,0.054528,0.081915,0.097048,0.077889,0.103864,0.086664,0.143707,0.104829,0.097909,0.145600,0.080154,0.086705,0.103651,0.172298,0.068415,0.103632,0.089752,0.085285,0.090851,0.166520,0.160492,0.153032,0.072434,0.116052,0.187926,0.141122,0.126071,0.144101,0.082768,0.091968,0.075084,0.067323,0.116356,0.077077,0.126557,0.128249,0.105975,0.077396,0.073176,0.224394,0.070923,0.114474,0.131940,0.112652,0.049696,0.044275,0.032622,0.108763,0.080276,0.102458,0.110555,0.097455,0.117275,0.121310,0.091277,0.077320,0.040992,0.137208,0.123244,0.082599,0.098098,0.090505,0.110052,0.117284,0.154997,0.144871,0.114906,0.078010,0.124962,0.102359,0.166599,0.167601,0.119752,0.083501,0.218820,0.143730,0.120731,0.167709,0.123461,0.048430,0.128445,0.081555,0.039570,0.113810,0.085159,0.086616,0.169631,0.170524,0.110781,0.231741,0.069819,0.094844,0.115628,0.114210,0.058940,0.100679,0.114147,0.101906,0.088808,0.085808,0.083760,0.092762,0.211974,0.076633,0.133719,0.244814,0.248415,0.000000,0.113855,0.094428,0.099630,0.121166,0.122101,0.086685,0.117065,0.116906,0.151874,0.117842,0.092954,0.117334,0.049496,0.066043,0.095441,0.078060,0.119545,0.133810,0.069133,0.093637,0.098588,0.141212,0.137885,0.099662,0.075621,0.135547,0.058514,0.079991,0.125839,0.201297,0.106281,0.155003,0.120353,0.182665,0.107118,0.109852,0.154667,0.116626,0.123528,0.133986,0.063692,0.141926,0.077666,0.115054,0.130561,0.119485,0.133509,0.091385,0.111179,0.189691,0.068588,0.089456,0.138400,0.098327,0.127728,0.128231,0.184445,0.092035,0.121338,0.117938,0.113228,0.119184,0.370429,0.109605,0.048387,0.146660,0.164502,0.042971,0.049956,0.103468,0.065114,0.129303,0.137041,0.096266,0.040486,0.220808,0.088376
0.190191,0.073731,0.046429,0.052519,0.089683,0.120836,0.079158,0.151494,0.121487,0.086212,0.102669,0.139550,0.124148,0.045846,0.089572,0.111068,0.071780,0.099109,0.139239,0.145307,0.102814,0.055977,0.096335,0.128005,0.074395,0.071937,0.077347,0.064037,0.075042,0.153270,0.154416,0.057029,0.094975,0.096709,0.105762,0.092598,0.068811,0.087392,0.099386,0.069564,0.057550,0.053578,0.098430,0.056113,0.069997,0.086548,0.069194,0.099026,0.083282,0.096918,0.094893,0.085042,0.119648,0.071395,0.086439,0.161955,0.282872,0.070803,0.102245,0.085045,0.090067,0.089098,0.267088,0.272816,0.188174,0.073864,0.141779,0.112500,0.095145,0.112456,0.098697,0.064789,0.067310,0.068135,0.070065,0.064198,0.073743,0.182297,0.179832,0.136883,0.067436,0.067307,0.105168,0.073970,0.100944,0.090055,0.158617,0.056834,0.053813,0.031886,0.086938,0.066002,0.089087,0.091413,0.084953,0.099777,0.098554,0.068571,0.077969,0.060414,0.129203,0.077466,0.078172,0.075847,0.086932,0.096958,0.100779,0.107175,0.100637,0.103734,0.052692,0.155751,0.082877,0.275850,0.111840,0.070547,0.071337,0.103837,0.113876,0.089070,0.098190,0.101980,0.043709,0.111956,0.072060,0.034600,0.098167,0.081090,0.062208,0.104009,0.105853,0.153543,0.109667,0.073976,0.065891,0.157167,0.065864,0.055949,0.074593,0.163435,0.159853,0.092317,0.069231,0.059093,0.086762,0.070629,0.076029,0.113937,0.118276,0.120929,0.113855,0.000000,0.098199,0.101808,0.116038,0.120100,0.083046,0.087669,0.493659,0.145154,0.068816,0.072375,0.104662,0.044340,0.044092,0.106830,0.061834,0.154015,0.105115,0.074501,0.158555,0.158653,0.107592,0.119614,0.074594,0.070060,0.126182,0.045921,0.085970,0.108871,0.063485,0.114677,0.154182,0.101347,0.054066,0.059008,0.094498,0.168601,0.060148,0.110573,0.129218,0.073832,0.101094,0.060237,0.080619,0.113328,0.075899,0.130024,0.106915,0.095764,0.067646,0.057811,0.093467,0.111146,0.083406,0.117823,0.180994,0.117096,0.086108,0.098567,0.084581,0.061810,0.096128,0.109594,0.071518,0.067705,0.193062,0.120149,0.041578,0.047405,0.069246,0.050598,0.124913,0.183360,0.087940,0.045171,0.068771,0.087496
0.144475,0.056154,0.045705,0.046461,0.093747,0.088046,0.079710,0.104086,0.066318,0.075131,0.074803,0.117504,0.094211,0.036864,0.060507,0.090606,0.048335,0.662586,0.117184,0.111561,0.065281,0.090437,0.069667,0.086995,0.049762,0.039592,0.052110,0.033194,0.041765,0.100555,0.116434,0.040175,0.049768,0.054191,0.086906,0.054573,0.035715,0.051664,0.054695,0.043141,0.044837,0.036262,0.049744,0.036903,0.043195,0.055338,0.038387,0.069240,0.041329,0.065842,0.054129,0.044637,0.091615,0.039946,0.063629,0.110332,0.171483,0.045190,0.073901,0.044886,0.035654,0.040410,0.170462,0.175775,0.130054,0.052502,0.117319,0.082894,0.069275,0.102314,0.070177,0.036427,0.043267,0.032881,0.039439,0.055366,0.041893,0.126981,0.134923,0.108384,0.049019,0.046706,0.084056,0.042900,0.057464,0.062174,0.122646,0.046509,0.047582,0.042147,0.045298,0.051471,0.059252,0.046607,0.042933,0.068174,0.067109,0.056809,0.052942,0.050928,0.087957,0.068966,0.057345,0.055663,0.060083,0.069578,0.074384,0.083236,0.064446,0.052273,0.042379,0.127865,0.050687,0.168214,0.102333,0.090829,0.040589,0.079167,0.081707,0.061763,0.076266,0.067478,0.033366,0.092745,0.037328,0.031147,0.074933,0.065884,0.069046,0.071876,0.075475,0.114454,0.083863,0.045640,0.055201,0.114520,0.048758,0.032297,0.049003,0.122063,0.105053,0.046310,0.040834,0.036149,0.044502,0.062086,0.036274,0.100956,0.071178,0.074246,0.094428,0.098199,0.000000,0.078366,0.089095,0.085091,0.053189,0.048915,0.120863,0.103658,0.071370,0.050600,0.098895,0.036561,0.033523,0.065792,0.038134,0.129152,0.072548,0.039197,0.096871,0.091703,0.072971,0.090771,0.059451,0.039000,0.091916,0.045920,0.199940,0.095041,0.102145,0.086368,0.100017,0.094375,0.073249,0.060655,0.080317,0.104482,0.044218,0.085245,0.091861,0.041682,0.090532,0.051854,0.069685,0.084004,0.066793,0.087865,0.063667,0.086712,0.115080,0.054632,0.040056,0.072254,0.056355,0.080065,0.133500,0.095622,0.067366,0.065516,0.062184,0.070610,0.084866,0.089706,0.054304,0.042614,0.131672,0.082616,0.027882,0.032186,0.076166,0.035538,0.089911,0.135359,0.047086,0.035232,0.069511,0.067678
0.127461,0.078116,0.044413,0.046457,0.137515,0.145414,0.089729,0.144324,0.166236,0.084402,0.120105,0.121166,0.187586,0.044583,0.093373,0.168953,0.048349,0.070601,0.138115,0.134990,0.101183,0.074297,0.111812,0.157103,0.086375,0.056227,0.067539,0.059058,0.052735,0.092276,0.092100,0.041196,0.064524,0.072905,0.153042,0.057857,0.053396,0.070363,0.060875,0.050643,0.039598,0.036508,0.068401,0.036831,0.059415,0.074123,0.046484,0.109551,0.061745,0.136635,0.068345,0.065291,0.220065,0.050633,0.056702,0.097258,0.151997,0.044977,0.119632,0.060935,0.058505,0.056578,0.159641,0.146444,0.144811,0.053433,0.100610,0.140224,0.127222,0.162816,0.137159,0.061604,0.059148,0.054284,0.048230,0.077717,0.050320,0.125364,0.127192,0.091754,0.040904,0.050231,0.089513,0.048890,0.081528,0.087426,0.090453,0.038113,0.040673,0.033495,0.069906,0.079463,0.069199,0.061715,0.050493,0.121428,0.131112,0.082691,0.085430,0.043535,0.165803,0.102165,0.083666,0.088176,0.088926,0.104943,0.119855,0.113086,0.122876,0.072422,0.078369,0.143154,0.066543,0.152729,0.129855,0.108908,0.051377,0.100713,0.131563,0.056554,0.116375,0.124319,0.031898,0.165815,0.058441,0.044867,0.116988,0.066431,0.094436,0.132393,0.131479,0.093762,0.088159,0.047246,0.109622,0.088129,0.076709,0.043323,0.084257,0.091000,0.089384,0.053137,0.049409,0.092781,0.059109,0.115330,0.048785,0.156624,0.107178,0.121398,0.099630,0.101808,0.078366,0.000000,0.737635,0.715581,0.082712,0.075026,0.105852,0.234171,0.094314,0.071712,0.155871,0.042362,0.042442,0.103515,0.061232,0.140107,0.129499,0.051443,0.075749,0.074132,0.119462,0.232847,0.113811,0.055199,0.170265,0.050383,0.065357,0.162416,0.076046,0.119288,0.244879,0.169944,0.086899,0.113678,0.180151,0.151741,0.059392,0.166668,0.139641,0.062500,0.141828,0.064831,0.077350,0.163111,0.106541,0.152714,0.104790,0.136595,0.072757,0.093042,0.074814,0.136331,0.086830,0.175633,0.130974,0.119909,0.069117,0.112879,0.075960,0.089373,0.125566,0.116397,0.097774,0.045251,0.163635,0.167778,0.043790,0.054735,0.085503,0.052763,0.709012,0.122117,0.110243,0.046302,0.110619,0.071950
0.152270,0.084363,0.044353,0.044128,0.139756,0.166976,0.105437,0.158949,0.184350,0.104924,0.135399,0.139170,0.217714,0.052141,0.109514,0.171827,0.057698,0.083023,0.151060,0.142172,0.117709,0.073145,0.124459,0.177652,0.077987,0.055797,0.080880,0.053409,0.059726,0.102854,0.107966,0.048371,0.073955,0.077543,0.169358,0.067000,0.057167,0.073954,0.073026,0.057334,0.048077,0.040809,0.079408,0.045209,0.060704,0.076968,0.050287,0.108157,0.069153,0.152765,0.073750,0.076405,0.238451,0.062884,0.065109,0.111219,0.172463,0.052633,0.126875,0.070350,0.068826,0.065605,0.178484,0.173132,0.143243,0.057600,0.112505,0.156020,0.142149,0.164303,0.151287,0.066175,0.062273,0.060703,0.050208,0.082284,0.051569,0.138667,0.142678,0.102841,0.048942,0.055875,0.104834,0.055721,0.086765,0.094153,0.103671,0.042859,0.044907,0.031710,0.077798,0.073681,0.085398,0.077961,0.062717,0.130000,0.140761,0.089505,0.095108,0.045388,0.188757,0.122012,0.094406,0.100804,0.098943,0.111971,0.122682,0.140152,0.137246,0.081117,0.077454,0.160296,0.075534,0.177579,0.147009,0.113314,0.055801,0.114284,0.141747,0.061797,0.124688,0.131839,0.042806,0.172505,0.058924,0.046705,0.120737,0.079946,0.088229,0.152941,0.142036,0.106635,0.110091,0.057317,0.086340,0.104345,0.085115,0.048769,0.075031,0.103399,0.104653,0.061711,0.056407,0.072209,0.064590,0.108066,0.055912,0.165691,0.117572,0.130666,0.121166,0.116038,0.089095,0.737635,0.000000,0.799580,0.090052,0.085664,0.116850,0.261118,0.108466,0.074406,0.154579,0.050448,0.051093,0.119377,0.061451,0.161040,0.131283,0.059017,0.089502,0.090222,0.139717,0.268640,0.089132,0.057617,0.202541,0.058941,0.076119,0.157626,0.100587,0.124278,0.266024,0.188606,0.069523,0.113000,0.169885,0.167473,0.071314,0.161815,0.155185,0.076322,0.157518,0.074446,0.087771,0.175713,0.126055,0.163586,0.120557,0.141803,0.089548,0.086503,0.079820,0.138190,0.101713,0.189915,0.152047,0.140295,0.086346,0.125762,0.083919,0.093598,0.133059,0.131279,0.106578,0.051197,0.157707,0.200311,0.046750,0.034100,0.097447,0.053172,0.779064,0.144836,0.092778,0.052877,0.105491,0.087944
0.150056,0.092258,0.043976,0.047476,0.139867,0.166125,0.110620,0.172457,0.185980,0.105218,0.140930,0.155062,0.238172,0.057751,0.113228,0.163720,0.060210,0.079532,0.159652,0.151969,0.127352,0.077455,0.129655,0.192799,0.071559,0.066122,0.084186,0.057103,0.063052,0.109363,0.114273,0.051500,0.075749,0.078295,0.178072,0.068042,0.058122,0.075941,0.069782,0.052419,0.044617,0.041578,0.076187,0.046407,0.052537,0.076813,0.053414,0.120789,0.067574,0.167423,0.074136,0.074992,0.251431,0.059139,0.067430,0.122599,0.182976,0.056102,0.145704,0.069282,0.065296,0.064701,0.186306,0.184038,0.163352,0.059626,0.119929,0.161318,0.140919,0.161249,0.147907,0.073429,0.068575,0.061089,0.053476,0.083969,0.050295,0.150800,0.152611,0.109589,0.046210,0.059875,0.116301,0.055361,0.092835,0.107366,0.115402,0.042145,0.043056,0.028575,0.075527,0.070100,0.089400,0.074108,0.068575,0.130878,0.143641,0.098306,0.092875,0.052421,0.197915,0.118096,0.096061,0.111407,0.106024,0.115424,0.126675,0.142864,0.147209,0.082540,0.069325,0.169402,0.078065,0.180707,0.156672,0.111530,0.059389,0.128078,0.148551,0.067285,0.132086,0.133374,0.049786,0.177961,0.065978,0.053188,0.131562,0.089427,0.085522,0.159315,0.157375,0.113573,0.119030,0.056672,0.090557,0.111668,0.090418,0.047720,0.072509,0.108418,0.114452,0.065543,0.056893,0.073376,0.069912,0.104328,0.059549,0.174737,0.133940,0.146194,0.122101,0.120100,0.085091,0.715581,0.799580,0.000000,0.088080,0.086725,0.121843,0.267768,0.109900,0.068905,0.164578,0.041346,0.049379,0.128313,0.060977,0.165887,0.138863,0.059465,0.093551,0.092407,0.137037,0.278283,0.093364,0.059798,0.205541,0.056906,0.076191,0.160717,0.085154,0.140990,0.276554,0.207937,0.071092,0.114830,0.174891,0.179690,0.070323,0.162404,0.165285,0.076244,0.158638,0.075330,0.093212,0.187777,0.114651,0.164252,0.129266,0.130747,0.096200,0.093564,0.085295,0.139241,0.110437,0.205004,0.157069,0.140084,0.086647,0.136604,0.094367,0.096757,0.145878,0.138335,0.102733,0.048906,0.175041,0.212890,0.046400,0.042838,0.106286,0.056111,0.865166,0.156693,0.091622,0.047332,0.101499,0.079899
0.105173,0.070669,0.036509,0.056088,0.089402,0.086071,0.066177,0.102126,0.082340,0.060055,0.125672,0.091834,0.083323,0.041785,0.232791,0.101185,0.055293,0.053359,0.078741,0.081149,0.064107,0.062022,0.084103,0.101685,0.068296,0.056590,0.074404,0.053215,0.049140,0.079416,0.081609,0.044942,0.063176,0.079102,0.145390,0.052137,0.062249,0.074404,0.066994,0.056450,0.039697,0.042281,0.068163,0.036707,0.058790,0.081217,0.053776,0.084313,0.056436,0.161254,0.074557,0.069775,0.102859,0.053683,0.057222,0.083597,0.098330,0.052396,0.117680,0.063137,0.055562,0.061389,0.090827,0.098950,0.100348,0.051143,0.073708,0.157408,0.132967,0.089561,0.138195,0.050943,0.061558,0.048981,0.047938,0.064554,0.052101,0.102044,0.099484,0.096726,0.059484,0.055602,0.095547,0.049116,0.077504,0.083734,0.082501,0.037694,0.041254,0.033146,0.071542,0.067706,0.079806,0.057617,0.063418,0.140896,0.135849,0.087162,0.089118,0.039032,0.076466,0.120392,0.080741,0.170147,0.165688,0.136362,0.149328,0.134857,0.115971,0.067139,0.062841,0.089562,0.062433,0.090344,0.077501,0.075580,0.049156,0.080931,0.068481,0.068547,0.126499,0.135243,0.038094,0.081170,0.062367,0.044206,0.124573,0.079423,0.072522,0.143135,0.146241,0.080714,0.091390,0.046802,0.067487,0.081388,0.062326,0.042282,0.064766,0.084741,0.089374,0.062297,0.048721,0.059019,0.065432,0.066889,0.045291,0.080192,0.082554,0.085625,0.086685,0.083046,0.053189,0.082712,0.090052,0.088080,0.000000,0.071911,0.078643,0.105012,0.063503,0.060711,0.073601,0.042473,0.050174,0.065225,0.053534,0.080190,0.130635,0.051877,0.061044,0.063787,0.129409,0.095950,0.067469,0.059399,0.080361,0.041381,0.047191,0.089820,0.068690,0.076308,0.102132,0.074256,0.064130,0.175635,0.098896,0.097522,0.054100,0.089237,0.098842,0.052772,0.086919,0.095563,0.059058,0.087836,0.116992,0.099984,0.067592,0.072621,0.066050,0.164692,0.066498,0.073572,0.167391,0.098802,0.101665,0.092867,0.072189,0.256690,0.079119,0.069926,0.086077,0.105078,0.104554,0.042720,0.096997,0.073728,0.036015,0.048939,0.064883,0.040130,0.097621,0.105604,0.547871,0.039357,0.067840,0.075350
0.107416,0.053486,0.051954,0.047772,0.083521,0.104802,0.070430,0.125602,0.096997,0.079683,0.115077,0.091365,0.102259,0.053648,0.096248,0.107920,0.115645,0.054004,0.097309,0.094622,0.085276,0.067620,0.107978,0.115522,0.214182,0.112637,0.143175,0.115555,0.163006,0.098532,0.093909,0.131460,0.365069,0.390487,0.135848,0.202569,0.152863,0.390699,0.363525,0.141099,0.132957,0.112887,0.363873,0.106811,0.139966,0.370930,0.153992,0.135884,0.181197,0.107179,0.389312,0.136275,0.092480,0.144427,0.227031,0.088659,0.103092,0.125557,0.105533,0.181390,0.194210,0.186893,0.099186,0.104216,0.110113,0.120396,0.083145,0.137401,0.132490,0.088013,0.134001,0.167840,0.156353,0.160022,0.115088,0.085784,0.142617,0.105128,0.103713,0.097705,0.118449,0.124284,0.113092,0.144297,0.310753,0.124420,0.079718,0.047538,0.050319,0.028850,0.290683,0.207852,0.397678,0.210575,0.205852,0.105113,0.101594,0.110268,0.103651,0.042929,0.104216,0.088491,0.104238,0.080351,0.088053,0.093142,0.100553,0.109683,0.108564,0.355933,0.092386,0.100115,0.244066,0.109947,0.106898,0.088977,0.120277,0.098054,0.114253,0.129874,0.107430,0.107705,0.047931,0.107565,0.154102,0.058816,0.101547,0.088035,0.116948,0.125492,0.124927,0.092349,0.114824,0.130140,0.122751,0.104776,0.118075,0.119097,0.149793,0.090180,0.102162,0.246116,0.149448,0.154759,0.249019,0.084658,0.135264,0.113580,0.121350,0.126392,0.117065,0.087669,0.048915,0.075026,0.085664,0.086725,0.071911,0.000000,0.095733,0.131418,0.081719,0.147048,0.094731,0.049191,0.045766,0.079393,0.108512,0.096962,0.136012,0.164093,0.085597,0.083548,0.129854,0.097263,0.126375,0.166954,0.099562,0.061115,0.050786,0.085273,0.073230,0.108798,0.116478,0.083268,0.067707,0.088757,0.084775,0.136297,0.107010,0.090957,0.121543,0.058086,0.118830,0.050432,0.074425,0.076171,0.087912,0.121852,0.084221,0.081959,0.063473,0.053119,0.388626,0.096454,0.099401,0.089874,0.105618,0.151401,0.086519,0.085294,0.125399,0.114245,0.136827,0.151552,0.114979,0.050423,0.108144,0.114241,0.049871,0.040194,0.078459,0.115386,0.091295,0.093884,0.080277,0.043036,0.084364,0.085284
0.208728,0.077378,0.046556,0.046105,0.100456,0.136967,0.083223,0.159329,0.122620,0.081008,0.108531,0.156813,0.130676,0.043635,0.097964,0.114116,0.075234,0.116190,0.144827,0.152290,0.112774,0.063544,0.109309,0.134702,0.069024,0.072759,0.087774,0.066191,0.078373,0.175655,0.177984,0.058796,0.093395,0.088098,0.114938,0.085547,0.075656,0.084757,0.100723,0.068139,0.055623,0.056106,0.094520,0.046292,0.081248,0.090017,0.090028,0.114322,0.087174,0.090605,0.084835,0.083447,0.126117,0.077434,0.087012,0.177561,0.299375,0.074123,0.107147,0.088044,0.083831,0.087874,0.287332,0.299176,0.207499,0.074758,0.169767,0.108334,0.104393,0.117317,0.103539,0.066121,0.068292,0.055677,0.066600,0.064008,0.070805,0.209829,0.214034,0.153589,0.062550,0.068201,0.114283,0.074927,0.099850,0.098809,0.189942,0.051041,0.048083,0.032778,0.105822,0.066655,0.097909,0.101348,0.085546,0.092086,0.094509,0.081305,0.078567,0.051364,0.139305,0.080067,0.080779,0.085236,0.080653,0.097971,0.103466,0.103522,0.094074,0.091531,0.050927,0.173075,0.084244,0.306430,0.109319,0.079738,0.082880,0.108944,0.122335,0.084632,0.108456,0.095020,0.046756,0.125864,0.074895,0.035538,0.100726,0.084889,0.064670,0.097375,0.113173,0.169137,0.112666,0.064861,0.063778,0.175531,0.072491,0.058576,0.078000,0.192250,0.186142,0.091347,0.078809,0.065093,0.080178,0.074990,0.069140,0.123042,0.111710,0.109508,0.116906,0.493659,0.120863,0.105852,0.116850,0.121843,0.078643,0.095733,0.000000,0.143220,0.070405,0.072244,0.117679,0.031345,0.047556,0.116646,0.062548,0.169097,0.103233,0.074577,0.163614,0.164205,0.121573,0.125487,0.071253,0.077575,0.133194,0.052900,0.102136,0.118137,0.065925,0.129864,0.153468,0.106434,0.063216,0.075828,0.104631,0.182369,0.062179,0.113129,0.125806,0.073483,0.097580,0.059690,0.085623,0.112493,0.080269,0.120846,0.111254,0.094238,0.068824,0.061542,0.095123,0.120745,0.083756,0.128784,0.203770,0.116630,0.088572,0.103421,0.093154,0.059473,0.121565,0.121413,0.079595,0.053900,0.219521,0.121193,0.045501,0.039372,0.072843,0.045301,0.121818,0.207536,0.082821,0.035462,0.075980,0.086220
0.224125,0.115374,0.042853,0.049582,0.138443,0.186510,0.123061,0.209973,0.252735,0.123962,0.190541,0.190237,0.261669,0.061913,0.132057,0.187631,0.075816,0.101966,0.182432,0.175978,0.153082,0.086827,0.155380,0.253281,0.094119,0.065412,0.098623,0.068936,0.078858,0.149568,0.148580,0.056604,0.088768,0.097158,0.197902,0.086809,0.071642,0.100669,0.090847,0.082158,0.057978,0.058491,0.089602,0.051642,0.078205,0.087665,0.075312,0.148118,0.103288,0.164401,0.095189,0.091642,0.280618,0.071007,0.096056,0.159071,0.246581,0.068831,0.146163,0.100254,0.086618,0.093774,0.239891,0.251801,0.194800,0.065935,0.157514,0.182095,0.171291,0.176357,0.176539,0.086213,0.092134,0.068210,0.069774,0.089444,0.076654,0.211657,0.209029,0.142001,0.060277,0.068763,0.121842,0.078985,0.124446,0.130336,0.154773,0.039695,0.039839,0.028550,0.106221,0.085744,0.098308,0.096274,0.082179,0.163297,0.163164,0.109686,0.101740,0.042071,0.266229,0.166854,0.099973,0.147198,0.145734,0.135202,0.144770,0.171630,0.139057,0.093931,0.076473,0.194779,0.094899,0.221629,0.156751,0.130531,0.068707,0.140417,0.144241,0.104281,0.184019,0.158570,0.054095,0.219526,0.091582,0.045342,0.161611,0.096278,0.088545,0.181707,0.181104,0.159986,0.128029,0.077503,0.091203,0.152640,0.095994,0.057215,0.074772,0.158008,0.160004,0.082655,0.080041,0.081203,0.095415,0.122698,0.071318,0.207705,0.163300,0.167649,0.151874,0.145154,0.103658,0.234171,0.261118,0.267768,0.105012,0.131418,0.143220,0.000000,0.109778,0.081555,0.198726,0.042241,0.048441,0.155423,0.070987,0.196971,0.164224,0.077321,0.124009,0.131754,0.173745,0.344737,0.093982,0.076323,0.280061,0.056992,0.089184,0.167949,0.110014,0.168308,0.719970,0.232465,0.084825,0.118819,0.185355,0.218937,0.084856,0.179096,0.229200,0.111389,0.192979,0.079448,0.098530,0.217600,0.157414,0.231392,0.161554,0.164492,0.116380,0.087778,0.097973,0.153012,0.144855,0.219186,0.209378,0.157886,0.097215,0.135208,0.110622,0.086506,0.172932,0.180832,0.130357,0.043698,0.200212,0.237353,0.051759,0.043181,0.099012,0.051632,0.280416,0.213212,0.117726,0.049376,0.113591,0.104673
0.093422,0.073674,0.052257,0.047757,0.084487,0.114320,0.145054,0.092578,0.073423,0.133757,0.100945,0.090918,0.128108,0.044424,0.064187,0.118314,0.057693,0.072187,0.095090,0.096668,0.076850,0.076916,0.075020,0.086272,0.065625,0.047754,0.068807,0.045828,0.059740,0.069205,0.060956,0.045734,0.073799,0.081198,0.092304,0.056965,0.053918,0.076749,0.083570,0.053627,0.046321,0.049196,0.079582,0.032070,0.054466,0.076977,0.060662,0.073312,0.054719,0.106702,0.080299,0.064367,0.112829,0.050111,0.065340,0.068131,0.104093,0.054600,0.090845,0.056553,0.054731,0.052939,0.101767,0.096444,0.096029,0.056472,0.067050,0.103023,0.080948,0.104732,0.081722,0.058740,0.058726,0.056173,0.057221,0.053455,0.046031,0.083027,0.085589,0.069649,0.052197,0.052360,0.103101,0.052686,0.077472,0.088913,0.072840,0.054897,0.044389,0.037254,0.064232,0.064835,0.072638,0.071297,0.058207,0.090482,0.082562,0.077131,0.069550,0.051021,0.089167,0.068287,0.072692,0.067401,0.064317,0.091441,0.097722,0.104135,0.098176,0.078288,0.058426,0.104328,0.054048,0.098037,0.115171,0.089653,0.060825,0.095569,0.104788,0.058410,0.099264,0.081929,0.047025,0.101623,0.055200,0.038028,0.080533,0.067793,0.074362,0.105142,0.107420,0.064029,0.114286,0.050600,0.087396,0.066619,0.069950,0.048146,0.068326,0.073415,0.063011,0.063285,0.053270,0.070046,0.060688,0.084941,0.051885,0.097847,0.084079,0.089489,0.117842,0.068816,0.071370,0.094314,0.108466,0.109900,0.063503,0.081719,0.070405,0.109778,0.000000,0.079400,0.102288,0.035418,0.044888,0.076081,0.055804,0.107951,0.091774,0.056157,0.060548,0.063689,0.094992,0.100444,0.075646,0.059313,0.094140,0.046320,0.062489,0.096933,0.091673,0.092425,0.109516,0.084022,0.072764,0.076084,0.088029,0.102338,0.066148,0.096967,0.095967,0.050061,0.089845,0.055011,0.070209,0.083288,0.071556,0.093337,0.078980,0.098535,0.081902,0.061897,0.076170,0.104382,0.065090,0.088299,0.094675,0.090705,0.069589,0.078950,0.075590,0.080539,0.090617,0.106516,0.079681,0.042706,0.101174,0.098463,0.051788,0.037318,0.479850,0.046109,0.101180,0.085382,0.069560,0.049499,0.082487,0.070066
0.088715,0.052745,0.053611,0.042538,0.063719,0.082334,0.075058,0.089797,0.082653,0.078093,0.075283,0.075276,0.072788,0.035228,0.071075,0.089944,0.109285,0.052096,0.067285,0.069622,0.069261,0.055182,0.073852,0.080928,0.133817,0.125178,0.095016,0.125901,0.129929,0.076382,0.075558,0.108322,0.152742,0.148446,0.080561,0.143856,0.108234,0.142412,0.151728,0.115062,0.111620,0.101761,0.163393,0.082774,0.109434,0.141391,0.103918,0.071820,0.132064,0.074379,0.141470,0.086942,0.070079,0.111961,0.161188,0.075420,0.082517,0.108948,0.075636,0.129536,0.135739,0.127982,0.082467,0.082048,0.080737,0.106647,0.081435,0.084546,0.071860,0.068036,0.074451,0.123443,0.128326,0.116731,0.101280,0.059703,0.129212,0.073593,0.079877,0.069856,0.103675,0.105323,0.075707,0.108967,0.157352,0.081286,0.077832,0.054715,0.050868,0.039714,0.142170,0.129274,0.155303,0.154625,0.150872,0.078273,0.081851,0.056050,0.065758,0.049384,0.077834,0.078717,0.065248,0.062401,0.052529,0.075262,0.090866,0.063754,0.069931,0.163308,0.066950,0.081959,0.137741,0.091768,0.090194,0.072152,0.095923,0.084195,0.082795,0.100879,0.072442,0.081047,0.041465,0.081678,0.126087,0.047336,0.073764,0.056122,0.088161,0.073460,0.082766,0.074936,0.083152,0.098578,0.091498,0.084833,0.079511,0.113892,0.426679,0.069661,0.084141,0.133916,0.121670,0.122829,0.141171,0.073932,0.120550,0.084993,0.077991,0.081937,0.092954,0.072375,0.050600,0.071712,0.074406,0.068905,0.060711,0.147048,0.072244,0.081555,0.079400,0.000000,0.071725,0.032935,0.040571,0.074759,0.129193,0.075859,0.071601,0.128828,0.070768,0.070160,0.064953,0.079562,0.094475,0.129883,0.070911,0.053941,0.050297,0.077873,0.071424,0.061641,0.075316,0.071030,0.054237,0.071007,0.073421,0.074731,0.069122,0.075734,0.088330,0.052832,0.086776,0.048933,0.076620,0.058906,0.081925,0.085269,0.076736,0.068113,0.058587,0.049612,0.148046,0.071523,0.060997,0.065970,0.085698,0.109122,0.061360,0.066448,0.078595,0.086839,0.087059,0.097020,0.070668,0.050723,0.088017,0.064290,0.038477,0.042353,0.073062,0.098341,0.069248,0.075653,0.067225,0.042131,0.066560,0.057911
0.136889,0.074287,0.047618,0.044819,0.135221,0.180739,0.107284,0.157034,0.130928,0.109195,0.120129,0.144356,0.168680,0.046156,0.081344,0.196477,0.058678,0.097979,0.126451,0.126776,0.102171,0.078362,0.105318,0.145669,0.076556,0.063701,0.079104,0.054829,0.067862,0.102003,0.099507,0.046561,0.079449,0.085167,0.147400,0.062638,0.057294,0.081806,0.081484,0.057673,0.043258,0.052014,0.079079,0.037222,0.055404,0.088846,0.053270,0.139920,0.071502,0.114437,0.083363,0.075792,0.165451,0.057142,0.064832,0.099871,0.176653,0.061328,0.120713,0.075778,0.067915,0.073740,0.173166,0.173868,0.146806,0.068534,0.116799,0.153250,0.115108,0.239296,0.111553,0.056249,0.059261,0.046668,0.065305,0.072967,0.051390,0.145743,0.152772,0.105452,0.052611,0.053318,0.097782,0.062177,0.091719,0.096757,0.120320,0.047894,0.046301,0.030637,0.073826,0.078743,0.091588,0.082367,0.066454,0.113991,0.125057,0.104211,0.097941,0.048422,0.153333,0.091882,0.101700,0.103601,0.092887,0.104319,0.110287,0.110292,0.120241,0.079223,0.068247,0.130505,0.067352,0.175364,0.130886,0.105308,0.056660,0.089312,0.138135,0.079376,0.118182,0.109317,0.041108,0.227251,0.059810,0.043625,0.110893,0.089096,0.091626,0.108337,0.135212,0.109002,0.092035,0.050391,0.084680,0.103912,0.071888,0.045685,0.081066,0.117229,0.109326,0.067876,0.062623,0.075501,0.068619,0.102872,0.051668,0.235442,0.106319,0.114652,0.117334,0.104662,0.098895,0.155871,0.154579,0.164578,0.073601,0.094731,0.117679,0.198726,0.102288,0.071725,0.000000,0.036324,0.044780,0.103774,0.064158,0.127492,0.114937,0.071085,0.087928,0.092044,0.124249,0.175988,0.095661,0.071454,0.163917,0.053510,0.080846,0.234169,0.092467,0.156552,0.214660,0.132869,0.073884,0.096804,0.197236,0.150644,0.062107,0.223158,0.184444,0.074248,0.128372,0.060475,0.072508,0.135871,0.094026,0.187439,0.101033,0.176018,0.088171,0.083639,0.081830,0.143706,0.098062,0.151961,0.144079,0.104907,0.089680,0.085301,0.078924,0.093227,0.160920,0.130068,0.097535,0.049044,0.154702,0.132021,0.036264,0.043948,0.103302,0.046295,0.163405,0.147729,0.078081,0.049478,0.113435,0.089487
0.052939,0.052637,0.040427,0.043374,0.038533,0.054110,0.035376,0.054769,0.051714,0.036921,0.046772,0.049826,0.042845,0.043894,0.039508,0.051328,0.033895,0.029675,0.041541,0.043639,0.038291,0.033407,0.049997,0.039743,0.036039,0.033137,0.041551,0.033582,0.041792,0.038836,0.037799,0.033043,0.038940,0.034644,0.048009,0.040137,0.040351,0.048253,0.044268,0.034448,0.031815,0.031297,0.042467,0.025912,0.037697,0.039416,0.037329,0.047663,0.054845,0.072511,0.049942,0.039552,0.050652,0.035257,0.048118,0.037525,0.054617,0.030590,0.056170,0.049809,0.045642,0.039629,0.044923,0.053119,0.040878,0.042709,0.045941,0.050936,0.047230,0.046227,0.048511,0.035099,0.039623,0.041467,0.031620,0.046505,0.040124,0.045677,0.042761,0.040517,0.043849,0.041523,0.042909,0.036992,0.045883,0.054467,0.047061,0.031731,0.038834,0.025781,0.047965,0.033491,0.044493,0.043806,0.042970,0.049894,0.046603,0.036900,0.043296,0.039985,0.054276,0.060200,0.050315,0.055702,0.053511,0.047404,0.046483,0.048058,0.050828,0.042739,0.049064,0.054177,0.039683,0.056720,0.040636,0.040562,0.035771,0.049264,0.049261,0.049226,0.051539,0.044473,0.046754,0.050962,0.037878,0.039216,0.046591,0.045893,0.041311,0.063467,0.053079,0.039474,0.049288,0.036992,0.037548,0.037523,0.054557,0.036575,0.037979,0.042608,0.039570,0.045265,0.040619,0.030804,0.039480,0.045322,0.044299,0.054353,0.059707,0.061741,0.049496,0.044340,0.036561,0.042362,0.050448,0.041346,0.042473,0.049191,0.031345,0.042241,0.035418,0.032935,0.036324,0.000000,0.044097,0.042469,0.043427,0.054903,0.045432,0.037992,0.042911,0.037878,0.046828,0.052982,0.044004,0.043956,0.058118,0.023365,0.028459,0.047117,0.029285,0.041335,0.044347,0.041237,0.032336,0.038075,0.042642,0.050829,0.063313,0.050331,0.044150,0.038615,0.039767,0.044652,0.035774,0.049389,0.058523,0.042967,0.052230,0.044885,0.027915,0.042229,0.043093,0.052280,0.053183,0.045959,0.059234,0.057036,0.042848,0.048808,0.058944,0.037060,0.057434,0.043471,0.057954,0.057838,0.047552,0.051770,0.057418,0.058425,0.034214,0.030366,0.043102,0.052043,0.041401,0.047059,0.050638,0.049736
0.047874,0.045512,0.040513,0.046377,0.049995,0.046375,0.038564,0.049885,0.043366,0.044730,0.048125,0.046484,0.053813,0.070154,0.060358,0.050573,0.039438,0.040375,0.048594,0.053627,0.048434,0.040670,0.046036,0.048679,0.033227,0.038420,0.055186,0.035364,0.050717,0.052792,0.046926,0.041673,0.048518,0.051642,0.065220,0.044949,0.041597,0.055925,0.058898,0.041232,0.041332,0.035940,0.053021,0.031757,0.044575,0.060976,0.036580,0.059245,0.053410,0.069192,0.059469,0.051278,0.049050,0.035939,0.045937,0.051789,0.052919,0.035606,0.060077,0.047607,0.050708,0.042416,0.050519,0.051873,0.061048,0.036961,0.039889,0.056084,0.072541,0.041812,0.075854,0.040489,0.040255,0.044912,0.039193,0.050949,0.042489,0.058335,0.052323,0.054020,0.041373,0.032958,0.054526,0.036456,0.044920,0.058119,0.042225,0.046775,0.047332,0.030546,0.058569,0.040176,0.059831,0.046701,0.041136,0.052962,0.058093,0.051935,0.050252,0.042349,0.043602,0.053596,0.044693,0.048002,0.040942,0.060257,0.060741,0.060170,0.057151,0.048694,0.047766,0.055591,0.053464,0.067206,0.063805,0.042014,0.041845,0.054129,0.060897,0.045955,0.052266,0.046308,0.058227,0.051734,0.043541,0.053692,0.065516,0.055980,0.039027,0.056238,0.052461,0.048721,0.053855,0.038313,0.042691,0.039805,0.045296,0.042054,0.041121,0.055313,0.046286,0.049208,0.035983,0.044254,0.049366,0.039870,0.048473,0.044232,0.056096,0.048143,0.066043,0.044092,0.033523,0.042442,0.051093,0.049379,0.050174,0.045766,0.047556,0.048441,0.044888,0.040571,0.044780,0.044097,0.000000,0.048715,0.035821,0.055423,0.055280,0.047520,0.042908,0.053236,0.062789,0.058947,0.039673,0.043777,0.057256,0.028295,0.035039,0.045054,0.038716,0.057331,0.054228,0.053609,0.033159,0.050529,0.051506,0.060759,0.056925,0.042468,0.060191,0.033945,0.053164,0.053967,0.035655,0.042782,0.055238,0.048018,0.049782,0.042901,0.028233,0.035096,0.056589,0.057014,0.045577,0.050572,0.047145,0.056821,0.058836,0.057282,0.068955,0.040932,0.054902,0.042192,0.057678,0.048606,0.058338,0.050375,0.059029,0.071446,0.043439,0.033527,0.049729,0.059742,0.058670,0.061700,0.042334,0.066225
0.118108,0.064793,0.050134,0.044556,0.069102,0.087534,0.077076,0.122559,0.126556,0.074496,0.104619,0.100083,0.129094,0.043656,0.094202,0.100344,0.071571,0.068398,0.120062,0.114841,0.690269,0.068085,0.097821,0.167115,0.064162,0.071290,0.116395,0.066816,0.075550,0.157612,0.151795,0.070200,0.076227,0.066517,0.126688,0.074589,0.067814,0.067483,0.086449,0.071640,0.064434,0.067050,0.072841,0.053271,0.074023,0.070440,0.068099,0.111206,0.077148,0.107130,0.076202,0.114975,0.131327,0.074320,0.075859,0.150039,0.145090,0.064211,0.087102,0.075246,0.072011,0.072861,0.140323,0.140760,0.108141,0.072605,0.147397,0.124317,0.117491,0.090009,0.119860,0.079568,0.077039,0.076706,0.076320,0.066332,0.081289,0.122288,0.129107,0.095816,0.070027,0.067011,0.094389,0.074382,0.077079,0.082012,0.108556,0.054820,0.054442,0.034514,0.077866,0.055919,0.083406,0.086613,0.076268,0.108466,0.108043,0.071723,0.065754,0.050871,0.120222,0.093409,0.063659,0.099723,0.095911,0.096087,0.093082,0.099842,0.092927,0.072324,0.056433,0.117088,0.086760,0.128423,0.105460,0.075214,0.083814,0.102939,0.083081,0.099368,0.104255,0.107557,0.042966,0.111057,0.081922,0.030071,0.085446,0.064062,0.065316,0.112233,0.118678,0.152565,0.099084,0.077181,0.068472,0.152145,0.071915,0.070933,0.068937,0.112359,0.158362,0.086201,0.080653,0.052475,0.082207,0.070697,0.076897,0.117556,0.107583,0.114448,0.095441,0.106830,0.065792,0.103515,0.119377,0.128313,0.065225,0.079393,0.116646,0.155423,0.076081,0.074759,0.103774,0.042469,0.048715,0.000000,0.073326,0.119657,0.104770,0.071010,0.097260,0.092343,0.104990,0.142269,0.072446,0.073717,0.124250,0.059430,0.053207,0.087843,0.056869,0.116831,0.156829,0.120506,0.064016,0.079338,0.094165,0.123275,0.070487,0.098307,0.136849,0.087617,0.105988,0.059053,0.082428,0.108138,0.086529,0.125216,0.691105,0.075027,0.057334,0.068571,0.074128,0.087499,0.088686,0.113630,0.119578,0.114531,0.067020,0.080645,0.088044,0.061513,0.114793,0.090000,0.096496,0.054714,0.113501,0.141297,0.044623,0.048627,0.071902,0.056064,0.127303,0.121617,0.069590,0.042148,0.066913,0.064357
0.070493,0.034971,0.041087,0.040057,0.063171,0.063301,0.058995,0.070415,0.066996,0.058929,0.075467,0.074391,0.062993,0.030469,0.059412,0.074493,0.101248,0.043066,0.058250,0.061504,0.085265,0.048285,0.062135,0.066924,0.114312,0.515084,0.082010,0.456970,0.115604,0.074890,0.069684,0.157739,0.125748,0.120352,0.078134,0.102151,0.097035,0.116038,0.117103,0.121860,0.152768,0.106493,0.120710,0.078336,0.097075,0.127018,0.103784,0.059600,0.119295,0.066955,0.119956,0.084231,0.055987,0.111173,0.116717,0.076194,0.066446,0.098241,0.055282,0.111729,0.111688,0.121587,0.067597,0.060414,0.078585,0.102926,0.065511,0.075999,0.061593,0.072834,0.066045,0.127018,0.120518,0.105536,0.096181,0.051669,0.117092,0.066057,0.065232,0.069245,0.089474,0.094090,0.073218,0.105086,0.129187,0.051326,0.078196,0.045484,0.042957,0.031834,0.129960,0.120178,0.130659,0.131920,0.131322,0.068601,0.065306,0.046962,0.055457,0.044484,0.057243,0.063751,0.057099,0.047363,0.041681,0.068228,0.065922,0.060239,0.066319,0.121937,0.060588,0.065460,0.117729,0.064403,0.054233,0.061381,0.106678,0.076959,0.065717,0.082720,0.066319,0.067100,0.033900,0.075173,0.118643,0.033937,0.062024,0.058488,0.085063,0.070014,0.068958,0.066828,0.075305,0.114598,0.090358,0.078513,0.075929,0.107462,0.124804,0.069411,0.070101,0.118493,0.120421,0.115892,0.123862,0.058446,0.113440,0.072195,0.066051,0.072011,0.078060,0.061834,0.038134,0.061232,0.061451,0.060977,0.053534,0.108512,0.062548,0.070987,0.055804,0.129193,0.064158,0.043427,0.035821,0.073326,0.000000,0.076328,0.068688,0.114152,0.070362,0.066788,0.070583,0.067599,0.092314,0.107432,0.060882,0.052549,0.048800,0.064468,0.050599,0.063521,0.066131,0.062306,0.052048,0.065844,0.070626,0.073388,0.068116,0.067154,0.065939,0.058326,0.070454,0.051311,0.061054,0.052805,0.062020,0.067885,0.077551,0.074384,0.051646,0.048367,0.127265,0.065806,0.047598,0.057294,0.061282,0.069325,0.062141,0.045102,0.070935,0.090737,0.073886,0.075771,0.057490,0.039562,0.076552,0.061291,0.033329,0.033573,0.062260,0.096726,0.056432,0.065447,0.059500,0.033138,0.064730,0.054147
0.269146,0.104514,0.044841,0.056553,0.113208,0.142974,0.102012,0.155993,0.167781,0.102811,0.131968,0.175336,0.161689,0.045626,0.097409,0.141007,0.093881,0.127887,0.391748,0.386051,0.119250,0.076822,0.124354,0.176555,0.078709,0.073472,0.083308,0.073940,0.080472,0.190898,0.196170,0.056680,0.091518,0.093980,0.131909,0.098325,0.074465,0.085931,0.093422,0.075583,0.059119,0.055745,0.090176,0.050872,0.076016,0.090751,0.082451,0.114596,0.084029,0.115098,0.086641,0.085790,0.184157,0.072439,0.090062,0.199130,0.238162,0.062370,0.126275,0.087258,0.086563,0.090225,0.228244,0.232122,0.315639,0.087155,0.186915,0.129475,0.136005,0.130444,0.139047,0.074839,0.074377,0.067731,0.081728,0.091925,0.079446,0.250202,0.253963,0.158807,0.059305,0.064239,0.134075,0.078885,0.095132,0.098228,0.197778,0.047443,0.045452,0.036117,0.089390,0.079008,0.102446,0.092858,0.088353,0.112288,0.120221,0.089015,0.095695,0.044526,0.213849,0.091766,0.093562,0.116012,0.102921,0.114644,0.126663,0.117005,0.101775,0.088788,0.078595,0.812164,0.078998,0.230566,0.120525,0.115506,0.091217,0.126934,0.150623,0.092278,0.128329,0.115110,0.037147,0.132640,0.075117,0.044168,0.123237,0.094576,0.098404,0.127239,0.125888,0.172189,0.135929,0.072058,0.094132,0.182919,0.078228,0.062126,0.082835,0.197267,0.184519,0.086401,0.073165,0.074622,0.089115,0.098289,0.066225,0.143940,0.124697,0.127247,0.119545,0.154015,0.129152,0.140107,0.161040,0.165887,0.080190,0.096962,0.169097,0.196971,0.107951,0.075859,0.127492,0.054903,0.055423,0.119657,0.076328,0.000000,0.132430,0.078406,0.163602,0.163208,0.127512,0.179966,0.097656,0.086567,0.205240,0.053017,0.116663,0.130582,0.087843,0.113294,0.194082,0.174583,0.075764,0.102514,0.132021,0.176510,0.084129,0.133155,0.138715,0.084067,0.140096,0.083156,0.080110,0.179726,0.089851,0.135393,0.129276,0.114255,0.093469,0.079540,0.097515,0.144806,0.112361,0.194938,0.268453,0.134873,0.093179,0.099031,0.085240,0.097157,0.134954,0.133338,0.102160,0.059701,0.319261,0.161873,0.045787,0.050317,0.111255,0.060034,0.163261,0.258362,0.085202,0.047597,0.100993,0.085233
0.134831,0.103946,0.041286,0.048119,0.095339,0.130078,0.113149,0.155317,0.129095,0.111007,0.613482,0.130080,0.154667,0.065567,0.192472,0.124511,0.073856,0.073932,0.113409,0.108000,0.101133,0.077346,0.131253,0.156581,0.084587,0.072841,0.108284,0.067406,0.080471,0.099137,0.101131,0.060792,0.116533,0.127037,0.273467,0.088007,0.080106,0.120306,0.117947,0.075861,0.056444,0.063267,0.110503,0.046297,0.086279,0.118870,0.085991,0.116711,0.105177,0.247541,0.124004,0.102261,0.156524,0.089033,0.089754,0.105277,0.157959,0.071941,0.248504,0.103591,0.108045,0.110365,0.160550,0.157003,0.129969,0.071761,0.093984,0.292469,0.436602,0.106887,0.439160,0.077449,0.083354,0.071327,0.064579,0.080188,0.082472,0.120097,0.128650,0.128881,0.073645,0.081157,0.135908,0.076488,0.115673,0.132185,0.101614,0.043575,0.036320,0.029191,0.114429,0.079437,0.105010,0.089969,0.087281,0.437662,0.428184,0.114972,0.103659,0.037245,0.123809,0.184557,0.100132,0.155991,0.136593,0.220136,0.239171,0.269402,0.233388,0.124478,0.086186,0.126699,0.094255,0.133064,0.154873,0.104994,0.073349,0.146026,0.133397,0.100936,0.656126,0.417166,0.051920,0.125141,0.084579,0.049759,0.227142,0.103075,0.088055,0.256048,0.282860,0.084627,0.133570,0.067823,0.086242,0.112737,0.094873,0.070051,0.076041,0.104638,0.099273,0.089985,0.075650,0.067987,0.093134,0.096403,0.074764,0.132929,0.140313,0.147992,0.133810,0.105115,0.072548,0.129499,0.131283,0.138863,0.130635,0.136012,0.103233,0.164224,0.091774,0.071601,0.114937,0.045432,0.055280,0.104770,0.068688,0.132430,0.000000,0.079705,0.082147,0.091843,0.771892,0.130192,0.094258,0.083298,0.126166,0.049061,0.056069,0.106573,0.108260,0.129181,0.148056,0.116125,0.079866,0.153235,0.112961,0.158766,0.113017,0.108424,0.169991,0.074768,0.133941,0.080183,0.093899,0.127102,0.195909,0.166947,0.107470,0.099985,0.081341,0.110104,0.105404,0.132106,0.150458,0.135940,0.145611,0.157733,0.103419,0.176567,0.097377,0.092117,0.127746,0.151436,0.304606,0.051777,0.143891,0.145879,0.057083,0.044246,0.094243,0.051452,0.143749,0.135474,0.148884,0.050449,0.105054,0.100015
0.086863,0.055938,0.048314,0.052323,0.056019,0.080686,0.055042,0.099894,0.070605,0.068673,0.082233,0.069245,0.068375,0.040753,0.070281,0.082284,0.120148,0.037914,0.079754,0.067320,0.073167,0.044878,0.080902,0.078940,0.119883,0.110928,0.110467,0.109834,0.472139,0.080111,0.078942,0.144324,0.158224,0.159176,0.092484,0.152980,0.153861,0.149358,0.161674,0.139380,0.141302,0.122835,0.158167,0.099160,0.128642,0.153362,0.142602,0.069726,0.165801,0.088266,0.154764,0.101223,0.068885,0.132005,0.147998,0.081114,0.076493,0.130198,0.065692,0.168433,0.174373,0.164507,0.074157,0.079094,0.067730,0.122115,0.071622,0.097968,0.080597,0.069538,0.082266,0.146255,0.137223,0.143011,0.123252,0.065097,0.149509,0.078490,0.079995,0.064490,0.118863,0.124489,0.076159,0.130427,0.154979,0.070898,0.064786,0.051606,0.046571,0.031016,0.161060,0.119534,0.173211,0.145322,0.140511,0.063380,0.067658,0.066073,0.063842,0.040049,0.076650,0.059022,0.067303,0.064194,0.055634,0.070354,0.069713,0.081215,0.082227,0.152509,0.075602,0.074884,0.167596,0.082195,0.075066,0.059776,0.109914,0.086768,0.076784,0.108579,0.083281,0.064920,0.042058,0.077076,0.141245,0.037744,0.067265,0.062122,0.073282,0.097830,0.091296,0.080900,0.090256,0.135803,0.076769,0.102543,0.094914,0.118639,0.122606,0.070665,0.090491,0.161366,0.144987,0.105224,0.163790,0.051517,0.130714,0.074103,0.083784,0.087266,0.069133,0.074501,0.039197,0.051443,0.059017,0.059465,0.051877,0.164093,0.074577,0.077321,0.056157,0.128828,0.071085,0.037992,0.047520,0.071010,0.114152,0.078406,0.079705,0.000000,0.080850,0.089097,0.083672,0.064062,0.079740,0.533978,0.066013,0.052698,0.038154,0.066672,0.054760,0.080431,0.072669,0.057113,0.039835,0.048405,0.060556,0.106438,0.076842,0.063667,0.084417,0.072064,0.083682,0.050401,0.063366,0.055643,0.056332,0.082078,0.075207,0.057715,0.048987,0.045199,0.177846,0.071058,0.066417,0.071709,0.076842,0.102054,0.061150,0.056798,0.102447,0.080845,0.065892,0.092199,0.078898,0.050189,0.076216,0.063943,0.048525,0.045281,0.049993,0.121676,0.060752,0.079458,0.060343,0.038444,0.051953,0.061157
0.221586,0.059761,0.055925,0.052638,0.084310,0.088334,0.067163,0.136184,0.104137,0.068676,0.086629,0.136000,0.099832,0.036748,0.083734,0.104208,0.080820,0.096981,0.151335,0.148513,0.100239,0.055612,0.115909,0.113053,0.066253,0.066569,0.076708,0.071055,0.087418,0.222430,0.220135,0.069706,0.092989,0.078159,0.092327,0.091682,0.081191,0.078876,0.094320,0.081011,0.060770,0.067885,0.096988,0.050326,0.072390,0.086853,0.069403,0.088421,0.090402,0.081217,0.088482,0.085219,0.106639,0.072742,0.089104,0.225763,0.214868,0.080294,0.077860,0.093483,0.098259,0.091892,0.209589,0.215281,0.202854,0.077459,0.231723,0.111059,0.088647,0.095772,0.082671,0.077760,0.069594,0.089514,0.090927,0.075331,0.092622,0.247637,0.246638,0.146239,0.070849,0.071735,0.111103,0.072153,0.082129,0.075284,0.212041,0.047600,0.049401,0.037426,0.093797,0.067889,0.083005,0.093751,0.088323,0.066977,0.069448,0.050326,0.057183,0.052250,0.106763,0.067590,0.056800,0.082649,0.076519,0.088726,0.090838,0.095946,0.089822,0.089610,0.076986,0.161062,0.087167,0.217112,0.086659,0.073475,0.095006,0.090912,0.108733,0.082441,0.089657,0.067295,0.034989,0.099455,0.084051,0.031999,0.082961,0.060809,0.068061,0.096330,0.094986,0.237975,0.107993,0.080390,0.071878,0.221236,0.066975,0.076031,0.069647,0.209090,0.223758,0.089750,0.094335,0.063621,0.100867,0.064509,0.079447,0.102182,0.115589,0.113101,0.093637,0.158555,0.096871,0.075749,0.089502,0.093551,0.061044,0.085597,0.163614,0.124009,0.060548,0.070768,0.087928,0.042911,0.042908,0.097260,0.070362,0.163602,0.082147,0.080850,0.000000,0.591150,0.087798,0.097568,0.077181,0.075290,0.107314,0.055483,0.081925,0.099276,0.059091,0.084974,0.126740,0.086839,0.053519,0.064605,0.085610,0.141189,0.084259,0.103496,0.100942,0.081798,0.113451,0.054964,0.070868,0.094100,0.070354,0.103327,0.108425,0.076247,0.061756,0.056652,0.092530,0.089646,0.078883,0.098903,0.229695,0.097123,0.064718,0.076290,0.087506,0.060965,0.107230,0.097692,0.074664,0.057573,0.209815,0.132188,0.049783,0.049055,0.058303,0.064819,0.096093,0.243080,0.074840,0.033366,0.066421,0.063734
0.226076,0.058385,0.055100,0.054943,0.084365,0.086449,0.067822,0.137927,0.108858,0.070798,0.091069,0.127240,0.103665,0.041453,0.076373,0.108789,0.086595,0.090030,0.143254,0.143015,0.093959,0.052925,0.113142,0.117776,0.069629,0.064675,0.087536,0.062025,0.088988,0.209382,0.225329,0.065932,0.099173,0.083464,0.093155,0.089558,0.074960,0.086599,0.096838,0.079567,0.061329,0.067013,0.103424,0.052753,0.072867,0.086339,0.073582,0.081155,0.086980,0.082762,0.087212,0.088067,0.103065,0.080428,0.092552,0.226012,0.223194,0.077331,0.083450,0.086997,0.084321,0.083885,0.216087,0.227465,0.206217,0.076927,0.235164,0.114805,0.086632,0.097964,0.088696,0.070165,0.065614,0.071821,0.084274,0.075695,0.083557,0.247789,0.253008,0.154451,0.069273,0.065767,0.101892,0.074389,0.086117,0.076005,0.226223,0.058249,0.053321,0.040114,0.087676,0.067972,0.090659,0.085387,0.082385,0.072613,0.076229,0.051865,0.058196,0.051279,0.114447,0.073145,0.057581,0.078431,0.072982,0.078682,0.092179,0.100587,0.091506,0.099228,0.066667,0.162573,0.093746,0.213104,0.086310,0.073075,0.077494,0.087791,0.111201,0.079672,0.094262,0.070634,0.040579,0.101915,0.069998,0.033859,0.080109,0.068497,0.067324,0.099727,0.095318,0.240808,0.100609,0.069776,0.071260,0.225158,0.073726,0.066351,0.069857,0.214704,0.212152,0.084774,0.081878,0.056978,0.091385,0.066363,0.078964,0.106163,0.110744,0.115335,0.098588,0.158653,0.091703,0.074132,0.090222,0.092407,0.063787,0.083548,0.164205,0.131754,0.063689,0.070160,0.092044,0.037878,0.053236,0.092343,0.066788,0.163208,0.091843,0.089097,0.591150,0.000000,0.093517,0.094929,0.076821,0.085482,0.107682,0.058047,0.083361,0.098191,0.063316,0.078825,0.127861,0.092270,0.051271,0.060743,0.084377,0.140492,0.068962,0.097452,0.102587,0.071413,0.106621,0.059779,0.079198,0.088985,0.072338,0.103115,0.092386,0.076106,0.060717,0.060445,0.083516,0.092232,0.074108,0.100198,0.213786,0.095051,0.065305,0.078232,0.087327,0.060001,0.101913,0.095133,0.074512,0.061329,0.204689,0.125094,0.043947,0.048719,0.063141,0.063670,0.094260,0.246800,0.077667,0.034812,0.068606,0.065740
0.137705,0.100728,0.040434,0.042603,0.100097,0.126349,0.116682,0.145610,0.125446,0.120597,0.625970,0.127509,0.161616,0.059997,0.179731,0.120780,0.082799,0.071465,0.113228,0.103084,0.105398,0.074087,0.127665,0.160731,0.089793,0.074269,0.105670,0.069971,0.081768,0.094182,0.094240,0.058005,0.115140,0.125072,0.281746,0.083963,0.079190,0.125051,0.120370,0.078998,0.055296,0.064798,0.114054,0.052580,0.082615,0.124148,0.083466,0.114306,0.105243,0.248982,0.122177,0.099295,0.154516,0.084355,0.083839,0.097985,0.164147,0.075831,0.239676,0.105016,0.100506,0.105748,0.165480,0.154328,0.131240,0.079455,0.098396,0.300129,0.444614,0.117547,0.460356,0.079405,0.084081,0.076735,0.070584,0.081119,0.074514,0.137823,0.142124,0.117232,0.069829,0.077435,0.141645,0.082660,0.112450,0.120718,0.113492,0.039051,0.039305,0.030306,0.108827,0.083803,0.111382,0.082508,0.078311,0.420739,0.443147,0.118442,0.100387,0.042678,0.130199,0.199329,0.101295,0.175720,0.161624,0.207445,0.224925,0.267367,0.238635,0.120494,0.070634,0.124378,0.094199,0.145781,0.150069,0.098867,0.083916,0.150553,0.133530,0.099103,0.653955,0.403485,0.054445,0.136275,0.084199,0.042711,0.219556,0.097136,0.091752,0.269156,0.283593,0.081681,0.145112,0.070430,0.085234,0.119354,0.091968,0.063817,0.073201,0.108282,0.107359,0.092191,0.074777,0.073992,0.084890,0.101198,0.074700,0.143860,0.134994,0.134055,0.141212,0.107592,0.072971,0.119462,0.139717,0.137037,0.129409,0.129854,0.121573,0.173745,0.094992,0.064953,0.124249,0.046828,0.062789,0.104990,0.070583,0.127512,0.771892,0.083672,0.087798,0.093517,0.000000,0.134256,0.095338,0.084055,0.139052,0.053465,0.060690,0.112731,0.097838,0.139462,0.168245,0.128991,0.072717,0.152239,0.117677,0.162448,0.117861,0.111785,0.156159,0.073369,0.124867,0.084351,0.092082,0.125831,0.189217,0.146160,0.113256,0.099278,0.084802,0.117273,0.108831,0.129321,0.169263,0.128220,0.141783,0.147257,0.111465,0.176903,0.107404,0.092098,0.118289,0.134329,0.298236,0.044141,0.130292,0.142816,0.049009,0.055044,0.091696,0.051172,0.141349,0.155781,0.146026,0.059754,0.106610,0.096529
0.160378,0.100396,0.037098,0.056138,0.123004,0.152331,0.110073,0.184609,0.215218,0.101483,0.133816,0.158728,0.269618,0.065822,0.119076,0.175885,0.061813,0.086920,0.166280,0.168255,0.143417,0.076615,0.133268,0.218957,0.078852,0.065588,0.097392,0.067347,0.054604,0.121247,0.118669,0.055865,0.080555,0.079764,0.187371,0.072103,0.059653,0.089478,0.086407,0.067801,0.058349,0.043464,0.084763,0.046581,0.053873,0.083439,0.063609,0.142903,0.069919,0.170660,0.091714,0.088430,0.261985,0.056289,0.074310,0.122647,0.184229,0.051866,0.128500,0.067960,0.067406,0.057644,0.195316,0.190345,0.154020,0.059586,0.145394,0.170454,0.137326,0.167157,0.151702,0.070797,0.072220,0.062357,0.059074,0.091323,0.062521,0.168531,0.169951,0.114137,0.053446,0.058331,0.120185,0.054475,0.087082,0.099696,0.134214,0.036381,0.042250,0.031258,0.078188,0.073584,0.101758,0.089877,0.080169,0.147238,0.150497,0.076601,0.077297,0.046449,0.235986,0.155985,0.073869,0.136596,0.124498,0.119558,0.136333,0.152334,0.134608,0.084290,0.084293,0.179142,0.084936,0.197066,0.138997,0.102668,0.062597,0.118083,0.135154,0.094983,0.125163,0.141039,0.051850,0.192391,0.071938,0.050757,0.138404,0.082815,0.089818,0.163264,0.155052,0.126928,0.125134,0.061602,0.098546,0.121983,0.077626,0.047875,0.078904,0.129931,0.130883,0.075518,0.057855,0.077126,0.083723,0.093190,0.051913,0.193515,0.128162,0.137346,0.137885,0.119614,0.090771,0.232847,0.268640,0.278283,0.095950,0.097263,0.125487,0.344737,0.100444,0.079562,0.175988,0.052982,0.058947,0.142269,0.067599,0.179966,0.130192,0.064062,0.097568,0.094929,0.134256,0.000000,0.091063,0.062871,0.249599,0.062069,0.079313,0.162635,0.085590,0.154252,0.339616,0.224742,0.078756,0.111863,0.155971,0.212865,0.086510,0.160539,0.179586,0.093004,0.150477,0.069516,0.087036,0.195815,0.154032,0.193215,0.143752,0.160633,0.102893,0.097306,0.079414,0.133997,0.126746,0.205218,0.168149,0.159754,0.074446,0.121467,0.104202,0.091241,0.150205,0.147540,0.124274,0.049409,0.162583,0.234953,0.050395,0.050674,0.105008,0.060443,0.277883,0.173105,0.102612,0.045304,0.088996,0.083362
0.090433,0.054309,0.042992,0.046425,0.086457,0.085564,0.092166,0.089063,0.075452,0.082712,0.100170,0.078514,0.101774,0.039349,0.065066,0.115555,0.073612,0.062140,0.090260,0.109273,0.067415,0.091189,0.083715,0.081803,0.138203,0.084710,0.107828,0.098558,0.092717,0.091330,0.094804,0.074609,0.136398,0.135911,0.105671,0.104814,0.073191,0.136164,0.119908,0.085980,0.071507,0.067329,0.128589,0.057704,0.075747,0.128038,0.071491,0.080136,0.097917,0.107613,0.140423,0.102512,0.085975,0.075517,0.099025,0.089116,0.095235,0.077581,0.068380,0.090112,0.094602,0.097576,0.101048,0.100652,0.106733,0.071870,0.077948,0.104421,0.089102,0.105146,0.083460,0.085402,0.090054,0.094383,0.076855,0.073707,0.082190,0.095015,0.097180,0.080663,0.079669,0.073151,0.084506,0.074544,0.135531,0.079408,0.081338,0.037501,0.033569,0.027271,0.130387,0.125516,0.142715,0.107782,0.107956,0.087856,0.089631,0.071457,0.085865,0.041146,0.086616,0.090849,0.086018,0.068094,0.073259,0.102943,0.092292,0.084777,0.086775,0.125368,0.107241,0.099431,0.096211,0.098690,0.099143,0.100783,0.077792,0.083465,0.079659,0.093870,0.099952,0.083672,0.036022,0.091213,0.086033,0.030982,0.073244,0.079354,0.415390,0.100456,0.087955,0.074695,0.087302,0.076073,0.437128,0.078457,0.087362,0.072889,0.102571,0.078477,0.081513,0.106419,0.084792,0.141862,0.117799,0.107648,0.084329,0.098963,0.081803,0.087982,0.099662,0.074594,0.059451,0.113811,0.089132,0.093364,0.067469,0.126375,0.071253,0.093982,0.075646,0.094475,0.095661,0.044004,0.039673,0.072446,0.092314,0.097656,0.094258,0.079740,0.077181,0.076821,0.095338,0.091063,0.000000,0.085421,0.093964,0.047682,0.055927,0.113627,0.083429,0.087275,0.092723,0.083499,0.104856,0.089668,0.121768,0.093557,0.101809,0.124581,0.072193,0.051097,0.091286,0.056266,0.057920,0.078592,0.094166,0.083645,0.069302,0.106137,0.074578,0.070907,0.133221,0.086724,0.069608,0.085075,0.092387,0.121745,0.076922,0.067449,0.101644,0.164949,0.092025,0.108135,0.075811,0.037973,0.120099,0.103718,0.041159,0.054559,0.071127,0.074387,0.096254,0.090830,0.110581,0.048384,0.090845,0.081109
0.081862,0.044544,0.047424,0.047809,0.055468,0.082267,0.052469,0.100709,0.077203,0.068381,0.085444,0.072829,0.069760,0.037568,0.071260,0.082360,0.124933,0.043659,0.080690,0.064526,0.077024,0.045888,0.096590,0.082242,0.129083,0.106159,0.108589,0.103362,0.466422,0.083715,0.081541,0.144595,0.168836,0.158144,0.098319,0.147312,0.149495,0.150878,0.163654,0.145817,0.156329,0.126201,0.161445,0.100892,0.143207,0.156361,0.146415,0.070133,0.181002,0.088365,0.152015,0.102457,0.067378,0.141447,0.141912,0.085187,0.078177,0.131428,0.069183,0.184327,0.177013,0.186908,0.078559,0.080530,0.076413,0.118751,0.075400,0.100536,0.080962,0.064029,0.085608,0.146737,0.143725,0.157299,0.121921,0.066015,0.160316,0.073271,0.072453,0.068565,0.122684,0.122019,0.078426,0.136854,0.155717,0.084190,0.067264,0.048200,0.052828,0.033259,0.156678,0.120513,0.179514,0.144755,0.147005,0.072069,0.074676,0.063608,0.062550,0.047616,0.078011,0.064867,0.062897,0.064456,0.054909,0.067981,0.074148,0.083364,0.086473,0.155655,0.082216,0.075971,0.170362,0.078944,0.075899,0.066348,0.114980,0.077292,0.073518,0.101614,0.081778,0.072218,0.042165,0.076272,0.141684,0.038784,0.067513,0.055184,0.079434,0.102327,0.100807,0.074376,0.087600,0.139667,0.083815,0.090430,0.095698,0.118068,0.132961,0.070500,0.082044,0.158404,0.159296,0.102327,0.169021,0.055121,0.142211,0.073717,0.084353,0.085366,0.075621,0.070060,0.039000,0.055199,0.057617,0.059798,0.059399,0.166954,0.077575,0.076323,0.059313,0.129883,0.071454,0.043956,0.043777,0.073717,0.107432,0.086567,0.083298,0.533978,0.075290,0.085482,0.084055,0.062871,0.085421,0.000000,0.077288,0.048083,0.039012,0.062303,0.051919,0.080767,0.078661,0.062635,0.042938,0.051942,0.059577,0.107443,0.071966,0.064644,0.082628,0.065357,0.090687,0.048967,0.067818,0.060104,0.060383,0.084460,0.074709,0.055485,0.055219,0.046671,0.174367,0.071830,0.060512,0.072976,0.076349,0.116449,0.060856,0.064107,0.117445,0.082061,0.074298,0.102504,0.072895,0.054476,0.078447,0.069649,0.051549,0.042436,0.055464,0.127925,0.059098,0.072386,0.063341,0.036333,0.049980,0.058961
0.183575,0.078579,0.043719,0.047192,0.112745,0.140208,0.115965,0.178287,0.194912,0.112144,0.144952,0.149279,0.198398,0.050705,0.123619,0.173024,0.067382,0.099099,0.180899,0.200158,0.122972,0.079882,0.136088,0.206898,0.070788,0.065179,0.090148,0.061014,0.065428,0.119560,0.109861,0.061997,0.086223,0.082484,0.151935,0.075835,0.065666,0.087399,0.073487,0.060447,0.051298,0.050073,0.086716,0.048276,0.065940,0.086289,0.068154,0.138438,0.072446,0.144694,0.080657,0.079049,0.236966,0.072368,0.079133,0.110530,0.205467,0.066930,0.144389,0.069264,0.069016,0.074159,0.229530,0.203240,0.153320,0.062647,0.128608,0.152726,0.145281,0.147830,0.131126,0.079309,0.079723,0.070650,0.065260,0.097136,0.065585,0.174075,0.181435,0.111192,0.058176,0.062244,0.134521,0.052074,0.101191,0.109884,0.128731,0.044709,0.040531,0.027665,0.095952,0.064796,0.094036,0.084779,0.084584,0.136919,0.149319,0.121549,0.099205,0.051742,0.670270,0.114806,0.097848,0.135566,0.131378,0.122669,0.140688,0.135469,0.144445,0.085433,0.064810,0.181795,0.078700,0.206481,0.130970,0.108605,0.068678,0.120647,0.139063,0.112565,0.132804,0.135150,0.047964,0.171981,0.079103,0.058559,0.141617,0.095708,0.092019,0.139412,0.163597,0.116466,0.134590,0.058369,0.100039,0.137729,0.086512,0.053119,0.071768,0.129191,0.132790,0.083082,0.066143,0.067018,0.082122,0.096517,0.065257,0.169832,0.135761,0.144323,0.135547,0.126182,0.091916,0.170265,0.202541,0.205541,0.080361,0.099562,0.133194,0.280061,0.094140,0.070911,0.163917,0.058118,0.057256,0.124250,0.060882,0.205240,0.126166,0.066013,0.107314,0.107682,0.139052,0.249599,0.093964,0.077288,0.000000,0.054768,0.072998,0.137900,0.080365,0.154907,0.260158,0.326135,0.081636,0.096378,0.159826,0.202741,0.074691,0.144221,0.171469,0.084188,0.126813,0.065831,0.073679,0.238774,0.109723,0.169192,0.128507,0.128308,0.085379,0.084766,0.080430,0.142100,0.134459,0.233668,0.172565,0.160518,0.096975,0.123158,0.085745,0.066731,0.168523,0.144349,0.120541,0.042024,0.171416,0.217858,0.049710,0.054966,0.093768,0.056064,0.206957,0.172205,0.082402,0.048688,0.100399,0.095544
0.049910,0.041531,0.042880,0.036261,0.046955,0.043820,0.047526,0.058948,0.047077,0.047711,0.054168,0.041023,0.054981,0.028026,0.041193,0.049656,0.058674,0.046654,0.048430,0.045298,0.059310,0.040854,0.039174,0.048865,0.044164,0.051025,0.057255,0.050540,0.053707,0.045160,0.048338,0.059835,0.058798,0.055644,0.053843,0.061982,0.051120,0.057340,0.064043,0.058393,0.055137,0.059486,0.064346,0.061441,0.051079,0.057138,0.051610,0.045308,0.055222,0.046332,0.056653,0.057396,0.051653,0.051351,0.057452,0.049723,0.049528,0.054418,0.036309,0.055130,0.056826,0.049300,0.049822,0.050746,0.045151,0.060561,0.046393,0.053242,0.049841,0.052424,0.050170,0.047729,0.050211,0.046202,0.058648,0.043853,0.045202,0.055737,0.056146,0.037973,0.058390,0.054152,0.047851,0.047129,0.061302,0.048475,0.048105,0.041176,0.043905,0.052010,0.064466,0.042851,0.062580,0.053446,0.060358,0.046392,0.047932,0.041540,0.039223,0.042450,0.052854,0.049205,0.037803,0.036001,0.029130,0.044079,0.050512,0.052494,0.041810,0.065023,0.042671,0.054972,0.053338,0.047538,0.042395,0.045165,0.056737,0.055526,0.043181,0.051765,0.048566,0.048313,0.030969,0.051747,0.048077,0.026268,0.037663,0.033233,0.050917,0.052268,0.047590,0.052945,0.047079,0.060472,0.052683,0.051559,0.052055,0.054888,0.050097,0.048213,0.049262,0.053468,0.049004,0.040785,0.056425,0.046154,0.049995,0.056334,0.045694,0.049912,0.058514,0.045921,0.045920,0.050383,0.058941,0.056906,0.041381,0.061115,0.052900,0.056992,0.046320,0.053941,0.053510,0.023365,0.028295,0.059430,0.052549,0.053017,0.049061,0.052698,0.055483,0.058047,0.053465,0.062069,0.047682,0.048083,0.054768,0.000000,0.045764,0.054398,0.039393,0.050490,0.056547,0.048152,0.035757,0.039456,0.045907,0.064182,0.051363,0.043920,0.049229,0.048100,0.049010,0.036070,0.055896,0.040766,0.048583,0.049654,0.060339,0.042398,0.042760,0.039182,0.061021,0.045645,0.036108,0.048826,0.051565,0.055750,0.034353,0.039831,0.059520,0.045627,0.046895,0.053161,0.046768,0.036642,0.046700,0.044053,0.029749,0.033735,0.046407,0.049751,0.054493,0.057997,0.036004,0.027372,0.046529,0.036092
0.133462,0.049881,0.043271,0.038448,0.073871,0.071839,0.071389,0.092501,0.058259,0.066453,0.055109,0.106609,0.092352,0.028644,0.052060,0.082035,0.044493,0.198070,0.114442,0.113047,0.057582,0.087790,0.059582,0.065341,0.048570,0.046219,0.046361,0.049604,0.035637,0.094161,0.101141,0.049478,0.046039,0.053891,0.075624,0.051487,0.037549,0.049188,0.051569,0.045093,0.048902,0.045069,0.047247,0.044984,0.039427,0.044751,0.036683,0.056259,0.038203,0.055920,0.052394,0.050181,0.086354,0.040303,0.054104,0.097836,0.145844,0.045856,0.067052,0.040264,0.035212,0.038245,0.141879,0.145448,0.121564,0.048921,0.104780,0.064981,0.058192,0.080727,0.060157,0.039998,0.041729,0.032158,0.039190,0.040367,0.043827,0.124868,0.122162,0.089726,0.045537,0.051512,0.070770,0.035650,0.045839,0.059485,0.107908,0.038461,0.040704,0.041916,0.040066,0.048105,0.048557,0.047342,0.041298,0.054842,0.056780,0.051326,0.047164,0.046315,0.075212,0.058125,0.050053,0.043854,0.050647,0.055562,0.062708,0.065083,0.058141,0.048182,0.038054,0.117194,0.041778,0.131024,0.089707,0.081838,0.040734,0.068477,0.072801,0.044228,0.065503,0.056697,0.028058,0.075853,0.041428,0.027690,0.068287,0.046900,0.059992,0.071691,0.065913,0.100298,0.074043,0.039462,0.055060,0.102948,0.047212,0.044337,0.049952,0.108276,0.096920,0.038817,0.042203,0.038489,0.041274,0.059851,0.039601,0.078531,0.064094,0.063476,0.079991,0.085970,0.199940,0.065357,0.076119,0.076191,0.047191,0.050786,0.102136,0.089184,0.062489,0.050297,0.080846,0.028459,0.035039,0.053207,0.048800,0.116663,0.056069,0.038154,0.081925,0.083361,0.060690,0.079313,0.055927,0.039012,0.072998,0.045764,0.000000,0.077810,0.090261,0.067563,0.091949,0.080564,0.082182,0.060929,0.067275,0.086053,0.043638,0.069542,0.083948,0.044077,0.078700,0.039645,0.046302,0.070782,0.053592,0.075878,0.055018,0.078741,0.086576,0.055167,0.046086,0.062764,0.046394,0.069923,0.130748,0.081098,0.045578,0.051945,0.059401,0.061704,0.063545,0.080950,0.047029,0.045546,0.124263,0.081442,0.035266,0.031992,0.069396,0.044036,0.076755,0.127701,0.046995,0.028528,0.060068,0.048219
0.152680,0.063469,0.042150,0.051288,0.141028,0.166378,0.096633,0.159965,0.129025,0.101917,0.101753,0.135734,0.160695,0.044077,0.087334,0.220582,0.066041,0.092537,0.123481,0.128133,0.086568,0.093431,0.105327,0.142349,0.095686,0.064213,0.082439,0.063525,0.059227,0.110573,0.107213,0.053876,0.086125,0.097209,0.135745,0.075290,0.053130,0.091998,0.097772,0.067172,0.051212,0.054537,0.093575,0.041873,0.058338,0.088662,0.051147,0.130020,0.082145,0.097299,0.091024,0.082033,0.155372,0.055360,0.077546,0.110140,0.183867,0.062469,0.111611,0.081837,0.071801,0.080267,0.175033,0.167695,0.146703,0.060762,0.128988,0.144556,0.102161,0.631349,0.108534,0.064463,0.069252,0.059295,0.060915,0.066382,0.071482,0.149191,0.154070,0.098865,0.054246,0.054975,0.103277,0.056855,0.110640,0.097705,0.124418,0.038610,0.042262,0.033701,0.093391,0.094077,0.096369,0.081840,0.076463,0.125256,0.126135,0.092636,0.100645,0.046075,0.132131,0.111752,0.098419,0.090750,0.074644,0.095960,0.107494,0.123245,0.120357,0.089610,0.076387,0.119749,0.094270,0.170421,0.141370,0.136178,0.063305,0.110866,0.138248,0.091861,0.118696,0.124979,0.035999,0.224348,0.066224,0.034422,0.111035,0.085884,0.097288,0.108309,0.125934,0.122018,0.100398,0.057288,0.105145,0.121510,0.080012,0.061447,0.084667,0.120880,0.112114,0.077006,0.065566,0.089352,0.075189,0.107363,0.063002,0.225415,0.118334,0.119447,0.125839,0.108871,0.095041,0.162416,0.157626,0.160717,0.089820,0.085273,0.118137,0.167949,0.096933,0.077873,0.234169,0.047117,0.045054,0.087843,0.064468,0.130582,0.106573,0.066672,0.099276,0.098191,0.112731,0.162635,0.113627,0.062303,0.137900,0.054398,0.077810,0.000000,0.098992,0.138553,0.176965,0.126804,0.088695,0.089583,0.234384,0.161524,0.081721,0.500916,0.196520,0.085556,0.137216,0.067174,0.075254,0.134444,0.113742,0.197150,0.090955,0.239666,0.093697,0.070623,0.084008,0.142392,0.085419,0.134360,0.147429,0.133640,0.092627,0.102853,0.089013,0.103059,0.162946,0.123371,0.090758,0.058478,0.163171,0.140084,0.040419,0.050334,0.098335,0.058949,0.166590,0.156853,0.104779,0.035991,0.108295,0.090246
0.090002,0.056545,0.047594,0.056624,0.105354,0.086340,0.101661,0.104591,0.067933,0.094499,0.100372,0.091606,0.101179,0.037557,0.068617,0.083824,0.060245,0.101822,0.079579,0.074309,0.057849,0.148241,0.118018,0.076251,0.069106,0.051431,0.078041,0.048606,0.055137,0.065209,0.060615,0.046902,0.066935,0.072049,0.119802,0.057289,0.050102,0.067175,0.072789,0.050317,0.049559,0.039142,0.071349,0.037922,0.051534,0.067796,0.049268,0.069520,0.064190,0.099218,0.069163,0.071794,0.100064,0.052682,0.059159,0.063038,0.096676,0.050883,0.090146,0.063230,0.053096,0.056587,0.097230,0.093684,0.081289,0.046171,0.064345,0.113390,0.107812,0.095126,0.108353,0.049547,0.050698,0.051898,0.055580,0.059001,0.056276,0.077264,0.084494,0.060793,0.049520,0.052063,0.102079,0.045722,0.068711,0.095226,0.072353,0.049686,0.049073,0.037348,0.063847,0.069742,0.075788,0.066552,0.059220,0.091722,0.093329,0.062237,0.068144,0.050893,0.086044,0.102979,0.066576,0.063121,0.066135,0.086935,0.090323,0.111704,0.098581,0.071290,0.069681,0.077431,0.075562,0.091742,0.123223,0.113923,0.053333,0.115003,0.095818,0.071786,0.106492,0.092700,0.040006,0.083364,0.051522,0.035341,0.090235,0.060454,0.082510,0.104784,0.100523,0.068076,0.106214,0.047593,0.074515,0.071688,0.074109,0.041986,0.069479,0.075678,0.058584,0.064345,0.048821,0.062155,0.071991,0.141597,0.053024,0.093535,0.146344,0.144657,0.201297,0.063485,0.102145,0.076046,0.100587,0.085154,0.068690,0.073230,0.065925,0.110014,0.091673,0.071424,0.092467,0.029285,0.038716,0.056869,0.050599,0.087843,0.108260,0.054760,0.059091,0.063316,0.097838,0.085590,0.083429,0.051919,0.080365,0.039393,0.090261,0.098992,0.000000,0.070409,0.104975,0.066930,0.140647,0.077444,0.078351,0.097171,0.078923,0.088760,0.076676,0.052426,0.085297,0.063415,0.082032,0.064861,0.098625,0.081699,0.060145,0.092147,0.159958,0.073161,0.058858,0.098051,0.063920,0.084507,0.083678,0.126002,0.060333,0.084106,0.078406,0.084642,0.081545,0.194134,0.076199,0.050388,0.085961,0.091054,0.036185,0.044021,0.086898,0.049995,0.087597,0.078271,0.071571,0.041974,0.143005,0.062239
0.127186,0.077480,0.041851,0.041972,0.102991,0.136947,0.090553,0.184624,0.124445,0.083417,0.132598,0.135313,0.155814,0.061051,0.107603,0.163357,0.052907,0.083439,0.106479,0.107018,0.119367,0.076915,0.108105,0.130768,0.074992,0.066105,0.093183,0.066889,0.075855,0.121957,0.101720,0.063588,0.115771,0.106684,0.151276,0.090321,0.068119,0.102530,0.110178,0.068142,0.065184,0.062223,0.109708,0.046150,0.060680,0.101910,0.066494,0.603549,0.083293,0.143733,0.111493,0.089478,0.153949,0.067751,0.089363,0.105596,0.161442,0.062057,0.130398,0.078851,0.092270,0.084349,0.167212,0.163287,0.128956,0.061026,0.110021,0.168874,0.118182,0.140459,0.114590,0.082045,0.074228,0.075435,0.056098,0.076822,0.074662,0.140478,0.145316,0.111341,0.064561,0.075031,0.127334,0.062552,0.100560,0.106555,0.105777,0.031119,0.034546,0.025742,0.107919,0.072462,0.102946,0.075580,0.074848,0.111776,0.125869,0.112231,0.121521,0.043692,0.139633,0.108894,0.120212,0.110479,0.108422,0.132044,0.136498,0.121286,0.120897,0.108981,0.073330,0.123228,0.087591,0.176569,0.157968,0.085367,0.067033,0.132046,0.119730,0.086549,0.142647,0.112704,0.040604,0.163603,0.073815,0.045430,0.121264,0.092656,0.078480,0.141990,0.152194,0.106519,0.136164,0.067559,0.080252,0.097195,0.080223,0.057096,0.066779,0.097658,0.109898,0.084916,0.075993,0.065046,0.102465,0.093292,0.069381,0.162661,0.125813,0.132665,0.106281,0.114677,0.086368,0.119288,0.124278,0.140990,0.076308,0.108798,0.129864,0.168308,0.092425,0.061641,0.156552,0.041335,0.057331,0.116831,0.063521,0.113294,0.129181,0.080431,0.084974,0.078825,0.139462,0.154252,0.087275,0.080767,0.154907,0.050490,0.067563,0.138553,0.070409,0.000000,0.184170,0.136369,0.070370,0.102642,0.167055,0.195288,0.095372,0.142006,0.205899,0.116943,0.126614,0.057953,0.084330,0.127595,0.099755,0.181788,0.117578,0.134925,0.072053,0.062539,0.124302,0.134097,0.116601,0.126721,0.143893,0.169712,0.099867,0.102070,0.093594,0.082490,0.543264,0.127276,0.106729,0.038309,0.148773,0.136283,0.046980,0.042555,0.078054,0.051221,0.146931,0.132355,0.075397,0.062527,0.077756,0.091766
0.223776,0.109749,0.041448,0.051301,0.144199,0.191666,0.132018,0.205640,0.249843,0.127184,0.183009,0.187836,0.272291,0.048762,0.125454,0.187484,0.074725,0.098688,0.187197,0.179996,0.157198,0.086729,0.150293,0.252843,0.089528,0.062102,0.102305,0.061248,0.073416,0.150205,0.154937,0.052589,0.084179,0.101377,0.196531,0.089565,0.063626,0.107004,0.090122,0.074760,0.054444,0.057527,0.088722,0.048903,0.069776,0.098554,0.071935,0.148517,0.085047,0.159398,0.101260,0.094619,0.263247,0.066241,0.090913,0.162037,0.257296,0.068667,0.137430,0.084772,0.078445,0.083021,0.250598,0.261084,0.190492,0.069495,0.166561,0.181884,0.148954,0.189841,0.152286,0.078666,0.086841,0.069329,0.074549,0.090589,0.065709,0.214998,0.211502,0.159096,0.057753,0.064403,0.113834,0.078432,0.125959,0.128244,0.156730,0.039717,0.037628,0.031860,0.108855,0.086995,0.094157,0.084897,0.077286,0.156206,0.165769,0.097242,0.105089,0.041161,0.259875,0.154679,0.100489,0.139127,0.132804,0.130337,0.137646,0.155298,0.141320,0.089626,0.073444,0.196161,0.083908,0.217686,0.150813,0.123514,0.069452,0.135652,0.165733,0.097539,0.167056,0.151764,0.058301,0.212128,0.101948,0.056734,0.150413,0.095486,0.082008,0.166952,0.172197,0.157648,0.122474,0.074707,0.096266,0.147597,0.097282,0.057180,0.066411,0.145482,0.162258,0.085291,0.076646,0.085199,0.086618,0.120674,0.068468,0.215654,0.161248,0.166909,0.155003,0.154182,0.100017,0.244879,0.266024,0.276554,0.102132,0.116478,0.153468,0.719970,0.109516,0.075316,0.214660,0.044347,0.054228,0.156829,0.066131,0.194082,0.148056,0.072669,0.126740,0.127861,0.168245,0.339616,0.092723,0.078661,0.260158,0.056547,0.091949,0.176965,0.104975,0.184170,0.000000,0.234395,0.083367,0.112701,0.183958,0.212831,0.082505,0.185815,0.201166,0.098811,0.181964,0.081063,0.093789,0.222611,0.146682,0.198406,0.164137,0.143477,0.114310,0.096169,0.102198,0.152948,0.130110,0.217957,0.229675,0.147679,0.099217,0.140456,0.106921,0.089145,0.163629,0.169150,0.128392,0.046581,0.199040,0.245564,0.046403,0.045852,0.104815,0.054899,0.291674,0.217070,0.110786,0.041627,0.115690,0.103341
0.143297,0.077996,0.052105,0.050049,0.103742,0.126792,0.104651,0.156136,0.166613,0.111348,0.143589,0.122826,0.198498,0.052744,0.093493,0.145952,0.058383,0.097895,0.181970,0.167912,0.118256,0.072364,0.104881,0.181813,0.071841,0.062831,0.078959,0.051457,0.054692,0.099285,0.096677,0.049587,0.070613,0.070022,0.133123,0.056369,0.044072,0.064383,0.074384,0.051216,0.046848,0.045084,0.071587,0.044726,0.052744,0.073915,0.052454,0.120712,0.059843,0.112899,0.071585,0.078279,0.217766,0.056076,0.071292,0.108876,0.188928,0.052892,0.114306,0.061103,0.055542,0.056498,0.187427,0.189107,0.134789,0.053586,0.107988,0.123691,0.130911,0.130057,0.137451,0.069694,0.073862,0.060854,0.046442,0.080473,0.056046,0.144749,0.147250,0.115029,0.047575,0.052154,0.109737,0.059717,0.074448,0.087290,0.102868,0.051455,0.044166,0.031513,0.072897,0.064181,0.078722,0.065545,0.070606,0.144854,0.136365,0.093912,0.083331,0.045082,0.331808,0.108933,0.087842,0.113220,0.104014,0.100621,0.119895,0.107628,0.109601,0.074372,0.059952,0.168692,0.060136,0.164323,0.148804,0.100143,0.058146,0.108482,0.111827,0.076803,0.137322,0.128056,0.044191,0.164819,0.065604,0.047765,0.110510,0.079688,0.064081,0.120245,0.126466,0.103737,0.107267,0.051173,0.069948,0.111072,0.079158,0.057018,0.065860,0.096810,0.105817,0.067340,0.057654,0.067137,0.068839,0.103986,0.064390,0.160327,0.116699,0.120869,0.120353,0.101347,0.094375,0.169944,0.188606,0.207937,0.074256,0.083268,0.106434,0.232465,0.084022,0.071030,0.132869,0.041237,0.053609,0.120506,0.062306,0.174583,0.116125,0.057113,0.086839,0.092270,0.128991,0.224742,0.083499,0.062635,0.326135,0.048152,0.080564,0.126804,0.066930,0.136369,0.234395,0.000000,0.066322,0.103533,0.124481,0.177754,0.066866,0.120807,0.176258,0.068133,0.121165,0.070073,0.074128,0.208011,0.104759,0.173314,0.126706,0.119876,0.087293,0.074715,0.079280,0.105111,0.109763,0.220347,0.134429,0.122128,0.080738,0.104623,0.083160,0.082023,0.132323,0.123641,0.104314,0.043722,0.140378,0.186160,0.039469,0.059683,0.083834,0.051958,0.205629,0.140555,0.083239,0.053357,0.088041,0.081611
0.076760,0.043757,0.051319,0.044629,0.086628,0.075484,0.073145,0.077697,0.058314,0.071426,0.080916,0.080710,0.098356,0.034398,0.058513,0.092361,0.051087,0.073269,0.074305,0.084219,0.060535,0.610469,0.111142,0.071775,0.081794,0.045870,0.069186,0.058434,0.039841,0.057107,0.055454,0.048989,0.061420,0.061527,0.095193,0.051123,0.044142,0.059358,0.063051,0.045861,0.044274,0.036795,0.058643,0.035684,0.053556,0.054926,0.042591,0.063728,0.056220,0.077320,0.059150,0.065924,0.090653,0.040390,0.049512,0.060273,0.085807,0.044233,0.068032,0.056533,0.052246,0.054443,0.086706,0.084778,0.081045,0.041625,0.063201,0.089527,0.074570,0.089910,0.073043,0.048632,0.046093,0.047021,0.053193,0.053728,0.053931,0.069850,0.071417,0.061187,0.046216,0.045621,0.101309,0.045573,0.063065,0.087798,0.067180,0.035614,0.035955,0.036102,0.058014,0.071657,0.060859,0.050473,0.046496,0.067235,0.067961,0.051930,0.055701,0.043826,0.070261,0.075708,0.056953,0.058153,0.058090,0.072028,0.075345,0.072496,0.086920,0.068140,0.054852,0.069492,0.054342,0.088189,0.112073,0.101385,0.046263,0.115446,0.076110,0.067214,0.084565,0.065890,0.039991,0.076281,0.049449,0.027619,0.075428,0.051328,0.098959,0.081141,0.087135,0.056365,0.105255,0.047645,0.105644,0.058079,0.068974,0.041616,0.066584,0.067664,0.056281,0.058642,0.049191,0.085967,0.056717,0.157923,0.049776,0.084412,0.118837,0.120308,0.182665,0.054066,0.073249,0.086899,0.069523,0.071092,0.064130,0.067707,0.063216,0.084825,0.072764,0.054237,0.073884,0.032336,0.033159,0.064016,0.052048,0.075764,0.079866,0.039835,0.053519,0.051271,0.072717,0.078756,0.104856,0.042938,0.081636,0.035757,0.082182,0.088695,0.140647,0.070370,0.083367,0.066322,0.000000,0.081756,0.101010,0.083089,0.066943,0.094045,0.077500,0.047155,0.076827,0.051775,0.062207,0.068177,0.081984,0.079900,0.059525,0.095727,0.130452,0.071721,0.056048,0.081348,0.056302,0.064716,0.073765,0.097460,0.056232,0.074670,0.066669,0.086494,0.064503,0.185989,0.055824,0.040738,0.089536,0.080774,0.044420,0.054969,0.064126,0.041552,0.070088,0.070062,0.080348,0.038770,0.155287,0.053245
0.101781,0.076901,0.047013,0.053480,0.090925,0.102675,0.086004,0.096550,0.077958,0.087535,0.143501,0.104528,0.114131,0.046899,0.168132,0.116324,0.056858,0.060821,0.078680,0.091108,0.078854,0.079759,0.080051,0.102657,0.081022,0.064386,0.069259,0.065766,0.059941,0.085146,0.075417,0.046149,0.074654,0.081385,0.160614,0.052530,0.047150,0.084968,0.074724,0.059535,0.049539,0.042922,0.076402,0.041279,0.059477,0.081778,0.045866,0.088744,0.058284,0.154275,0.079643,0.062040,0.118529,0.053085,0.050177,0.078231,0.103531,0.050682,0.131515,0.059807,0.056840,0.057561,0.101725,0.096560,0.118319,0.050380,0.081555,0.178794,0.142482,0.091572,0.151608,0.055386,0.061176,0.057022,0.056076,0.061925,0.058002,0.091035,0.089276,0.081066,0.060471,0.056089,0.108099,0.048293,0.071005,0.078705,0.081578,0.047590,0.041585,0.032557,0.073988,0.078412,0.077081,0.060736,0.068252,0.158342,0.154344,0.079315,0.086736,0.041337,0.094135,0.130446,0.093521,0.159041,0.142906,0.143587,0.155042,0.151704,0.126044,0.081597,0.068841,0.091564,0.063450,0.092777,0.099769,0.103055,0.065446,0.097792,0.083882,0.077651,0.149707,0.149914,0.048136,0.105132,0.059876,0.050233,0.124617,0.078684,0.071652,0.145078,0.150172,0.077006,0.102601,0.046303,0.079913,0.073293,0.077631,0.047226,0.074152,0.082689,0.081708,0.062657,0.055147,0.071066,0.058385,0.091736,0.062413,0.099277,0.072297,0.075554,0.107118,0.059008,0.060655,0.113678,0.113000,0.114830,0.175635,0.088757,0.075828,0.118819,0.076084,0.071007,0.096804,0.038075,0.050529,0.079338,0.065844,0.102514,0.153235,0.048405,0.064605,0.060743,0.152239,0.111863,0.089668,0.051942,0.096378,0.039456,0.060929,0.089583,0.077444,0.102642,0.112701,0.103533,0.081756,0.000000,0.108880,0.103719,0.060522,0.098249,0.104781,0.052850,0.089609,0.083332,0.065200,0.111395,0.122314,0.103805,0.086876,0.090693,0.073456,0.218683,0.081343,0.105067,0.154148,0.113721,0.102068,0.096586,0.076924,0.196223,0.065942,0.087228,0.109753,0.113927,0.122532,0.050656,0.117977,0.097748,0.042389,0.043059,0.070208,0.051520,0.114961,0.088518,0.194539,0.050646,0.085454,0.074947
0.140406,0.061324,0.036897,0.058419,0.133094,0.157831,0.092922,0.145656,0.119678,0.088154,0.116832,0.127071,0.161794,0.041364,0.090071,0.196363,0.054681,0.080258,0.127342,0.130572,0.090159,0.102487,0.089422,0.134459,0.107898,0.062237,0.075339,0.077547,0.059482,0.103896,0.095226,0.049726,0.080594,0.086279,0.143370,0.067901,0.050928,0.080380,0.081443,0.063449,0.050188,0.048572,0.082242,0.039468,0.054699,0.089886,0.043472,0.139259,0.068030,0.110539,0.091531,0.074921,0.178972,0.052694,0.074453,0.096742,0.160429,0.050213,0.111684,0.065111,0.066305,0.061558,0.162486,0.158471,0.138030,0.055080,0.099205,0.151072,0.116038,0.231867,0.116549,0.056547,0.059972,0.053854,0.053162,0.060749,0.064962,0.135131,0.132486,0.096895,0.052536,0.060312,0.108153,0.044760,0.095721,0.088696,0.111423,0.037251,0.035747,0.028567,0.092157,0.100494,0.084084,0.078451,0.064517,0.112560,0.117747,0.081617,0.092559,0.040398,0.159201,0.107113,0.092975,0.093449,0.089120,0.113078,0.121222,0.125303,0.101043,0.088665,0.076652,0.138436,0.081851,0.161602,0.120315,0.109765,0.058245,0.100991,0.125984,0.094693,0.109495,0.104628,0.041888,0.232810,0.066605,0.051150,0.121780,0.081029,0.110516,0.111741,0.139300,0.095837,0.106032,0.051227,0.118741,0.111658,0.067490,0.053876,0.085074,0.110239,0.112003,0.071790,0.060210,0.109514,0.077574,0.105352,0.051701,0.229749,0.094098,0.102070,0.109852,0.094498,0.080317,0.180151,0.169885,0.174891,0.098896,0.084775,0.104631,0.185355,0.088029,0.073421,0.197236,0.042642,0.051506,0.094165,0.070626,0.132021,0.112961,0.060556,0.085610,0.084377,0.117677,0.155971,0.121768,0.059577,0.159826,0.045907,0.067275,0.234384,0.078351,0.167055,0.183958,0.124481,0.101010,0.108880,0.000000,0.158191,0.056304,0.236426,0.165949,0.084029,0.142383,0.062685,0.065228,0.131273,0.107076,0.170751,0.099047,0.210426,0.078622,0.079819,0.081378,0.126547,0.084773,0.139219,0.139023,0.130383,0.078996,0.087781,0.073167,0.090200,0.165685,0.124341,0.098208,0.050720,0.158539,0.147507,0.044634,0.057125,0.080200,0.050389,0.168041,0.134646,0.113465,0.047877,0.097947,0.081994
0.227479,0.081960,0.040738,0.040514,0.165855,0.174802,0.115998,0.556993,0.168857,0.115569,0.178549,0.211884,0.193907,0.064628,0.126517,0.186223,0.086314,0.115204,0.154487,0.150772,0.126238,0.086067,0.144380,0.171210,0.090092,0.069385,0.123296,0.058545,0.108268,0.159243,0.162120,0.066956,0.104074,0.104304,0.206512,0.106563,0.079361,0.103149,0.101893,0.084010,0.068234,0.068028,0.107785,0.051639,0.075763,0.106189,0.074860,0.177944,0.107554,0.151744,0.101929,0.114856,0.189541,0.068561,0.104874,0.166033,0.235223,0.074118,0.155414,0.106350,0.100775,0.099631,0.246482,0.240397,0.207460,0.082541,0.182545,0.208237,0.153628,0.163731,0.149485,0.082005,0.077734,0.079351,0.074851,0.087036,0.099513,0.205900,0.216651,0.126882,0.063009,0.076540,0.169751,0.066573,0.118853,0.136658,0.180187,0.041160,0.036160,0.028571,0.113475,0.089053,0.115193,0.104418,0.104103,0.137992,0.138477,0.118446,0.115065,0.040739,0.193985,0.144753,0.114973,0.104794,0.112914,0.156448,0.167827,0.169864,0.163131,0.112399,0.093920,0.176797,0.095616,0.247021,0.174423,0.102334,0.082827,0.149765,0.174076,0.114754,0.162592,0.130472,0.052867,0.168066,0.077487,0.047686,0.141700,0.110294,0.084409,0.178271,0.220892,0.172643,0.178943,0.093856,0.081919,0.165389,0.121622,0.068785,0.092841,0.159936,0.163648,0.115801,0.092591,0.074498,0.106247,0.108578,0.069342,0.174360,0.165145,0.170276,0.154667,0.168601,0.104482,0.151741,0.167473,0.179690,0.097522,0.136297,0.182369,0.218937,0.102338,0.074731,0.150644,0.050829,0.060759,0.123275,0.073388,0.176510,0.158766,0.106438,0.141189,0.140492,0.162448,0.212865,0.093557,0.107443,0.202741,0.064182,0.086053,0.161524,0.097171,0.195288,0.212831,0.177754,0.083089,0.103719,0.158191,0.000000,0.114228,0.164193,0.203973,0.091596,0.161602,0.067101,0.086408,0.171068,0.145120,0.192426,0.128999,0.145371,0.108063,0.080107,0.136029,0.181431,0.100428,0.184306,0.217743,0.178452,0.120892,0.127411,0.124472,0.098295,0.194184,0.175732,0.122457,0.044594,0.212742,0.172447,0.056373,0.048988,0.104616,0.064002,0.192889,0.219910,0.110439,0.051831,0.102626,0.111299
0.081844,0.057755,0.038728,0.053717,0.067383,0.078472,0.081800,0.105842,0.078407,0.078766,0.109709,0.076123,0.101015,0.049032,0.070990,0.076763,0.078578,0.046351,0.064607,0.066523,0.067370,0.063878,0.084099,0.078126,0.086121,0.068544,0.096101,0.061850,0.070603,0.067952,0.066827,0.071212,0.109570,0.102461,0.110306,0.078174,0.061199,0.097362,0.102178,0.077986,0.065643,0.063523,0.113051,0.048837,0.068644,0.094167,0.069642,0.083467,0.090941,0.098193,0.094219,0.087867,0.078306,0.075433,0.084405,0.075763,0.088794,0.075504,0.066659,0.079201,0.092404,0.084932,0.092159,0.085174,0.075274,0.077084,0.070482,0.099932,0.124077,0.083582,0.121822,0.080417,0.072318,0.093531,0.069314,0.097771,0.078559,0.102591,0.097670,0.075171,0.063885,0.066106,0.143327,0.070602,0.110726,0.106856,0.077725,0.041369,0.040874,0.026603,0.108315,0.085112,0.107124,0.082840,0.082214,0.100806,0.100898,0.068230,0.065496,0.045449,0.066276,0.098787,0.066352,0.078766,0.073655,0.090057,0.098894,0.094945,0.090566,0.104053,0.095869,0.079984,0.081601,0.104817,0.101844,0.098898,0.087149,0.152607,0.089650,0.102268,0.109982,0.100152,0.051164,0.079051,0.073247,0.047876,0.070463,0.070897,0.095656,0.094446,0.102655,0.067045,0.146099,0.080408,0.095868,0.075539,0.095304,0.062906,0.062284,0.081300,0.069775,0.099626,0.085774,0.070960,0.102580,0.093320,0.077969,0.079660,0.099187,0.103335,0.116626,0.060148,0.044218,0.059392,0.071314,0.070323,0.054100,0.107010,0.062179,0.084856,0.066148,0.069122,0.062107,0.063313,0.056925,0.070487,0.068116,0.084129,0.113017,0.076842,0.084259,0.068962,0.117861,0.086510,0.101809,0.071966,0.074691,0.051363,0.043638,0.081721,0.078923,0.095372,0.082505,0.066866,0.066943,0.060522,0.056304,0.114228,0.000000,0.078605,0.106715,0.046037,0.091613,0.066936,0.060597,0.077650,0.091738,0.099079,0.062461,0.055693,0.062499,0.043301,0.091172,0.084200,0.085947,0.093529,0.098378,0.154596,0.084259,0.078425,0.130477,0.101229,0.094670,0.128033,0.074354,0.035883,0.068897,0.085540,0.045148,0.053893,0.068662,0.070258,0.079010,0.099282,0.057854,0.042823,0.089078,0.064644
0.143261,0.067093,0.038223,0.051304,0.134738,0.151438,0.097892,0.163780,0.129461,0.094794,0.102117,0.135414,0.161061,0.047886,0.092268,0.222383,0.061532,0.079457,0.117521,0.125558,0.091947,0.088048,0.107590,0.138070,0.108279,0.061066,0.077256,0.077235,0.061746,0.116914,0.106954,0.055821,0.098098,0.108155,0.136898,0.073054,0.058097,0.101229,0.106004,0.071127,0.049282,0.051697,0.102237,0.042488,0.064860,0.095926,0.049503,0.131447,0.079460,0.095676,0.100895,0.077915,0.165816,0.058022,0.080502,0.113517,0.181574,0.057838,0.114250,0.077909,0.069039,0.074557,0.173947,0.174943,0.149998,0.060935,0.125827,0.146765,0.110085,0.613174,0.105843,0.061522,0.064166,0.060549,0.059087,0.059608,0.068226,0.149623,0.145179,0.097944,0.058333,0.055709,0.098521,0.054794,0.110306,0.098374,0.125802,0.040143,0.038368,0.026623,0.094871,0.102323,0.101013,0.084440,0.084659,0.122815,0.120249,0.094934,0.103589,0.040993,0.131832,0.115576,0.103329,0.091839,0.083827,0.104515,0.112907,0.116838,0.125044,0.100175,0.077404,0.129212,0.089465,0.163106,0.140184,0.117070,0.064466,0.105789,0.132807,0.092130,0.116705,0.123831,0.037043,0.223803,0.064012,0.044401,0.118505,0.091552,0.103492,0.109609,0.129808,0.124865,0.101877,0.059339,0.111523,0.111453,0.073351,0.058754,0.084594,0.119250,0.109530,0.081511,0.065357,0.107605,0.075659,0.114672,0.061263,0.215734,0.113180,0.119442,0.123528,0.110573,0.085245,0.166668,0.161815,0.162404,0.089237,0.090957,0.113129,0.179096,0.096967,0.075734,0.223158,0.050331,0.042468,0.098307,0.067154,0.133155,0.108424,0.063667,0.103496,0.097452,0.111785,0.160539,0.124581,0.064644,0.144221,0.043920,0.069542,0.500916,0.088760,0.142006,0.185815,0.120807,0.094045,0.098249,0.236426,0.164193,0.078605,0.000000,0.192983,0.092380,0.147876,0.073185,0.072309,0.128373,0.115827,0.200789,0.096057,0.242276,0.081446,0.071629,0.094099,0.135906,0.086323,0.132979,0.139536,0.131168,0.094133,0.098961,0.087270,0.095014,0.162061,0.117714,0.092665,0.048533,0.160587,0.153759,0.041397,0.046904,0.095555,0.058193,0.164626,0.144182,0.116726,0.043936,0.105969,0.094004
0.169376,0.084842,0.039010,0.047424,0.128348,0.175132,0.094632,0.183886,0.155359,0.100197,0.174522,0.154771,0.172535,0.044797,0.101798,0.200238,0.068512,0.085916,0.142110,0.128785,0.132809,0.079437,0.129224,0.181166,0.088924,0.066965,0.106531,0.064157,0.092619,0.128935,0.137287,0.063293,0.104352,0.111137,0.162682,0.099927,0.070073,0.106096,0.117168,0.090208,0.069072,0.070142,0.109528,0.050997,0.073629,0.102495,0.073693,0.183081,0.100680,0.118287,0.109014,0.096527,0.184640,0.077652,0.092454,0.140309,0.194230,0.069488,0.139771,0.102360,0.097681,0.095446,0.190241,0.195660,0.157414,0.078134,0.137899,0.176789,0.155694,0.201366,0.161456,0.077965,0.078218,0.077194,0.066587,0.072975,0.074836,0.187266,0.186189,0.114590,0.060859,0.063291,0.125330,0.070893,0.124430,0.117712,0.140949,0.039682,0.033907,0.027889,0.109441,0.081346,0.116193,0.097149,0.089418,0.173671,0.165695,0.111859,0.108423,0.045087,0.167874,0.120671,0.104862,0.111259,0.113249,0.117614,0.121928,0.126898,0.129454,0.110996,0.069963,0.138913,0.106838,0.187325,0.165423,0.104592,0.071971,0.133143,0.155243,0.093280,0.154061,0.147311,0.054045,0.200552,0.077028,0.055598,0.123046,0.086822,0.070701,0.132278,0.168238,0.118895,0.125283,0.068159,0.070688,0.126146,0.090314,0.069479,0.080442,0.135386,0.133748,0.095634,0.086413,0.077517,0.098152,0.083377,0.068511,0.205805,0.138518,0.141486,0.133986,0.129218,0.091861,0.139641,0.155185,0.165285,0.098842,0.121543,0.125806,0.229200,0.095967,0.088330,0.184444,0.044150,0.060191,0.136849,0.065939,0.138715,0.169991,0.084417,0.100942,0.102587,0.156159,0.179586,0.072193,0.082628,0.171469,0.049229,0.083948,0.196520,0.076676,0.205899,0.201166,0.176258,0.077500,0.104781,0.165949,0.203973,0.106715,0.192983,0.000000,0.105395,0.171371,0.059419,0.089148,0.170965,0.113416,0.667720,0.133213,0.173947,0.104539,0.071981,0.103291,0.158655,0.120324,0.170197,0.165677,0.157249,0.090545,0.119362,0.121418,0.089673,0.207233,0.156946,0.117832,0.044178,0.159300,0.160557,0.043680,0.043536,0.082773,0.058463,0.170625,0.183150,0.108563,0.052447,0.081713,0.096054
0.078106,0.044536,0.046226,0.044597,0.055596,0.076680,0.051955,0.097272,0.083329,0.056261,0.067138,0.075340,0.090832,0.037930,0.059865,0.091088,0.061648,0.042294,0.076639,0.078400,0.092808,0.046637,0.078876,0.097510,0.057478,0.061892,0.073996,0.062944,0.065728,0.077178,0.072733,0.062985,0.069736,0.062334,0.075729,0.069217,0.058191,0.064073,0.065317,0.064325,0.066592,0.060582,0.070759,0.054479,0.053631,0.062020,0.053803,0.111870,0.071758,0.080579,0.070316,0.071699,0.091601,0.057573,0.056832,0.071512,0.092208,0.063185,0.072779,0.072262,0.068242,0.077251,0.094623,0.088454,0.080203,0.060931,0.072115,0.082125,0.071665,0.088945,0.068555,0.068714,0.064830,0.079587,0.071855,0.055492,0.071109,0.082599,0.084453,0.062555,0.060217,0.064809,0.065183,0.055570,0.058645,0.052618,0.070708,0.045958,0.044590,0.041490,0.071602,0.051364,0.058155,0.062842,0.060680,0.073366,0.079185,0.055027,0.048718,0.048934,0.079177,0.055747,0.048096,0.066873,0.066736,0.069589,0.067809,0.073042,0.068599,0.062507,0.057899,0.082717,0.063428,0.087761,0.066507,0.054554,0.074152,0.067581,0.074984,0.067070,0.076523,0.073861,0.032989,0.087590,0.076458,0.031309,0.072195,0.047657,0.046971,0.075733,0.079733,0.081535,0.067739,0.065394,0.051511,0.077828,0.054366,0.069401,0.056481,0.075836,0.075104,0.058283,0.079260,0.048273,0.056733,0.049661,0.059186,0.085264,0.077496,0.082669,0.063692,0.073832,0.041682,0.062500,0.076322,0.076244,0.052772,0.058086,0.073483,0.111389,0.050061,0.052832,0.074248,0.038615,0.033945,0.087617,0.058326,0.084067,0.074768,0.072064,0.081798,0.071413,0.073369,0.093004,0.051097,0.065357,0.084188,0.048100,0.044077,0.085556,0.052426,0.116943,0.098811,0.068133,0.047155,0.052850,0.084029,0.091596,0.046037,0.092380,0.105395,0.000000,0.098428,0.049135,0.069917,0.071519,0.055555,0.097051,0.094101,0.072226,0.046004,0.046502,0.058840,0.074005,0.065732,0.072692,0.079143,0.078890,0.048770,0.066524,0.070524,0.045195,0.120125,0.079799,0.065374,0.048329,0.079840,0.095528,0.044872,0.044395,0.046973,0.062827,0.074137,0.080949,0.061084,0.039493,0.050747,0.044000
0.151648,0.085212,0.049460,0.055547,0.103847,0.135648,0.088467,0.184739,0.142821,0.089928,0.131665,0.143087,0.151944,0.046093,0.106853,0.156958,0.072970,0.092653,0.124518,0.115724,0.099814,0.073479,0.135065,0.167633,0.083589,0.067013,0.108510,0.070930,0.079473,0.118364,0.110628,0.068433,0.095314,0.101830,0.142124,0.086837,0.063564,0.101539,0.097923,0.085230,0.066928,0.062213,0.092561,0.048459,0.074394,0.099034,0.061219,0.132405,0.084147,0.135283,0.110142,0.094988,0.157484,0.064857,0.087686,0.116188,0.171010,0.065529,0.121302,0.082387,0.082657,0.085321,0.166251,0.170685,0.139845,0.069132,0.119131,0.157549,0.138508,0.136769,0.131182,0.063434,0.066893,0.076722,0.077675,0.090871,0.094598,0.147257,0.153087,0.113606,0.067224,0.059549,0.113214,0.068736,0.102170,0.117528,0.117431,0.041709,0.048644,0.030296,0.101131,0.087389,0.103560,0.098085,0.091448,0.118266,0.121671,0.083717,0.097250,0.043057,0.138523,0.119609,0.101796,0.101207,0.087492,0.116669,0.113480,0.143178,0.116966,0.096417,0.089621,0.132297,0.083135,0.166311,0.124315,0.095411,0.079967,0.127477,0.125110,0.105100,0.132646,0.116393,0.047497,0.159077,0.082495,0.049715,0.125564,0.099353,0.090962,0.142917,0.130529,0.118629,0.119167,0.068425,0.082970,0.124175,0.094380,0.062840,0.084936,0.121452,0.120348,0.085364,0.089252,0.086596,0.086275,0.122258,0.076034,0.154214,0.134634,0.136170,0.141926,0.101094,0.090532,0.141828,0.157518,0.158638,0.086919,0.118830,0.097580,0.192979,0.089845,0.086776,0.128372,0.039767,0.053164,0.105988,0.070454,0.140096,0.133941,0.083682,0.113451,0.106621,0.124867,0.150477,0.091286,0.090687,0.126813,0.049010,0.078700,0.137216,0.085297,0.126614,0.181964,0.121165,0.076827,0.089609,0.142383,0.161602,0.091613,0.147876,0.171371,0.098428,0.000000,0.076427,0.074887,0.132994,0.114852,0.175821,0.101742,0.125806,0.092277,0.071216,0.107970,0.119171,0.098546,0.155813,0.153832,0.162739,0.095778,0.096915,0.104866,0.074548,0.143035,0.145362,0.119813,0.048201,0.147138,0.146957,0.060531,0.064782,0.092472,0.065199,0.164192,0.145735,0.084843,0.044254,0.098653,0.091937
0.064029,0.083189,0.043715,0.059775,0.057334,0.080270,0.059383,0.077719,0.068333,0.058653,0.084458,0.074696,0.081189,0.045761,0.133583,0.056004,0.053106,0.052276,0.083705,0.069479,0.062683,0.055767,0.062323,0.065397,0.048000,0.054904,0.059045,0.043775,0.044417,0.056497,0.059716,0.040404,0.050025,0.062474,0.103290,0.055231,0.052317,0.065161,0.062405,0.043411,0.043218,0.038057,0.054357,0.031962,0.044265,0.059386,0.039986,0.053722,0.059009,0.108175,0.059167,0.065086,0.069630,0.046994,0.053598,0.064389,0.065269,0.044110,0.079989,0.056250,0.052297,0.052390,0.074924,0.061805,0.080556,0.048749,0.059225,0.105518,0.093440,0.068508,0.091855,0.042380,0.046775,0.046723,0.051015,0.059740,0.045777,0.062404,0.053527,0.058690,0.046601,0.041900,0.075902,0.043346,0.053362,0.075472,0.059106,0.051823,0.041446,0.032588,0.058569,0.049817,0.055754,0.052315,0.060420,0.076207,0.081121,0.075938,0.070774,0.044872,0.064601,0.066617,0.062451,0.148369,0.154412,0.065024,0.072221,0.087463,0.073229,0.063682,0.047470,0.089364,0.050524,0.058909,0.066649,0.058553,0.048681,0.071321,0.067992,0.054360,0.078512,0.073082,0.040085,0.068113,0.044909,0.035062,0.077569,0.071667,0.051002,0.103864,0.090623,0.059325,0.075152,0.042514,0.053331,0.064268,0.051758,0.037896,0.046474,0.055609,0.060940,0.058659,0.040901,0.052317,0.053940,0.062394,0.048297,0.072993,0.078879,0.080054,0.077666,0.060237,0.051854,0.064831,0.074446,0.075330,0.095563,0.050432,0.059690,0.079448,0.055011,0.048933,0.060475,0.044652,0.053967,0.059053,0.051311,0.083156,0.080183,0.050401,0.054964,0.059779,0.084351,0.069516,0.056266,0.048967,0.065831,0.036070,0.039645,0.067174,0.063415,0.057953,0.081063,0.070073,0.051775,0.083332,0.062685,0.067101,0.066936,0.073185,0.059419,0.049135,0.076427,0.000000,0.055682,0.071930,0.074380,0.059489,0.070619,0.059382,0.064730,0.060789,0.063038,0.064420,0.143451,0.064397,0.055035,0.082294,0.072525,0.129114,0.064178,0.055248,0.061774,0.084272,0.071485,0.051161,0.074579,0.074628,0.047470,0.041187,0.060922,0.034118,0.077374,0.062479,0.105887,0.044349,0.064048,0.070813
0.087271,0.048889,0.046284,0.043218,0.077865,0.082000,0.076017,0.093629,0.074518,0.085601,0.085870,0.086259,0.087533,0.030046,0.071407,0.073850,0.070643,0.065001,0.083114,0.079685,0.081808,0.069781,0.080291,0.087095,0.066708,0.059854,0.075917,0.062235,0.070791,0.081731,0.081676,0.059325,0.074248,0.073741,0.094891,0.078176,0.068244,0.067453,0.073097,0.068827,0.064141,0.058207,0.072842,0.044666,0.064630,0.063511,0.062412,0.074667,0.079415,0.083839,0.074225,0.074336,0.082298,0.069846,0.075557,0.085504,0.098445,0.069907,0.065455,0.074644,0.074733,0.081279,0.098995,0.098852,0.091078,0.074835,0.077404,0.105150,0.092339,0.077934,0.091417,0.067265,0.067178,0.058410,0.067961,0.066265,0.058443,0.087149,0.089734,0.073824,0.060786,0.066146,0.094055,0.072140,0.073503,0.104986,0.087117,0.045952,0.043845,0.045900,0.084041,0.063154,0.068614,0.070887,0.060988,0.077092,0.081030,0.055463,0.058498,0.043845,0.079251,0.084294,0.059446,0.065235,0.058286,0.081387,0.086522,0.085844,0.087078,0.065211,0.059688,0.083573,0.066280,0.102775,0.083375,0.084359,0.063097,0.085573,0.090188,0.067960,0.087380,0.087321,0.034226,0.081174,0.063097,0.033744,0.064246,0.059745,0.062934,0.092241,0.090593,0.079572,0.097849,0.061164,0.062257,0.075108,0.062867,0.058208,0.074096,0.079798,0.081366,0.067649,0.058284,0.053051,0.067086,0.085894,0.066918,0.083794,0.101582,0.106807,0.115054,0.080619,0.069685,0.077350,0.087771,0.093212,0.059058,0.074425,0.085623,0.098530,0.070209,0.076620,0.072508,0.035774,0.035655,0.082428,0.061054,0.080110,0.093899,0.063366,0.070868,0.079198,0.092082,0.087036,0.057920,0.067818,0.073679,0.055896,0.046302,0.075254,0.082032,0.084330,0.093789,0.074128,0.062207,0.065200,0.065228,0.086408,0.060597,0.072309,0.089148,0.069917,0.074887,0.055682,0.000000,0.070845,0.082851,0.089880,0.075922,0.067476,0.081681,0.051972,0.065569,0.096618,0.064101,0.083398,0.078910,0.109489,0.061742,0.075698,0.085805,0.076491,0.095589,0.112099,0.074190,0.044399,0.087312,0.071045,0.036393,0.040160,0.068040,0.052867,0.090688,0.093617,0.057073,0.031512,0.094121,0.061153
0.151048,0.084674,0.042479,0.049170,0.112217,0.129507,0.073579,0.174534,0.170966,0.073106,0.143801,0.152519,0.188110,0.057823,0.100346,0.126378,0.051738,0.087686,0.166692,0.176403,0.111055,0.070479,0.112642,0.176048,0.061579,0.046248,0.092515,0.054777,0.065275,0.115635,0.113976,0.043789,0.073861,0.068020,0.137060,0.055698,0.057090,0.063097,0.073862,0.061866,0.047095,0.041336,0.067167,0.041613,0.061790,0.062690,0.062017,0.109856,0.075858,0.118824,0.063917,0.070823,0.207142,0.060505,0.063078,0.120042,0.171081,0.053362,0.140833,0.066955,0.068581,0.073180,0.169059,0.164375,0.153677,0.053970,0.120938,0.130370,0.125386,0.135463,0.126738,0.057743,0.062159,0.057834,0.047772,0.065288,0.055431,0.151642,0.150699,0.106883,0.053223,0.059125,0.111357,0.065599,0.067194,0.121537,0.122225,0.038952,0.043236,0.031610,0.070533,0.055561,0.077760,0.065342,0.070979,0.132898,0.127161,0.104415,0.084280,0.045735,0.215459,0.117567,0.083391,0.111813,0.098295,0.105707,0.122052,0.117305,0.113948,0.075376,0.066154,0.171881,0.066684,0.159233,0.128244,0.085480,0.058555,0.119676,0.118490,0.085035,0.145836,0.125522,0.037605,0.134641,0.050857,0.034922,0.130014,0.080783,0.071658,0.129527,0.118711,0.116975,0.121640,0.059201,0.073849,0.118287,0.091398,0.043126,0.062796,0.123227,0.121515,0.062199,0.056576,0.060167,0.065763,0.083221,0.054544,0.130223,0.122845,0.133872,0.130561,0.113328,0.084004,0.163111,0.175713,0.187777,0.087836,0.076171,0.112493,0.217600,0.083288,0.058906,0.135871,0.049389,0.042782,0.108138,0.052805,0.179726,0.127102,0.055643,0.094100,0.088985,0.125831,0.195815,0.078592,0.060104,0.238774,0.040766,0.070782,0.134444,0.064861,0.127595,0.222611,0.208011,0.068177,0.111395,0.131273,0.171068,0.077650,0.128373,0.170965,0.071519,0.132994,0.071930,0.070845,0.000000,0.121490,0.170449,0.112178,0.112369,0.084026,0.063763,0.068291,0.133166,0.106798,0.639123,0.151702,0.131227,0.076646,0.116102,0.085714,0.081360,0.146723,0.126693,0.089990,0.046761,0.156903,0.194176,0.044382,0.046648,0.084793,0.042582,0.188581,0.147106,0.094563,0.056342,0.082471,0.078474
0.107624,0.091271,0.032324,0.049700,0.089057,0.119068,0.097851,0.131023,0.100399,0.097629,0.203655,0.118770,0.141021,0.050465,0.141511,0.112461,0.061408,0.064473,0.095192,0.100500,0.081821,0.081903,0.096045,0.122325,0.085750,0.070539,0.083412,0.064919,0.058899,0.071914,0.079892,0.053997,0.078222,0.079973,0.289376,0.069145,0.054336,0.083400,0.075518,0.062892,0.054334,0.052575,0.077912,0.036757,0.069340,0.081493,0.054607,0.107132,0.069804,0.265639,0.080687,0.074778,0.139988,0.062427,0.065058,0.084134,0.117638,0.057125,0.156264,0.075509,0.070356,0.072307,0.117389,0.118745,0.110378,0.062065,0.078391,0.294815,0.219915,0.112783,0.213082,0.064589,0.065320,0.062501,0.057681,0.076091,0.076265,0.102750,0.100955,0.093262,0.053844,0.062645,0.104501,0.069500,0.068754,0.082451,0.085557,0.035877,0.036824,0.028444,0.077448,0.076832,0.074155,0.071597,0.058479,0.178740,0.178340,0.081049,0.095903,0.041947,0.113383,0.794707,0.090016,0.118310,0.108832,0.166536,0.182706,0.264876,0.240815,0.082363,0.076238,0.086779,0.066875,0.123373,0.132058,0.105685,0.061372,0.107767,0.102963,0.078535,0.197255,0.174772,0.037275,0.113862,0.065476,0.046358,0.156291,0.080900,0.088180,0.253695,0.277120,0.085383,0.110617,0.058871,0.091720,0.090624,0.093626,0.058711,0.074582,0.083565,0.090970,0.064813,0.077974,0.074594,0.068484,0.109865,0.064214,0.119357,0.095015,0.099666,0.119485,0.075899,0.066793,0.106541,0.126055,0.114651,0.116992,0.087912,0.080269,0.157414,0.071556,0.081925,0.094026,0.058523,0.055238,0.086529,0.062020,0.089851,0.195909,0.056332,0.070354,0.072338,0.189217,0.154032,0.094166,0.060383,0.109723,0.048583,0.053592,0.113742,0.098625,0.099755,0.146682,0.104759,0.081984,0.122314,0.107076,0.145120,0.091738,0.115827,0.113416,0.055555,0.114852,0.074380,0.082851,0.121490,0.000000,0.120258,0.089323,0.088981,0.084576,0.091366,0.074094,0.115784,0.125556,0.117428,0.110514,0.148305,0.077249,0.133470,0.084211,0.088449,0.117368,0.116993,0.176679,0.046946,0.111853,0.125547,0.051048,0.039093,0.077874,0.054548,0.111353,0.101908,0.128335,0.045907,0.097413,0.087035
0.165051,0.077863,0.036924,0.051766,0.127457,0.177858,0.094606,0.178687,0.152908,0.097955,0.152630,0.144978,0.165374,0.052249,0.100256,0.204908,0.064154,0.089866,0.139459,0.128872,0.122582,0.076893,0.126431,0.180655,0.086047,0.065517,0.091525,0.068860,0.093790,0.129073,0.137643,0.061514,0.101250,0.107451,0.148619,0.099345,0.075706,0.103162,0.114698,0.094930,0.073006,0.065017,0.110728,0.055184,0.077202,0.100615,0.072338,0.159915,0.098460,0.120963,0.104685,0.088746,0.177916,0.073025,0.097107,0.137819,0.193889,0.061495,0.124022,0.097142,0.097003,0.095895,0.184579,0.195508,0.160180,0.076715,0.139106,0.176766,0.152894,0.202297,0.154479,0.078144,0.076316,0.073965,0.068465,0.070385,0.083806,0.172496,0.170204,0.096036,0.067466,0.065092,0.118564,0.073752,0.123264,0.110533,0.148606,0.043837,0.036070,0.025177,0.129375,0.074451,0.110816,0.109856,0.094499,0.167764,0.162738,0.102573,0.115767,0.049350,0.171226,0.128056,0.112052,0.111651,0.106381,0.121467,0.141362,0.145644,0.130313,0.101248,0.074970,0.136735,0.111154,0.186627,0.167339,0.108664,0.067902,0.110483,0.168184,0.086212,0.141727,0.152057,0.055329,0.207441,0.079301,0.055700,0.123329,0.084803,0.071609,0.117557,0.147647,0.119165,0.114756,0.067135,0.075083,0.125327,0.077918,0.065050,0.083167,0.146012,0.127080,0.100506,0.085617,0.079511,0.096049,0.093677,0.079291,0.207119,0.133688,0.137409,0.133509,0.130024,0.087865,0.152714,0.163586,0.164252,0.099984,0.121852,0.120846,0.231392,0.093337,0.085269,0.187439,0.042967,0.048018,0.125216,0.067885,0.135393,0.166947,0.082078,0.103327,0.103115,0.146160,0.193215,0.083645,0.084460,0.169192,0.049654,0.075878,0.197150,0.081699,0.181788,0.198406,0.173314,0.079900,0.103805,0.170751,0.192426,0.099079,0.200789,0.667720,0.097051,0.175821,0.059489,0.089880,0.170449,0.120258,0.000000,0.130206,0.181445,0.099060,0.071681,0.112640,0.159350,0.107763,0.162007,0.156834,0.151603,0.083586,0.109532,0.104238,0.088858,0.202276,0.150668,0.113693,0.043303,0.165584,0.151714,0.039430,0.052029,0.082405,0.062997,0.169898,0.175333,0.121868,0.049937,0.096550,0.085714
0.124450,0.063574,0.046441,0.042647,0.070598,0.089248,0.076379,0.123394,0.130101,0.073656,0.109157,0.108962,0.133683,0.047569,0.099073,0.106629,0.067016,0.071057,0.113201,0.113093,0.638299,0.064605,0.107763,0.159573,0.064727,0.076178,0.114746,0.073050,0.076657,0.152624,0.152569,0.064950,0.075988,0.077723,0.130594,0.073402,0.065138,0.073225,0.088137,0.073302,0.062917,0.064165,0.077982,0.049124,0.080565,0.079391,0.069735,0.109304,0.077677,0.109520,0.081375,0.112770,0.134914,0.075812,0.072087,0.148991,0.150627,0.068053,0.092969,0.073654,0.072179,0.079102,0.141371,0.147301,0.112585,0.067391,0.152162,0.126136,0.123340,0.090983,0.122683,0.080998,0.074050,0.082842,0.073117,0.069127,0.081269,0.124137,0.126865,0.103979,0.064350,0.061599,0.094611,0.075250,0.078976,0.083173,0.120380,0.048782,0.048331,0.037097,0.079078,0.060072,0.089362,0.089176,0.089094,0.114787,0.113406,0.079223,0.073508,0.048651,0.124743,0.089965,0.072465,0.094610,0.091346,0.101468,0.101030,0.103823,0.097230,0.074437,0.064704,0.119815,0.084876,0.134521,0.101339,0.074746,0.074961,0.106195,0.090213,0.093569,0.109563,0.111241,0.037775,0.112198,0.083551,0.032576,0.090413,0.061978,0.065752,0.111636,0.124174,0.150428,0.096341,0.069926,0.073707,0.154728,0.069079,0.077468,0.071959,0.120851,0.148764,0.092610,0.091525,0.054501,0.078427,0.069472,0.075587,0.118707,0.102382,0.116722,0.091385,0.106915,0.063667,0.104790,0.120557,0.129266,0.067592,0.084221,0.111254,0.161554,0.078980,0.076736,0.101033,0.052230,0.049782,0.691105,0.077551,0.129276,0.107470,0.075207,0.108425,0.092386,0.113256,0.143752,0.069302,0.074709,0.128507,0.060339,0.055018,0.090955,0.060145,0.117578,0.164137,0.126706,0.059525,0.086876,0.099047,0.128999,0.062461,0.096057,0.133213,0.094101,0.101742,0.070619,0.075922,0.112178,0.089323,0.130206,0.000000,0.078836,0.060858,0.062617,0.086427,0.096825,0.086401,0.123485,0.127659,0.118421,0.058110,0.078940,0.081067,0.060795,0.124038,0.091032,0.100717,0.053523,0.116332,0.151142,0.044587,0.045101,0.071159,0.055791,0.129807,0.122660,0.077661,0.045270,0.065653,0.058998
0.109301,0.066062,0.044356,0.048814,0.129486,0.146209,0.100277,0.138101,0.113451,0.097903,0.097786,0.122645,0.155627,0.037526,0.075523,0.180843,0.050097,0.087683,0.117078,0.110559,0.072286,0.085958,0.089970,0.119261,0.095707,0.058175,0.073814,0.062389,0.052590,0.085747,0.088115,0.042131,0.078744,0.078561,0.127832,0.062055,0.050735,0.076357,0.077622,0.061725,0.042593,0.043450,0.078107,0.034660,0.054964,0.073587,0.044889,0.125817,0.071810,0.089193,0.076149,0.064105,0.150358,0.049152,0.062202,0.090894,0.148087,0.053711,0.093190,0.066691,0.060840,0.066561,0.153621,0.149676,0.110667,0.054037,0.096465,0.125893,0.091397,0.239910,0.089985,0.059083,0.062365,0.048892,0.054344,0.061048,0.060340,0.124626,0.126509,0.084306,0.052148,0.048328,0.084494,0.050400,0.090266,0.067505,0.106698,0.041927,0.043968,0.032502,0.071141,0.093735,0.083845,0.072095,0.062523,0.102537,0.101383,0.057369,0.071752,0.044186,0.126032,0.088339,0.070616,0.082085,0.073282,0.089468,0.090338,0.105499,0.103605,0.078358,0.065489,0.107396,0.082337,0.144962,0.124501,0.105987,0.059361,0.078083,0.112403,0.068550,0.099744,0.097541,0.042443,0.221161,0.056670,0.038224,0.095204,0.063845,0.097023,0.095105,0.112383,0.089815,0.084396,0.049649,0.099219,0.087162,0.060051,0.048618,0.080570,0.107206,0.092253,0.069458,0.064496,0.105632,0.076039,0.093868,0.058294,0.219934,0.076276,0.080600,0.111179,0.095764,0.086712,0.136595,0.141803,0.130747,0.072621,0.081959,0.094238,0.164492,0.098535,0.068113,0.176018,0.044885,0.042901,0.075027,0.074384,0.114255,0.099985,0.057715,0.076247,0.076106,0.099278,0.160633,0.106137,0.055485,0.128308,0.042398,0.078741,0.239666,0.092147,0.134925,0.143477,0.119876,0.095727,0.090693,0.210426,0.145371,0.055693,0.242276,0.173947,0.072226,0.125806,0.059382,0.067476,0.112369,0.088981,0.181445,0.078836,0.000000,0.087503,0.080769,0.080310,0.114410,0.080503,0.118320,0.103939,0.116619,0.065476,0.081313,0.076592,0.100287,0.140327,0.107322,0.083572,0.046219,0.113695,0.127213,0.042454,0.045192,0.094493,0.048221,0.132053,0.124843,0.090931,0.037960,0.078492,0.065608
0.090610,0.052649,0.041605,0.042387,0.094987,0.087990,0.088895,0.102078,0.068053,0.086776,0.100056,0.081611,0.108709,0.035673,0.073435,0.091844,0.050686,0.115680,0.083474,0.075505,0.055530,0.135814,0.112061,0.078401,0.077572,0.051417,0.076167,0.044231,0.052424,0.056533,0.058342,0.046949,0.059053,0.056702,0.100210,0.048535,0.054218,0.055982,0.060472,0.055850,0.047377,0.038316,0.064524,0.035008,0.057510,0.055853,0.047368,0.066259,0.065730,0.085196,0.056071,0.068589,0.093694,0.051795,0.059831,0.064329,0.107486,0.047271,0.076584,0.064270,0.064136,0.062142,0.102857,0.108158,0.090417,0.050067,0.068286,0.115354,0.080005,0.099053,0.084760,0.045469,0.054781,0.044442,0.044401,0.057051,0.051059,0.081352,0.084314,0.053491,0.048931,0.053913,0.110939,0.044918,0.068794,0.093160,0.073814,0.042959,0.040647,0.039894,0.061292,0.069184,0.068570,0.059078,0.054352,0.082866,0.082851,0.052197,0.050923,0.050939,0.086692,0.086374,0.055374,0.071703,0.065791,0.074802,0.074236,0.099396,0.096281,0.058500,0.046065,0.093307,0.060137,0.103445,0.113682,0.101654,0.044108,0.114989,0.085003,0.069762,0.090374,0.080779,0.033664,0.076086,0.048856,0.029014,0.072088,0.050224,0.077049,0.096351,0.091466,0.063941,0.114306,0.048353,0.072475,0.072876,0.062471,0.038528,0.070131,0.072142,0.070390,0.058786,0.051182,0.066596,0.055839,0.147604,0.055807,0.086311,0.140653,0.139158,0.189691,0.067646,0.115080,0.072757,0.089548,0.096200,0.066050,0.063473,0.068824,0.116380,0.081902,0.058587,0.088171,0.027915,0.028233,0.057334,0.051646,0.093469,0.081341,0.048987,0.061756,0.060717,0.084802,0.102893,0.074578,0.055219,0.085379,0.042760,0.086576,0.093697,0.159958,0.072053,0.114310,0.087293,0.130452,0.073456,0.078622,0.108063,0.062499,0.081446,0.104539,0.046004,0.092277,0.064730,0.081681,0.084026,0.084576,0.099060,0.060858,0.087503,0.000000,0.060123,0.058015,0.079835,0.068551,0.082305,0.086244,0.107193,0.050994,0.085245,0.075004,0.089607,0.071618,0.179878,0.061024,0.048632,0.088171,0.098718,0.026702,0.035022,0.085189,0.045635,0.091536,0.089267,0.066165,0.040884,0.136859,0.049915
0.078733,0.067988,0.041599,0.038586,0.077610,0.064344,0.071004,0.080700,0.080554,0.077220,0.107121,0.085908,0.081468,0.032286,0.137706,0.092887,0.045267,0.054849,0.076571,0.067915,0.065649,0.066476,0.070269,0.081696,0.067414,0.051429,0.057422,0.052673,0.052704,0.064336,0.063403,0.040469,0.062742,0.056605,0.106458,0.043748,0.048516,0.058664,0.056932,0.047362,0.039629,0.049331,0.059051,0.038818,0.044966,0.059955,0.045894,0.067943,0.052679,0.107653,0.057376,0.052717,0.075432,0.044456,0.042188,0.062968,0.082486,0.047530,0.095555,0.047345,0.054269,0.049775,0.084966,0.082644,0.079674,0.039375,0.060959,0.126792,0.105427,0.066534,0.107103,0.049794,0.050879,0.045448,0.053153,0.060431,0.051530,0.072520,0.069765,0.067105,0.044630,0.049068,0.074400,0.042649,0.057765,0.061164,0.066674,0.040651,0.037598,0.038248,0.049711,0.065612,0.054347,0.052692,0.060910,0.105857,0.110381,0.058762,0.060010,0.041982,0.079533,0.095189,0.057949,0.134139,0.120804,0.101403,0.107061,0.109774,0.099780,0.063091,0.067305,0.078123,0.048647,0.069751,0.067564,0.077987,0.050616,0.071376,0.062965,0.053247,0.103912,0.098400,0.035626,0.071686,0.045817,0.030643,0.097717,0.065053,0.073490,0.121541,0.114139,0.063806,0.071025,0.045763,0.070643,0.062097,0.063875,0.050021,0.055411,0.062694,0.068506,0.058506,0.047981,0.067750,0.041093,0.076930,0.050065,0.074595,0.068501,0.066909,0.068588,0.057811,0.054632,0.093042,0.086503,0.093564,0.164692,0.053119,0.061542,0.087778,0.061897,0.049612,0.083639,0.042229,0.035096,0.068571,0.048367,0.079540,0.110104,0.045199,0.056652,0.060445,0.117273,0.097306,0.070907,0.046671,0.084766,0.039182,0.055167,0.070623,0.073161,0.062539,0.096169,0.074715,0.071721,0.218683,0.079819,0.080107,0.043301,0.071629,0.071981,0.046502,0.071216,0.060789,0.051972,0.063763,0.091366,0.071681,0.062617,0.080769,0.060123,0.000000,0.056566,0.066081,0.125837,0.080141,0.073222,0.072306,0.065075,0.160228,0.055098,0.074207,0.063037,0.070315,0.087645,0.048393,0.086213,0.082169,0.043798,0.047031,0.051477,0.048186,0.095575,0.071077,0.159920,0.037623,0.065719,0.062033
0.101179,0.052257,0.048409,0.048733,0.076533,0.088494,0.073276,0.141778,0.094728,0.083896,0.102062,0.097091,0.103242,0.051573,0.089535,0.101284,0.123654,0.048297,0.095791,0.088804,0.073127,0.053728,0.099861,0.096543,0.216027,0.126514,0.140631,0.128576,0.187318,0.113247,0.109440,0.135288,0.376554,0.357004,0.125540,0.206955,0.161041,0.347742,0.354879,0.153324,0.131016,0.117074,0.373722,0.092747,0.138966,0.366457,0.148779,0.130139,0.187435,0.111192,0.361361,0.131604,0.083982,0.142405,0.219310,0.112633,0.093243,0.121705,0.087134,0.189280,0.198133,0.195296,0.092513,0.093778,0.086502,0.132870,0.078801,0.128030,0.093731,0.087919,0.096700,0.174458,0.163663,0.165017,0.123256,0.083117,0.165002,0.091242,0.092148,0.085103,0.122096,0.118932,0.091709,0.137875,0.274958,0.090359,0.090434,0.041371,0.042579,0.029459,0.278851,0.209390,0.392888,0.219584,0.210461,0.075302,0.078907,0.094386,0.087717,0.047064,0.094417,0.075802,0.088474,0.080504,0.067159,0.090294,0.093408,0.099006,0.099362,0.370236,0.107878,0.095137,0.240997,0.091983,0.103884,0.074640,0.136254,0.103195,0.096935,0.138368,0.113375,0.078387,0.044766,0.105809,0.157288,0.047043,0.087105,0.077820,0.115704,0.126918,0.123564,0.088414,0.101309,0.140608,0.124369,0.094963,0.112778,0.120524,0.150660,0.092345,0.094413,0.258244,0.153525,0.145151,0.270995,0.064232,0.147509,0.105116,0.093095,0.100812,0.089456,0.093467,0.040056,0.074814,0.079820,0.085295,0.066498,0.388626,0.095123,0.097973,0.076170,0.148046,0.081830,0.043093,0.056589,0.074128,0.127265,0.097515,0.105404,0.177846,0.092530,0.083516,0.108831,0.079414,0.133221,0.174367,0.080430,0.061021,0.046086,0.084008,0.058858,0.124302,0.102198,0.079280,0.056048,0.081343,0.081378,0.136029,0.091172,0.094099,0.103291,0.058840,0.107970,0.063038,0.065569,0.068291,0.074094,0.112640,0.086427,0.080310,0.058015,0.056566,0.000000,0.098453,0.080444,0.076475,0.095856,0.123749,0.077220,0.074699,0.125864,0.096829,0.123302,0.106960,0.097090,0.048473,0.096449,0.109162,0.051711,0.057395,0.070578,0.113689,0.085792,0.088290,0.065007,0.060158,0.064835,0.071074
0.154475,0.074486,0.044879,0.050876,0.167338,0.137056,0.091535,0.166365,0.127368,0.093280,0.130696,0.148697,0.148832,0.043029,0.092771,0.169249,0.059774,0.071533,0.115254,0.111109,0.084485,0.080691,0.136470,0.117665,0.081086,0.061702,0.095320,0.066153,0.064965,0.120006,0.095177,0.052891,0.086435,0.080247,0.109127,0.065567,0.058005,0.082639,0.084656,0.066675,0.052916,0.046117,0.087140,0.040030,0.062868,0.077364,0.059862,0.117077,0.078156,0.113554,0.089112,0.089376,0.154811,0.058901,0.064069,0.106713,0.150302,0.057936,0.108567,0.081645,0.078342,0.087452,0.153721,0.148088,0.140612,0.059793,0.113947,0.123880,0.139382,0.139760,0.136977,0.063926,0.067387,0.063164,0.065956,0.093109,0.074231,0.136468,0.140982,0.108185,0.057146,0.060224,0.100667,0.057999,0.070509,0.105920,0.107375,0.046263,0.040544,0.034284,0.082414,0.074828,0.080432,0.067840,0.071931,0.120613,0.129591,0.084699,0.099190,0.044783,0.141183,0.112535,0.090780,0.082081,0.086009,0.114644,0.126275,0.138046,0.126125,0.086667,0.099017,0.130208,0.062270,0.131620,0.139192,0.120999,0.061207,0.098216,0.389299,0.087862,0.129169,0.119192,0.046911,0.135248,0.066801,0.042117,0.105582,0.093320,0.083597,0.114294,0.140772,0.108053,0.105713,0.047770,0.084581,0.101758,0.073498,0.052880,0.075295,0.102444,0.095648,0.059566,0.074758,0.079026,0.069968,0.120579,0.069394,0.131100,0.129154,0.129212,0.138400,0.111146,0.072254,0.136331,0.138190,0.139241,0.073572,0.096454,0.120745,0.153012,0.104382,0.071523,0.143706,0.052280,0.057014,0.087499,0.065806,0.144806,0.132106,0.071058,0.089646,0.092232,0.129321,0.133997,0.086724,0.071830,0.142100,0.045645,0.062764,0.142392,0.098051,0.134097,0.152948,0.105111,0.081348,0.105067,0.126547,0.181431,0.084200,0.135906,0.158655,0.074005,0.119171,0.064420,0.096618,0.133166,0.115784,0.159350,0.096825,0.114410,0.079835,0.066081,0.098453,0.000000,0.086186,0.143264,0.157390,0.137802,0.097124,0.085132,0.086974,0.077889,0.138257,0.131360,0.126913,0.058068,0.153937,0.144329,0.047827,0.050561,0.090850,0.055210,0.148655,0.136873,0.095863,0.044787,0.110053,0.094510
0.098748,0.081654,0.043586,0.051771,0.076403,0.093912,0.075434,0.123191,0.107187,0.079617,0.164055,0.094257,0.125510,0.040123,0.217184,0.092838,0.058369,0.058138,0.098246,0.080751,0.089695,0.057880,0.090460,0.135005,0.055306,0.059198,0.083052,0.057952,0.067736,0.079851,0.091888,0.057257,0.097165,0.088441,0.158335,0.067258,0.063868,0.089750,0.081961,0.062714,0.059220,0.048098,0.084289,0.037115,0.066905,0.082142,0.069693,0.119868,0.065877,0.151563,0.084049,0.078987,0.133642,0.066599,0.063096,0.085455,0.119493,0.055670,0.143295,0.060995,0.071624,0.071494,0.121011,0.109583,0.098459,0.072595,0.077149,0.165058,0.164535,0.090099,0.168913,0.058135,0.051888,0.058126,0.061088,0.081528,0.058959,0.111904,0.110092,0.083856,0.061969,0.058633,0.106851,0.063777,0.093971,0.094179,0.090675,0.045283,0.034948,0.029185,0.084217,0.053299,0.100032,0.074668,0.076199,0.150238,0.151302,0.094176,0.083772,0.040257,0.118934,0.133335,0.079001,0.784942,0.560912,0.124079,0.142186,0.154361,0.136755,0.085515,0.052632,0.106522,0.089694,0.103580,0.093116,0.078326,0.060103,0.113918,0.099485,0.074327,0.167661,0.152870,0.052617,0.104081,0.056653,0.043276,0.135791,0.077149,0.066580,0.178039,0.141450,0.081746,0.111525,0.052185,0.067470,0.086360,0.073415,0.050801,0.064857,0.098104,0.092867,0.093785,0.057361,0.055911,0.084223,0.075260,0.053260,0.105646,0.102690,0.112518,0.098327,0.083406,0.056355,0.086830,0.101713,0.110437,0.167391,0.099401,0.083756,0.144855,0.065090,0.060997,0.098062,0.053183,0.045577,0.088686,0.047598,0.112361,0.150458,0.066417,0.078883,0.074108,0.169263,0.126746,0.069608,0.060512,0.134459,0.036108,0.046394,0.085419,0.063920,0.116601,0.130110,0.109763,0.056302,0.154148,0.084773,0.100428,0.085947,0.086323,0.120324,0.065732,0.098546,0.143451,0.064101,0.106798,0.125556,0.107763,0.086401,0.080503,0.068551,0.125837,0.080444,0.086186,0.000000,0.129405,0.092045,0.119096,0.087168,0.209300,0.090970,0.069528,0.114121,0.108246,0.132798,0.046933,0.095820,0.113416,0.051244,0.046522,0.068197,0.048651,0.113346,0.107274,0.179795,0.041559,0.068454,0.078377
0.161277,0.082979,0.040481,0.054349,0.108575,0.135873,0.082714,0.185449,0.181138,0.079654,0.139872,0.167645,0.192667,0.050022,0.114198,0.134212,0.064799,0.083846,0.171637,0.181217,0.114183,0.072521,0.131971,0.175507,0.070183,0.052669,0.106228,0.054806,0.075428,0.122464,0.118574,0.049269,0.077784,0.082028,0.148329,0.074215,0.059477,0.073453,0.098474,0.059224,0.053230,0.048732,0.078535,0.047202,0.067902,0.078443,0.068087,0.112294,0.072148,0.119224,0.078634,0.088311,0.220150,0.067676,0.072303,0.128966,0.175259,0.055382,0.143458,0.071774,0.074880,0.065853,0.168863,0.180728,0.159461,0.061664,0.141433,0.137845,0.132775,0.135904,0.131070,0.056633,0.062601,0.074493,0.060010,0.086153,0.066835,0.150312,0.153579,0.121634,0.061731,0.062280,0.109579,0.069280,0.088607,0.119237,0.132206,0.041473,0.043754,0.028704,0.085867,0.064585,0.088972,0.074080,0.084448,0.151484,0.138740,0.097970,0.098429,0.041376,0.224551,0.113755,0.101371,0.122629,0.103539,0.120691,0.130243,0.136589,0.117274,0.069339,0.077670,0.184485,0.073907,0.174477,0.122364,0.081420,0.062838,0.128833,0.136208,0.094974,0.150148,0.142570,0.045532,0.143958,0.066279,0.052097,0.124615,0.099196,0.078328,0.125594,0.130256,0.124538,0.121487,0.073175,0.079793,0.120283,0.083599,0.048289,0.062075,0.133113,0.129059,0.067696,0.059444,0.062375,0.072067,0.093314,0.061926,0.136609,0.137031,0.147373,0.127728,0.117823,0.080065,0.175633,0.189915,0.205004,0.098802,0.089874,0.128784,0.219186,0.088299,0.065970,0.151961,0.045959,0.050572,0.113630,0.057294,0.194938,0.135940,0.071709,0.098903,0.100198,0.128220,0.205218,0.085075,0.072976,0.233668,0.048826,0.069923,0.134360,0.084507,0.126721,0.217957,0.220347,0.064716,0.113721,0.139219,0.184306,0.093529,0.132979,0.170197,0.072692,0.155813,0.064397,0.083398,0.639123,0.117428,0.162007,0.123485,0.118320,0.082305,0.080141,0.076475,0.143264,0.129405,0.000000,0.161259,0.136600,0.093128,0.129993,0.100979,0.085387,0.148489,0.130206,0.109581,0.051138,0.159234,0.178515,0.044879,0.042415,0.086650,0.057002,0.200786,0.147686,0.105493,0.056201,0.095020,0.100825
0.627288,0.087939,0.045513,0.046648,0.104717,0.133737,0.100378,0.196472,0.143143,0.099345,0.142792,0.224946,0.148483,0.052519,0.107541,0.148816,0.074247,0.131343,0.233136,0.222740,0.118992,0.075609,0.144400,0.156051,0.076714,0.064598,0.103622,0.066446,0.075799,0.267200,0.262909,0.057741,0.091329,0.091239,0.151752,0.079996,0.076196,0.087199,0.096879,0.080403,0.047313,0.060854,0.089087,0.043651,0.066289,0.087111,0.068853,0.127909,0.078685,0.118900,0.088530,0.098620,0.167873,0.069248,0.078442,0.262925,0.346346,0.065178,0.137263,0.077696,0.076470,0.076704,0.347496,0.340953,0.322174,0.066692,0.271762,0.161889,0.148396,0.140498,0.139645,0.071428,0.073227,0.080710,0.071874,0.087872,0.084511,0.378798,0.380244,0.186998,0.057668,0.059889,0.136239,0.066643,0.113648,0.109724,0.310725,0.043157,0.039353,0.030564,0.095244,0.076589,0.096277,0.095606,0.090704,0.119313,0.120933,0.102153,0.090540,0.045712,0.179159,0.113450,0.087019,0.089432,0.092242,0.146502,0.150621,0.125484,0.118372,0.108987,0.088334,0.257149,0.092604,0.328287,0.150089,0.117015,0.085804,0.132093,0.136203,0.113966,0.136922,0.108346,0.047426,0.157414,0.073153,0.043234,0.124447,0.110215,0.081217,0.134043,0.139660,0.269463,0.131196,0.074952,0.092348,0.244556,0.103861,0.057877,0.078942,0.303324,0.256900,0.088975,0.083080,0.078014,0.083579,0.097236,0.075497,0.148710,0.140461,0.145188,0.128231,0.180994,0.133500,0.130974,0.152047,0.157069,0.101665,0.105618,0.203770,0.209378,0.094675,0.085698,0.144079,0.059234,0.047145,0.119578,0.061282,0.268453,0.145611,0.076842,0.229695,0.213786,0.141783,0.168149,0.092387,0.076349,0.172565,0.051565,0.130748,0.147429,0.083678,0.143893,0.229675,0.134429,0.073765,0.102068,0.139023,0.217743,0.098378,0.139536,0.165677,0.079143,0.153832,0.055035,0.078910,0.151702,0.110514,0.156834,0.127659,0.103939,0.086244,0.073222,0.095856,0.157390,0.092045,0.161259,0.000000,0.162701,0.122715,0.100425,0.094647,0.075486,0.154922,0.143949,0.101618,0.045326,0.339315,0.161923,0.058382,0.056710,0.091346,0.054891,0.159163,0.387922,0.114106,0.049967,0.095236,0.109110
0.156833,0.077005,0.035971,0.048408,0.112913,0.126887,0.098122,0.186821,0.148275,0.118506,0.143760,0.161055,0.154689,0.051273,0.120398,0.148351,0.096415,0.095479,0.126171,0.110980,0.117754,0.098025,0.154266,0.153631,0.117107,0.078021,0.113280,0.065402,0.102585,0.115609,0.107487,0.074794,0.127304,0.120915,0.204909,0.113882,0.085040,0.127651,0.137035,0.093209,0.074939,0.078732,0.144426,0.066506,0.072157,0.111508,0.087418,0.147013,0.107975,0.177606,0.122994,0.111795,0.131861,0.078079,0.114099,0.126437,0.175981,0.082739,0.162349,0.111186,0.111983,0.109490,0.165447,0.183416,0.158209,0.091234,0.105865,0.235626,0.155763,0.132044,0.154243,0.079200,0.090998,0.089722,0.083019,0.113840,0.093007,0.146104,0.156835,0.126030,0.081383,0.080556,0.192443,0.088798,0.138209,0.134875,0.134087,0.041150,0.041797,0.027868,0.126215,0.108418,0.140301,0.109209,0.122912,0.161637,0.156186,0.112661,0.105866,0.043215,0.164707,0.147678,0.104788,0.125837,0.112460,0.152999,0.152523,0.190665,0.163831,0.126399,0.098579,0.129132,0.099117,0.192514,0.240372,0.181434,0.095991,0.203834,0.141629,0.127633,0.146732,0.160778,0.049258,0.121826,0.088976,0.065790,0.142257,0.113965,0.107041,0.196638,0.192447,0.113657,0.200186,0.085362,0.121150,0.120496,0.104241,0.076743,0.103213,0.131369,0.112783,0.100221,0.090289,0.085753,0.115058,0.125535,0.084641,0.127164,0.156138,0.162043,0.184445,0.117096,0.095622,0.119909,0.140295,0.140084,0.092867,0.151401,0.116630,0.157886,0.090705,0.109122,0.104907,0.057036,0.056821,0.114531,0.069325,0.134873,0.157733,0.102054,0.097123,0.095051,0.147257,0.159754,0.121745,0.116449,0.160518,0.055750,0.081098,0.133640,0.126002,0.169712,0.147679,0.122128,0.097460,0.096586,0.130383,0.178452,0.154596,0.131168,0.157249,0.078890,0.162739,0.082294,0.109489,0.131227,0.148305,0.151603,0.118421,0.116619,0.107193,0.072306,0.123749,0.137802,0.119096,0.136600,0.162701,0.000000,0.119302,0.111104,0.129784,0.108134,0.188791,0.188154,0.134375,0.050321,0.146424,0.163800,0.048103,0.041128,0.086417,0.064306,0.149813,0.147850,0.108573,0.043094,0.115824,0.123551
0.110533,0.072851,0.037664,0.046937,0.076790,0.096396,0.070607,0.121187,0.079073,0.073389,0.098655,0.112559,0.095646,0.049015,0.084956,0.069458,0.050365,0.068631,0.079468,0.074417,0.060770,0.053080,0.072124,0.083282,0.067928,0.056834,0.071103,0.061141,0.054976,0.078985,0.077607,0.042824,0.081819,0.084440,0.106326,0.067223,0.057392,0.077875,0.074857,0.063061,0.042871,0.048071,0.073068,0.037775,0.052065,0.082672,0.061143,0.096125,0.073662,0.098049,0.086138,0.072606,0.081732,0.057391,0.065187,0.079968,0.123588,0.059757,0.109556,0.068995,0.068909,0.074089,0.109473,0.123632,0.104879,0.053681,0.068273,0.122426,0.094153,0.097839,0.089816,0.048896,0.047268,0.061677,0.051091,0.061334,0.066993,0.097738,0.104626,0.087818,0.059524,0.058749,0.082904,0.050347,0.074028,0.102604,0.083629,0.039229,0.034309,0.033636,0.076316,0.068067,0.084504,0.072487,0.073361,0.090306,0.096543,0.447291,0.438349,0.034061,0.098562,0.085422,0.440963,0.076932,0.079288,0.094579,0.107232,0.103017,0.099064,0.080097,0.058889,0.097015,0.062673,0.126231,0.083885,0.066307,0.057588,0.104505,0.073986,0.063960,0.099256,0.086435,0.050224,0.100736,0.045997,0.041958,0.108508,0.807310,0.066256,0.097870,0.123676,0.064773,0.082804,0.053473,0.068313,0.080344,0.054413,0.050512,0.060192,0.070875,0.086281,0.075122,0.060364,0.072398,0.063604,0.066604,0.065950,0.095068,0.087961,0.090961,0.092035,0.086108,0.067366,0.069117,0.086346,0.086647,0.072189,0.086519,0.088572,0.097215,0.069589,0.061360,0.089680,0.042848,0.058836,0.067020,0.062141,0.093179,0.103419,0.061150,0.064718,0.065305,0.111465,0.074446,0.076922,0.060856,0.096975,0.034353,0.045578,0.092627,0.060333,0.099867,0.099217,0.080738,0.056232,0.076924,0.078996,0.120892,0.084259,0.094133,0.090545,0.048770,0.095778,0.072525,0.061742,0.076646,0.077249,0.083586,0.058110,0.065476,0.050994,0.065075,0.077220,0.097124,0.087168,0.093128,0.122715,0.119302,0.000000,0.085527,0.077738,0.059739,0.097709,0.114682,0.081494,0.043065,0.098832,0.094159,0.040261,0.042558,0.067041,0.042847,0.077009,0.092569,0.085905,0.039921,0.070507,0.786289
0.115846,0.084137,0.041815,0.052187,0.077672,0.089655,0.088716,0.121482,0.102879,0.089539,0.166895,0.100145,0.144464,0.044847,0.395531,0.111446,0.065321,0.068296,0.101177,0.088490,0.078420,0.072953,0.092161,0.123901,0.062386,0.050895,0.079226,0.048326,0.059829,0.097360,0.093967,0.043789,0.075921,0.075737,0.181566,0.065433,0.060602,0.069786,0.070194,0.060302,0.050351,0.047192,0.067542,0.038035,0.054330,0.073143,0.056393,0.099652,0.058864,0.176347,0.075439,0.063128,0.117724,0.065888,0.063880,0.096532,0.121174,0.052843,0.152254,0.060637,0.057899,0.061449,0.123185,0.120356,0.118289,0.059033,0.078937,0.191447,0.174809,0.102613,0.172532,0.052255,0.056821,0.056916,0.046054,0.068470,0.070666,0.108419,0.100239,0.100355,0.050548,0.059438,0.120822,0.055370,0.089925,0.098659,0.078085,0.043009,0.048123,0.029721,0.067621,0.060587,0.090544,0.055605,0.066144,0.157143,0.159668,0.104897,0.104370,0.043974,0.128157,0.125775,0.094002,0.211352,0.208483,0.154897,0.164858,0.193714,0.168303,0.079875,0.054375,0.103332,0.054830,0.115333,0.109851,0.078276,0.059480,0.114521,0.091692,0.076964,0.181402,0.150547,0.052186,0.096928,0.056620,0.057839,0.137999,0.087309,0.061849,0.174242,0.182570,0.084309,0.127859,0.048204,0.058192,0.082394,0.078898,0.041590,0.069622,0.083626,0.092826,0.060770,0.055726,0.058032,0.061328,0.077063,0.057011,0.097271,0.109050,0.113119,0.121338,0.098567,0.065516,0.112879,0.125762,0.136604,0.256690,0.085294,0.103421,0.135208,0.078950,0.066448,0.085301,0.048808,0.057282,0.080645,0.045102,0.099031,0.176567,0.056798,0.076290,0.078232,0.176903,0.121467,0.067449,0.064107,0.123158,0.039831,0.051945,0.102853,0.084106,0.102070,0.140456,0.104623,0.074670,0.196223,0.087781,0.127411,0.078425,0.098961,0.119362,0.066524,0.096915,0.129114,0.075698,0.116102,0.133470,0.109532,0.078940,0.081313,0.085245,0.160228,0.074699,0.085132,0.209300,0.129993,0.100425,0.111104,0.085527,0.000000,0.083892,0.082765,0.104822,0.144731,0.138241,0.042869,0.122169,0.132472,0.056699,0.051646,0.068873,0.046069,0.139828,0.119165,0.277248,0.051749,0.076821,0.083937
0.108440,0.062082,0.043408,0.051159,0.069649,0.111243,0.076034,0.138401,0.086114,0.077996,0.101598,0.099477,0.096488,0.054836,0.090022,0.091556,0.099144,0.061072,0.078482,0.084717,0.085675,0.073883,0.116971,0.114137,0.091693,0.071996,0.142879,0.071886,0.107476,0.098124,0.089793,0.074953,0.157043,0.132568,0.139424,0.100211,0.092779,0.139083,0.146277,0.099958,0.073760,0.081501,0.135337,0.058250,0.082890,0.133661,0.085325,0.093080,0.109270,0.107705,0.135247,0.141385,0.108854,0.075231,0.101566,0.094299,0.093318,0.076697,0.076082,0.099851,0.103660,0.102287,0.101347,0.095187,0.092941,0.084523,0.088295,0.142211,0.108979,0.087068,0.117862,0.103076,0.086176,0.100139,0.084693,0.078333,0.088891,0.114754,0.116507,0.099384,0.063419,0.068766,0.130888,0.089118,0.147195,0.121645,0.099372,0.047472,0.047283,0.028001,0.146793,0.084326,0.129946,0.110547,0.099487,0.106781,0.104748,0.085603,0.078760,0.041749,0.098052,0.088149,0.076155,0.090725,0.077369,0.089531,0.097007,0.109172,0.120850,0.142355,0.197527,0.087424,0.116310,0.109865,0.094889,0.078750,0.077216,0.126383,0.092246,0.127285,0.121455,0.109565,0.066993,0.104770,0.086191,0.065945,0.067958,0.071158,0.091976,0.105060,0.104335,0.097488,0.135782,0.093586,0.100764,0.090884,0.111763,0.080099,0.075477,0.106804,0.091334,0.109040,0.076899,0.081507,0.121958,0.076756,0.085536,0.106314,0.142330,0.139805,0.117938,0.084581,0.062184,0.075960,0.083919,0.094367,0.079119,0.125399,0.093154,0.110622,0.075590,0.078595,0.078924,0.058944,0.068955,0.088044,0.070935,0.085240,0.097377,0.102447,0.087506,0.087327,0.107404,0.104202,0.101644,0.117445,0.085745,0.059520,0.059401,0.089013,0.078406,0.093594,0.106921,0.083160,0.066669,0.065942,0.073167,0.124472,0.130477,0.087270,0.121418,0.070524,0.104866,0.064178,0.085805,0.085714,0.084211,0.104238,0.081067,0.076592,0.075004,0.055098,0.125864,0.086974,0.090970,0.100979,0.094647,0.129784,0.077738,0.083892,0.000000,0.088202,0.100753,0.142236,0.092026,0.049532,0.085434,0.104039,0.045492,0.053562,0.068827,0.068775,0.096594,0.115604,0.081283,0.054403,0.074526,0.070712
0.090439,0.058224,0.044069,0.053075,0.080821,0.100993,0.090909,0.104820,0.059015,0.089917,0.096517,0.091343,0.097053,0.050419,0.068272,0.101513,0.074011,0.070530,0.086242,0.082472,0.060049,0.095381,0.074927,0.073326,0.119123,0.079832,0.100720,0.082774,0.080483,0.075516,0.074513,0.071120,0.106796,0.118521,0.096730,0.082308,0.073831,0.110774,0.103872,0.072824,0.069642,0.064200,0.110571,0.048166,0.069841,0.107557,0.079933,0.072527,0.093933,0.082154,0.112369,0.093638,0.067649,0.077825,0.086497,0.076178,0.091491,0.067115,0.074848,0.090203,0.090256,0.091898,0.093257,0.092089,0.077586,0.064448,0.064932,0.094594,0.094559,0.107441,0.095984,0.091223,0.084916,0.080327,0.066271,0.060412,0.068122,0.079966,0.075550,0.065523,0.060777,0.067252,0.087081,0.071461,0.121225,0.087689,0.065417,0.047161,0.046408,0.031190,0.105404,0.114751,0.125445,0.086120,0.097162,0.095345,0.091982,0.076007,0.068659,0.046421,0.074077,0.088454,0.066555,0.070633,0.061305,0.076947,0.077658,0.085566,0.084229,0.103699,0.073279,0.093594,0.101800,0.085564,0.112477,0.096333,0.068302,0.104581,0.081200,0.089574,0.093979,0.093386,0.038329,0.115003,0.087804,0.041182,0.071062,0.059307,0.158722,0.087870,0.094733,0.071572,0.091990,0.071555,0.162485,0.071060,0.091637,0.064404,0.092474,0.061049,0.069895,0.096927,0.077715,0.123106,0.099165,0.085945,0.075034,0.109441,0.091487,0.089273,0.113228,0.061810,0.070610,0.089373,0.093598,0.096757,0.069926,0.114245,0.059473,0.086506,0.080539,0.086839,0.093227,0.037060,0.040932,0.061513,0.090737,0.097157,0.092117,0.080845,0.060965,0.060001,0.092098,0.091241,0.164949,0.082061,0.066731,0.045627,0.061704,0.103059,0.084642,0.082490,0.089145,0.082023,0.086494,0.087228,0.090200,0.098295,0.101229,0.095014,0.089673,0.045195,0.074548,0.055248,0.076491,0.081360,0.088449,0.088858,0.060795,0.100287,0.089607,0.074207,0.096829,0.077889,0.069528,0.085387,0.075486,0.108134,0.059739,0.082765,0.088202,0.000000,0.069668,0.115237,0.082697,0.044232,0.070743,0.091068,0.042286,0.042116,0.083644,0.062948,0.088262,0.077984,0.072340,0.048793,0.088341,0.056032
0.146445,0.074369,0.039798,0.049606,0.111572,0.152008,0.095691,0.187699,0.126558,0.103268,0.116069,0.136831,0.145151,0.061932,0.113213,0.161328,0.057759,0.087647,0.107741,0.115249,0.112808,0.064221,0.115897,0.145251,0.078717,0.076465,0.103360,0.077893,0.077894,0.126927,0.118448,0.058176,0.120882,0.107804,0.139862,0.090956,0.069188,0.103462,0.116029,0.082930,0.063684,0.066653,0.119564,0.045239,0.063294,0.108501,0.059560,0.464714,0.091018,0.145228,0.106440,0.095017,0.144981,0.066269,0.088982,0.116852,0.159614,0.065019,0.142911,0.084735,0.107747,0.101246,0.167370,0.162117,0.145114,0.062125,0.128982,0.153998,0.127511,0.160909,0.122821,0.080664,0.073766,0.088593,0.073794,0.083277,0.086042,0.140795,0.146762,0.103215,0.065148,0.064122,0.120211,0.063988,0.109089,0.118387,0.114781,0.034917,0.033997,0.024654,0.108344,0.073700,0.094459,0.093996,0.090699,0.114213,0.113378,0.123687,0.102034,0.045887,0.173308,0.118516,0.105599,0.114388,0.098508,0.149118,0.148859,0.126413,0.103708,0.122654,0.095969,0.140176,0.091722,0.171397,0.136753,0.094431,0.076279,0.146974,0.138939,0.090523,0.130929,0.111053,0.038846,0.163797,0.073202,0.051803,0.140901,0.092264,0.086388,0.131363,0.141829,0.123161,0.130872,0.072556,0.085411,0.130390,0.088318,0.071693,0.083884,0.102365,0.116395,0.085744,0.075481,0.066186,0.093226,0.086682,0.070187,0.170131,0.126274,0.133508,0.119184,0.096128,0.084866,0.125566,0.133059,0.145878,0.086077,0.136827,0.121565,0.172932,0.090617,0.087059,0.160920,0.057434,0.054902,0.114793,0.073886,0.134954,0.127746,0.065892,0.107230,0.101913,0.118289,0.150205,0.092025,0.074298,0.168523,0.046895,0.063545,0.162946,0.081545,0.543264,0.163629,0.132323,0.064503,0.109753,0.165685,0.194184,0.094670,0.162061,0.207233,0.120125,0.143035,0.061774,0.095589,0.146723,0.117368,0.202276,0.124038,0.140327,0.071618,0.063037,0.123302,0.138257,0.114121,0.148489,0.154922,0.188791,0.097709,0.104822,0.100753,0.069668,0.000000,0.128377,0.114383,0.041872,0.164501,0.150636,0.048947,0.057274,0.089735,0.055054,0.150817,0.135262,0.086386,0.064641,0.067681,0.094474
0.157924,0.081176,0.045300,0.046183,0.115434,0.161335,0.103313,0.188619,0.115664,0.102227,0.139355,0.138091,0.146533,0.057578,0.126318,0.123587,0.094011,0.091834,0.110345,0.112488,0.086616,0.190426,0.200507,0.126060,0.096099,0.082370,0.127870,0.080357,0.096068,0.115847,0.119187,0.081558,0.124434,0.124844,0.193861,0.098898,0.085424,0.131280,0.127974,0.092618,0.086157,0.081647,0.119574,0.060866,0.083243,0.119397,0.081430,0.113833,0.102880,0.150036,0.127109,0.109502,0.141009,0.085529,0.104172,0.127917,0.166508,0.079115,0.131497,0.104865,0.106799,0.113007,0.170293,0.169400,0.151287,0.088552,0.123024,0.170947,0.132910,0.127504,0.129865,0.093246,0.102176,0.094962,0.083047,0.121314,0.096861,0.166823,0.156575,0.113664,0.074309,0.081558,0.210101,0.071765,0.135847,0.181977,0.121582,0.040300,0.035487,0.029736,0.119965,0.091683,0.136482,0.121515,0.111275,0.117744,0.116526,0.092856,0.103546,0.040672,0.152465,0.121298,0.103286,0.113273,0.101328,0.118049,0.130847,0.136938,0.153667,0.128803,0.093570,0.137067,0.114095,0.175253,0.160639,0.129024,0.098544,0.193843,0.139812,0.126651,0.137901,0.110170,0.045411,0.136078,0.090150,0.045440,0.127492,0.098445,0.101261,0.162926,0.165073,0.122774,0.217862,0.075949,0.108219,0.129594,0.127853,0.077621,0.108053,0.127849,0.119496,0.115223,0.095963,0.080768,0.113697,0.236318,0.087702,0.146088,0.259150,0.254910,0.370429,0.109594,0.089706,0.116397,0.131279,0.138335,0.105078,0.151552,0.121413,0.180832,0.106516,0.097020,0.130068,0.043471,0.042192,0.090000,0.075771,0.133338,0.151436,0.092199,0.097692,0.095133,0.134329,0.147540,0.108135,0.102504,0.144349,0.053161,0.080950,0.123371,0.194134,0.127276,0.169150,0.123641,0.185989,0.113927,0.124341,0.175732,0.128033,0.117714,0.156946,0.079799,0.145362,0.084272,0.112099,0.126693,0.116993,0.150668,0.091032,0.107322,0.179878,0.070315,0.106960,0.131360,0.108246,0.130206,0.143949,0.188154,0.114682,0.144731,0.142236,0.115237,0.128377,0.000000,0.105749,0.043857,0.148864,0.158995,0.038898,0.047676,0.100187,0.072675,0.139745,0.168683,0.104443,0.055789,0.231365,0.101230
0.115546,0.100440,0.047302,0.048201,0.091764,0.106698,0.083559,0.127531,0.110494,0.084001,0.271997,0.116697,0.117604,0.056152,0.137781,0.118348,0.061079,0.060477,0.096650,0.098869,0.088920,0.055865,0.129522,0.135848,0.068810,0.059132,0.096870,0.064505,0.079306,0.073045,0.073359,0.051432,0.079041,0.080825,0.240014,0.078730,0.056430,0.089503,0.087159,0.053095,0.051407,0.060436,0.088308,0.039193,0.063800,0.084530,0.066856,0.111932,0.081257,0.227758,0.092316,0.085969,0.125665,0.065852,0.071827,0.079568,0.117046,0.063966,0.178041,0.084181,0.091535,0.081500,0.125690,0.116240,0.096145,0.058326,0.076034,0.255082,0.307068,0.091813,0.312419,0.073148,0.067791,0.074483,0.062623,0.075037,0.080660,0.097075,0.101740,0.082246,0.058430,0.057029,0.121150,0.058316,0.083153,0.101000,0.085191,0.042152,0.040104,0.028937,0.097995,0.071703,0.094277,0.082254,0.080749,0.239866,0.245885,0.095450,0.094409,0.039048,0.144523,0.177501,0.083639,0.133611,0.117549,0.185174,0.188894,0.200717,0.186587,0.080127,0.085219,0.098904,0.070954,0.106671,0.111839,0.093827,0.065403,0.133173,0.130211,0.096964,0.279283,0.238665,0.045544,0.101139,0.069390,0.051998,0.160205,0.073836,0.079703,0.218899,0.210552,0.083095,0.124015,0.063433,0.082425,0.098487,0.079857,0.066839,0.066455,0.083907,0.086702,0.078334,0.064341,0.073764,0.069422,0.074416,0.067254,0.106978,0.109926,0.117803,0.109605,0.071518,0.054304,0.097774,0.106578,0.102733,0.104554,0.114979,0.079595,0.130357,0.079681,0.070668,0.097535,0.057954,0.057678,0.096496,0.057490,0.102160,0.304606,0.078898,0.074664,0.074512,0.298236,0.124274,0.075811,0.072895,0.120541,0.046768,0.047029,0.090758,0.076199,0.106729,0.128392,0.104314,0.055824,0.122532,0.098208,0.122457,0.074354,0.092665,0.117832,0.065374,0.119813,0.071485,0.074190,0.089990,0.176679,0.113693,0.100717,0.083572,0.061024,0.087645,0.097090,0.126913,0.132798,0.109581,0.101618,0.134375,0.081494,0.138241,0.092026,0.082697,0.114383,0.105749,0.000000,0.054811,0.119880,0.122354,0.060806,0.055107,0.083087,0.054731,0.112324,0.103976,0.111693,0.048404,0.079570,0.075497
0.047421,0.055590,0.094512,0.055911,0.051942,0.050079,0.055157,0.052471,0.059451,0.056334,0.040693,0.061450,0.060820,0.045772,0.044656,0.054674,0.049823,0.041403,0.057789,0.049925,0.047489,0.043303,0.054663,0.050178,0.044209,0.047270,0.047748,0.044098,0.046101,0.056944,0.060514,0.046270,0.045633,0.044341,0.054946,0.049412,0.054877,0.047364,0.047655,0.049058,0.043393,0.046643,0.049997,0.034720,0.061348,0.047956,0.046291,0.052243,0.057390,0.038922,0.049798,0.047740,0.051444,0.049050,0.052603,0.062125,0.051201,0.048086,0.045073,0.050976,0.051660,0.058950,0.046460,0.045380,0.046664,0.055738,0.044153,0.050470,0.041782,0.051859,0.044790,0.051834,0.053625,0.036313,0.058541,0.057871,0.050002,0.044985,0.043908,0.044826,0.046897,0.043938,0.051635,0.047701,0.048434,0.046084,0.054646,0.097180,0.094407,0.043247,0.043123,0.046134,0.051511,0.058632,0.059745,0.044729,0.045462,0.041402,0.042692,0.107470,0.042413,0.040424,0.046456,0.052252,0.047370,0.047954,0.051038,0.038782,0.040030,0.049821,0.048321,0.062223,0.062176,0.053194,0.051168,0.050945,0.050572,0.049384,0.056988,0.046057,0.040551,0.044484,0.046284,0.063074,0.051793,0.032710,0.039383,0.044812,0.048180,0.041700,0.046870,0.060361,0.052027,0.053155,0.043703,0.052987,0.045006,0.047381,0.050570,0.057891,0.052924,0.059093,0.050707,0.044533,0.054364,0.057617,0.048115,0.054908,0.055184,0.056482,0.048387,0.067705,0.042614,0.045251,0.051197,0.048906,0.042720,0.050423,0.053900,0.043698,0.042706,0.050723,0.049044,0.057838,0.048606,0.054714,0.039562,0.059701,0.051777,0.050189,0.057573,0.061329,0.044141,0.049409,0.037973,0.054476,0.042024,0.036642,0.045546,0.058478,0.050388,0.038309,0.046581,0.043722,0.040738,0.050656,0.050720,0.044594,0.035883,0.048533,0.044178,0.048329,0.048201,0.051161,0.044399,0.046761,0.046946,0.043303,0.053523,0.046219,0.048632,0.048393,0.048473,0.058068,0.046933,0.051138,0.045326,0.050321,0.043065,0.042869,0.049532,0.044232,0.041872,0.043857,0.054811,0.000000,0.039859,0.049758,0.059581,0.051375,0.046450,0.040476,0.049340,0.043509,0.043819,0.043213,0.053781,0.042958
0.355917,0.068600,0.037662,0.047918,0.128077,0.143540,0.105718,0.211397,0.142168,0.103663,0.142799,0.203682,0.162163,0.054114,0.109775,0.164653,0.070251,0.132216,0.294567,0.283808,0.113612,0.079636,0.142556,0.168654,0.083774,0.076420,0.092404,0.088104,0.072819,0.251504,0.241706,0.054842,0.091157,0.094884,0.154455,0.082718,0.065518,0.093748,0.091870,0.074913,0.062577,0.063136,0.087082,0.053122,0.075881,0.094472,0.066579,0.137531,0.084205,0.137152,0.093217,0.087402,0.165620,0.077862,0.078096,0.246335,0.301404,0.070358,0.136531,0.086571,0.088364,0.091068,0.293398,0.301622,0.668602,0.065425,0.247912,0.163464,0.151964,0.150288,0.153239,0.069029,0.069674,0.089932,0.065698,0.068785,0.073653,0.312103,0.324507,0.208324,0.061843,0.064512,0.138612,0.058611,0.100366,0.120472,0.259688,0.045614,0.038736,0.034707,0.095817,0.081123,0.099798,0.090166,0.092805,0.129678,0.143103,0.092925,0.110286,0.039608,0.162033,0.115806,0.100924,0.096792,0.110840,0.129804,0.139237,0.130806,0.133607,0.091337,0.095271,0.311989,0.079845,0.288895,0.151958,0.124311,0.063239,0.134928,0.153323,0.086620,0.143360,0.128740,0.035698,0.163336,0.071306,0.053064,0.134825,0.103873,0.090189,0.161066,0.147543,0.227872,0.138982,0.062369,0.097035,0.219496,0.093060,0.063042,0.085718,0.244275,0.220807,0.079689,0.085230,0.089125,0.079240,0.133615,0.070874,0.154652,0.125544,0.143109,0.146660,0.193062,0.131672,0.163635,0.157707,0.175041,0.096997,0.108144,0.219521,0.200212,0.101174,0.088017,0.154702,0.047552,0.058338,0.113501,0.076552,0.319261,0.143891,0.076216,0.209815,0.204689,0.130292,0.162583,0.120099,0.078447,0.171416,0.046700,0.124263,0.163171,0.085961,0.148773,0.199040,0.140378,0.089536,0.117977,0.158539,0.212742,0.068897,0.160587,0.159300,0.079840,0.147138,0.074579,0.087312,0.156903,0.111853,0.165584,0.116332,0.113695,0.088171,0.086213,0.096449,0.153937,0.095820,0.159234,0.339315,0.146424,0.098832,0.122169,0.085434,0.070743,0.164501,0.148864,0.119880,0.039859,0.000000,0.163991,0.048449,0.046462,0.098633,0.060721,0.180247,0.312427,0.134190,0.054908,0.104357,0.098914
0.158723,0.072023,0.045211,0.046888,0.112392,0.140720,0.106604,0.175638,0.178063,0.102553,0.144682,0.148471,0.330635,0.055600,0.109606,0.160982,0.078750,0.092689,0.154753,0.167358,0.133689,0.083298,0.152240,0.180961,0.076700,0.066832,0.103308,0.055944,0.070601,0.135570,0.142261,0.060785,0.109608,0.090514,0.156774,0.082633,0.072621,0.088832,0.106378,0.072333,0.050574,0.046894,0.103602,0.046113,0.069445,0.093181,0.072487,0.141375,0.093194,0.156664,0.094667,0.095667,0.210808,0.076395,0.083488,0.143794,0.161461,0.070205,0.141796,0.085635,0.089200,0.091131,0.167429,0.158603,0.171296,0.064663,0.136335,0.156430,0.156540,0.146949,0.142367,0.080356,0.070349,0.073448,0.069050,0.115428,0.071955,0.160359,0.167755,0.135324,0.063302,0.071818,0.127466,0.069587,0.087540,0.119044,0.142818,0.042226,0.041047,0.027612,0.095045,0.074722,0.090219,0.105282,0.106382,0.120315,0.126846,0.104016,0.096151,0.040250,0.214155,0.129309,0.098629,0.126038,0.103673,0.117442,0.120416,0.136615,0.136092,0.104506,0.072817,0.161319,0.089199,0.162218,0.138785,0.112716,0.074331,0.141608,0.151522,0.087413,0.152317,0.117442,0.051480,0.162281,0.068440,0.046940,0.144273,0.096154,0.085721,0.161577,0.162590,0.140447,0.137033,0.072716,0.087851,0.144118,0.082364,0.051192,0.073672,0.138704,0.141390,0.092057,0.077527,0.075104,0.086681,0.103878,0.076738,0.164596,0.136360,0.141894,0.164502,0.120149,0.082616,0.167778,0.200311,0.212890,0.073728,0.114241,0.121193,0.237353,0.098463,0.064290,0.132021,0.051770,0.050375,0.141297,0.061291,0.161873,0.145879,0.063943,0.132188,0.125094,0.142816,0.234953,0.103718,0.069649,0.217858,0.044053,0.081442,0.140084,0.091054,0.136283,0.245564,0.186160,0.080774,0.097748,0.147507,0.172447,0.085540,0.153759,0.160557,0.095528,0.146957,0.074628,0.071045,0.194176,0.125547,0.151714,0.151142,0.127213,0.098718,0.082169,0.109162,0.144329,0.113416,0.178515,0.161923,0.163800,0.094159,0.132472,0.104039,0.091068,0.150636,0.158995,0.122354,0.049758,0.163991,0.000000,0.052675,0.061354,0.086692,0.046907,0.211504,0.161891,0.089218,0.051817,0.101507,0.092267
0.051141,0.042189,0.043417,0.040383,0.047720,0.042937,0.047192,0.055436,0.046424,0.045891,0.054227,0.069227,0.051867,0.058183,0.054321,0.045854,0.035399,0.026868,0.044274,0.048525,0.040517,0.046851,0.066346,0.047062,0.037892,0.037579,0.047292,0.038943,0.062772,0.052924,0.047203,0.043274,0.048699,0.044928,0.046065,0.046892,0.044946,0.055638,0.051980,0.043418,0.042167,0.034534,0.051172,0.036097,0.040320,0.060290,0.042164,0.058016,0.053912,0.051927,0.048667,0.040923,0.042385,0.037306,0.042246,0.045527,0.040112,0.038698,0.056639,0.049727,0.050332,0.055901,0.049943,0.040008,0.041724,0.040700,0.041804,0.047346,0.055581,0.034555,0.060553,0.047328,0.037035,0.050138,0.042666,0.067965,0.047865,0.044106,0.054403,0.044187,0.038583,0.032001,0.051060,0.044193,0.045984,0.044788,0.040072,0.040244,0.041663,0.030577,0.050765,0.038686,0.049102,0.054237,0.043701,0.049107,0.049843,0.037301,0.040547,0.042899,0.043920,0.054707,0.043761,0.047209,0.057858,0.060062,0.042216,0.054179,0.056158,0.055175,0.066574,0.044584,0.048231,0.062679,0.040447,0.037967,0.043474,0.049339,0.046269,0.046576,0.060771,0.055257,0.497723,0.042453,0.043854,0.037074,0.046515,0.037935,0.043989,0.056759,0.052753,0.041901,0.057259,0.046817,0.046313,0.043007,0.046249,0.040219,0.047233,0.055190,0.040815,0.056372,0.053302,0.042980,0.050994,0.060075,0.042845,0.048401,0.047208,0.049861,0.042971,0.041578,0.027882,0.043790,0.046750,0.046400,0.036015,0.049871,0.045501,0.051759,0.051788,0.038477,0.036264,0.057418,0.059029,0.044623,0.033329,0.045787,0.057083,0.048525,0.049783,0.043947,0.049009,0.050395,0.041159,0.051549,0.049710,0.029749,0.035266,0.040419,0.036185,0.046980,0.046403,0.039469,0.044420,0.042389,0.044634,0.056373,0.045148,0.041397,0.043680,0.044872,0.060531,0.047470,0.036393,0.044382,0.051048,0.039430,0.044587,0.042454,0.026702,0.043798,0.051711,0.047827,0.051244,0.044879,0.058382,0.048103,0.040261,0.056699,0.045492,0.042286,0.048947,0.038898,0.060806,0.059581,0.048449,0.052675,0.000000,0.421207,0.041084,0.041230,0.042098,0.043605,0.047904,0.063234,0.054850,0.032982
0.053016,0.040529,0.043144,0.046839,0.054647,0.044336,0.041261,0.060995,0.058134,0.049058,0.049060,0.048866,0.042451,0.058242,0.066325,0.052874,0.045084,0.036922,0.046590,0.049494,0.046848,0.057079,0.073824,0.054547,0.046218,0.035062,0.058857,0.035294,0.050406,0.054992,0.042833,0.044173,0.056075,0.056123,0.059916,0.043087,0.040933,0.059477,0.056701,0.043432,0.042997,0.040357,0.056917,0.032722,0.039433,0.058846,0.042675,0.068336,0.048016,0.052905,0.065830,0.057703,0.042456,0.040615,0.038281,0.040552,0.045632,0.038547,0.045242,0.042005,0.042638,0.047071,0.043680,0.047244,0.052082,0.042980,0.047448,0.049983,0.051989,0.043523,0.047172,0.054834,0.045994,0.046476,0.042166,0.070527,0.048312,0.042406,0.049450,0.039006,0.033962,0.035540,0.046491,0.032351,0.037506,0.045702,0.050614,0.043774,0.037714,0.030495,0.035194,0.040882,0.053070,0.047341,0.045364,0.048231,0.046007,0.032990,0.042124,0.040982,0.056448,0.046546,0.045739,0.047685,0.045169,0.059629,0.048470,0.044046,0.043172,0.053567,0.065082,0.046259,0.053118,0.047398,0.036461,0.044557,0.044404,0.047365,0.053098,0.051333,0.046237,0.051539,0.556104,0.045901,0.046323,0.049390,0.044462,0.042118,0.049849,0.058366,0.051179,0.049193,0.050201,0.037629,0.045340,0.038828,0.043676,0.040866,0.041157,0.050214,0.037093,0.063520,0.047011,0.050827,0.054244,0.063423,0.048292,0.046608,0.059879,0.063117,0.049956,0.047405,0.032186,0.054735,0.034100,0.042838,0.048939,0.040194,0.039372,0.043181,0.037318,0.042353,0.043948,0.058425,0.071446,0.048627,0.033573,0.050317,0.044246,0.045281,0.049055,0.048719,0.055044,0.050674,0.054559,0.042436,0.054966,0.033735,0.031992,0.050334,0.044021,0.042555,0.045852,0.059683,0.054969,0.043059,0.057125,0.048988,0.053893,0.046904,0.043536,0.044395,0.064782,0.041187,0.040160,0.046648,0.039093,0.052029,0.045101,0.045192,0.035022,0.047031,0.057395,0.050561,0.046522,0.042415,0.056710,0.041128,0.042558,0.051646,0.053562,0.042116,0.057274,0.047676,0.055107,0.051375,0.046462,0.061354,0.421207,0.000000,0.044932,0.033222,0.036637,0.038920,0.049413,0.048878,0.059099,0.044793
0.097456,0.057796,0.048743,0.055712,0.084513,0.107053,0.140147,0.100409,0.072792,0.141507,0.099939,0.092233,0.112217,0.044589,0.063796,0.098066,0.056622,0.079856,0.094599,0.088529,0.075973,0.070476,0.065391,0.084684,0.057214,0.059818,0.068130,0.047762,0.050467,0.065842,0.062586,0.043806,0.070394,0.069759,0.107382,0.057680,0.047972,0.073014,0.070708,0.055417,0.048029,0.041313,0.067555,0.033944,0.047955,0.068536,0.049454,0.071248,0.059020,0.101824,0.071936,0.066350,0.110440,0.049282,0.059450,0.070515,0.110201,0.047382,0.090993,0.058329,0.052442,0.053606,0.112345,0.105936,0.095538,0.050849,0.074687,0.098284,0.078306,0.100759,0.077423,0.057714,0.058226,0.055996,0.048929,0.053391,0.050368,0.083725,0.084992,0.068513,0.047850,0.046973,0.092276,0.043638,0.076456,0.094609,0.072458,0.057646,0.050444,0.038720,0.063745,0.062148,0.071439,0.071700,0.063801,0.084861,0.086500,0.072445,0.073139,0.051695,0.087181,0.074513,0.071179,0.069366,0.068634,0.083940,0.091967,0.097101,0.097200,0.063345,0.047342,0.107665,0.064330,0.100264,0.107807,0.098250,0.052058,0.080260,0.094143,0.055925,0.101343,0.082028,0.042876,0.100699,0.059859,0.035742,0.085490,0.068106,0.067762,0.105490,0.101991,0.067146,0.095794,0.053231,0.073674,0.070379,0.071106,0.042315,0.071757,0.072125,0.070038,0.060509,0.056934,0.057100,0.067868,0.081655,0.061003,0.103672,0.077818,0.083176,0.103468,0.069246,0.076166,0.085503,0.097447,0.106286,0.064883,0.078459,0.072843,0.099012,0.479850,0.073062,0.103302,0.034214,0.043439,0.071902,0.062260,0.111255,0.094243,0.049993,0.058303,0.063141,0.091696,0.105008,0.071127,0.055464,0.093768,0.046407,0.069396,0.098335,0.086898,0.078054,0.104815,0.083834,0.064126,0.070208,0.080200,0.104616,0.068662,0.095555,0.082773,0.046973,0.092472,0.060922,0.068040,0.084793,0.077874,0.082405,0.071159,0.094493,0.085189,0.051477,0.070578,0.090850,0.068197,0.086650,0.091346,0.086417,0.067041,0.068873,0.068827,0.083644,0.089735,0.100187,0.083087,0.046450,0.098633,0.086692,0.041084,0.044932,0.000000,0.046879,0.101041,0.089975,0.058127,0.037370,0.081545,0.074494
0.051871,0.031313,0.042771,0.032396,0.042677,0.062470,0.054008,0.064761,0.054669,0.055353,0.046835,0.043071,0.044622,0.029975,0.052825,0.057897,0.082588,0.033377,0.054878,0.059626,0.055043,0.040849,0.064539,0.061617,0.099488,0.097762,0.070578,0.103197,0.134449,0.060237,0.054630,0.130851,0.117776,0.125563,0.054534,0.116974,0.113804,0.116545,0.112557,0.117076,0.126068,0.097710,0.110649,0.110742,0.104746,0.108561,0.099327,0.050946,0.118368,0.067105,0.116172,0.079788,0.047921,0.105501,0.112985,0.055916,0.047499,0.096813,0.038047,0.119872,0.120532,0.121343,0.052167,0.050815,0.059399,0.078365,0.064326,0.057583,0.053067,0.057574,0.052049,0.118914,0.099452,0.394168,0.091343,0.051950,0.125883,0.055249,0.050023,0.050014,0.099519,0.091696,0.059794,0.101011,0.114578,0.052073,0.055328,0.038749,0.035214,0.039205,0.122909,0.093733,0.111272,0.103266,0.097092,0.052663,0.049371,0.043559,0.052835,0.041155,0.053388,0.057560,0.060039,0.044779,0.042368,0.078275,0.060054,0.049954,0.056649,0.113564,0.058161,0.055144,0.106590,0.056517,0.056168,0.054546,0.081784,0.056770,0.057855,0.069753,0.048584,0.052961,0.028904,0.055931,0.103928,0.032990,0.041237,0.037750,0.064195,0.061176,0.051871,0.051803,0.059510,0.101248,0.070221,0.059619,0.068574,0.111672,0.097369,0.049751,0.056365,0.116340,0.119529,0.078827,0.108727,0.058156,0.115639,0.052407,0.059408,0.067369,0.065114,0.050598,0.035538,0.052763,0.053172,0.056111,0.040130,0.115386,0.045301,0.051632,0.046109,0.098341,0.046295,0.030366,0.033527,0.056064,0.096726,0.060034,0.051452,0.121676,0.064819,0.063670,0.051172,0.060443,0.074387,0.127925,0.056064,0.049751,0.044036,0.058949,0.049995,0.051221,0.054899,0.051958,0.041552,0.051520,0.050389,0.064002,0.070258,0.058193,0.058463,0.062827,0.065199,0.034118,0.052867,0.042582,0.054548,0.062997,0.055791,0.048221,0.045635,0.048186,0.113689,0.055210,0.048651,0.057002,0.054891,0.064306,0.042847,0.046069,0.068775,0.062948,0.055054,0.072675,0.054731,0.040476,0.060721,0.046907,0.041230,0.033222,0.046879,0.000000,0.048778,0.054618,0.055093,0.029195,0.053032,0.038346
0.159656,0.097587,0.041245,0.055718,0.142948,0.174996,0.101461,0.181948,0.196693,0.096508,0.144435,0.159726,0.238577,0.055009,0.116595,0.169174,0.058815,0.086774,0.164992,0.155678,0.124021,0.079089,0.133966,0.191912,0.076092,0.055569,0.079779,0.050676,0.062754,0.110814,0.112198,0.054791,0.076049,0.081891,0.184262,0.072386,0.059819,0.079913,0.075921,0.057597,0.044305,0.041738,0.083292,0.047783,0.052853,0.081408,0.054566,0.127960,0.072350,0.162446,0.078669,0.075165,0.253170,0.058451,0.070952,0.120863,0.182752,0.056023,0.143177,0.073872,0.067911,0.064796,0.188165,0.186379,0.158935,0.059241,0.116480,0.169865,0.142498,0.165430,0.150505,0.071593,0.068108,0.060038,0.056096,0.093558,0.049691,0.147714,0.148178,0.109259,0.046752,0.057301,0.106083,0.055916,0.088947,0.101870,0.114288,0.042521,0.044591,0.028842,0.076109,0.067696,0.088500,0.071132,0.062692,0.134624,0.145542,0.090972,0.097239,0.049876,0.195338,0.120572,0.096328,0.109335,0.113185,0.114904,0.124837,0.148611,0.144684,0.085540,0.065677,0.169507,0.083036,0.186214,0.156762,0.111553,0.054862,0.128117,0.148446,0.071612,0.136450,0.135890,0.042532,0.185054,0.064201,0.056702,0.133813,0.077939,0.084795,0.159862,0.160891,0.118354,0.106545,0.057709,0.092802,0.112172,0.092999,0.047325,0.070236,0.109462,0.120259,0.068408,0.057895,0.065642,0.070750,0.101609,0.059770,0.176994,0.134162,0.146642,0.129303,0.124913,0.089911,0.709012,0.779064,0.865166,0.097621,0.091295,0.121818,0.280416,0.101180,0.069248,0.163405,0.043102,0.049729,0.127303,0.056432,0.163261,0.143749,0.060752,0.096093,0.094260,0.141349,0.277883,0.096254,0.059098,0.206957,0.054493,0.076755,0.166590,0.087597,0.146931,0.291674,0.205629,0.070088,0.114961,0.168041,0.192889,0.079010,0.164626,0.170625,0.074137,0.164192,0.077374,0.090688,0.188581,0.111353,0.169898,0.129807,0.132053,0.091536,0.095575,0.085792,0.148655,0.113346,0.200786,0.159163,0.149813,0.077009,0.139828,0.096594,0.088262,0.150817,0.139745,0.112324,0.049340,0.180247,0.211504,0.042098,0.036637,0.101041,0.048778,0.000000,0.150356,0.095657,0.047631,0.095751,0.079075
0.392283,0.084610,0.042005,0.050875,0.115986,0.131413,0.102134,0.192971,0.143703,0.095348,0.136514,0.202190,0.173456,0.047618,0.110834,0.167521,0.080885,0.129784,0.238231,0.231655,0.120444,0.075660,0.138369,0.153482,0.078899,0.060690,0.108080,0.061276,0.072561,0.269530,0.299060,0.060127,0.087279,0.092564,0.163478,0.082031,0.065603,0.087380,0.100344,0.076163,0.065583,0.065151,0.087042,0.046042,0.059472,0.093740,0.058444,0.119466,0.086235,0.127154,0.084311,0.100889,0.163876,0.066913,0.084222,0.287027,0.331369,0.070216,0.122579,0.086145,0.079739,0.083883,0.319295,0.332187,0.301204,0.078713,0.293326,0.167559,0.123278,0.157474,0.124080,0.067408,0.068852,0.067223,0.074118,0.084516,0.082795,0.833693,0.796923,0.202371,0.058392,0.061116,0.136702,0.064010,0.127110,0.096571,0.307274,0.047669,0.044917,0.027704,0.108962,0.075780,0.114943,0.084399,0.090564,0.122245,0.124494,0.087437,0.098150,0.041723,0.158248,0.102261,0.100061,0.121849,0.108057,0.111179,0.125293,0.134684,0.137911,0.095949,0.070279,0.260166,0.088389,0.306839,0.125554,0.113433,0.082339,0.123479,0.131076,0.118968,0.143665,0.119118,0.047689,0.162070,0.077416,0.044086,0.114032,0.092628,0.084227,0.137912,0.132909,0.288703,0.148177,0.078645,0.083648,0.272794,0.097791,0.061373,0.074839,0.297495,0.274539,0.107354,0.095888,0.070686,0.100617,0.101288,0.078598,0.168084,0.150409,0.155723,0.137041,0.183360,0.135359,0.122117,0.144836,0.156693,0.105604,0.093884,0.207536,0.213212,0.085382,0.075653,0.147729,0.052043,0.059742,0.121617,0.065447,0.258362,0.135474,0.079458,0.243080,0.246800,0.155781,0.173105,0.090830,0.072386,0.172205,0.057997,0.127701,0.156853,0.078271,0.132355,0.217070,0.140555,0.070062,0.088518,0.134646,0.219910,0.099282,0.144182,0.183150,0.080949,0.145735,0.062479,0.093617,0.147106,0.101908,0.175333,0.122660,0.124843,0.089267,0.071077,0.088290,0.136873,0.107274,0.147686,0.387922,0.147850,0.092569,0.119165,0.115604,0.077984,0.135262,0.168683,0.103976,0.043509,0.312427,0.161891,0.043605,0.038920,0.089975,0.054618,0.150356,0.000000,0.101772,0.050886,0.103215,0.092067
0.110499,0.083345,0.040198,0.049913,0.089625,0.091726,0.067455,0.111980,0.085247,0.064712,0.142683,0.105385,0.097734,0.049239,0.250271,0.114546,0.060557,0.053086,0.089663,0.099960,0.066497,0.073266,0.093057,0.098653,0.088629,0.067862,0.078038,0.070322,0.057029,0.094866,0.083241,0.045255,0.068835,0.076701,0.158660,0.056916,0.064617,0.072594,0.068874,0.066269,0.048830,0.037275,0.069584,0.036094,0.071202,0.082378,0.053183,0.085037,0.058569,0.170993,0.074585,0.072386,0.117413,0.055563,0.060289,0.090759,0.103618,0.055123,0.120742,0.062215,0.059528,0.060341,0.099488,0.103974,0.127971,0.052494,0.074860,0.175385,0.144664,0.095457,0.144510,0.051700,0.058051,0.063636,0.050416,0.066337,0.063160,0.108932,0.106799,0.103627,0.056528,0.058967,0.105670,0.048621,0.082966,0.088041,0.089516,0.039891,0.040273,0.029280,0.081091,0.087197,0.075070,0.061731,0.070859,0.150254,0.144287,0.090196,0.096885,0.036601,0.092352,0.130189,0.098943,0.183069,0.182110,0.156993,0.168337,0.152373,0.131550,0.072258,0.076108,0.085921,0.070641,0.098496,0.087871,0.078462,0.061302,0.095911,0.075133,0.070688,0.141417,0.153081,0.039677,0.091392,0.064681,0.048150,0.135501,0.091725,0.073873,0.156863,0.156701,0.080169,0.112255,0.046074,0.092632,0.083709,0.069962,0.049870,0.084852,0.088992,0.090034,0.061533,0.058172,0.087185,0.068289,0.077114,0.050647,0.085099,0.085719,0.086389,0.096266,0.087940,0.047086,0.110243,0.092778,0.091622,0.547871,0.080277,0.082821,0.117726,0.069560,0.067225,0.078081,0.041401,0.058670,0.069590,0.059500,0.085202,0.148884,0.060343,0.074840,0.077667,0.146026,0.102612,0.110581,0.063341,0.082402,0.036004,0.046995,0.104779,0.071571,0.075397,0.110786,0.083239,0.080348,0.194539,0.113465,0.110439,0.057854,0.116726,0.108563,0.061084,0.084843,0.105887,0.057073,0.094563,0.128335,0.121868,0.077661,0.090931,0.066165,0.159920,0.065007,0.095863,0.179795,0.105493,0.114106,0.108573,0.085905,0.277248,0.081283,0.072340,0.086386,0.104443,0.111693,0.043819,0.134190,0.089218,0.047904,0.049413,0.058127,0.055093,0.095657,0.101772,0.000000,0.055214,0.077706,0.093548
0.056137,0.042891,0.040442,0.047275,0.039665,0.064672,0.036100,0.058524,0.045532,0.043619,0.042425,0.048063,0.042545,0.705824,0.048741,0.053626,0.034997,0.036471,0.040192,0.043478,0.038196,0.041917,0.058269,0.049407,0.040186,0.030930,0.045308,0.035694,0.036897,0.045671,0.047612,0.029874,0.045721,0.043037,0.049273,0.049920,0.033293,0.037549,0.040674,0.040104,0.032988,0.032804,0.051899,0.030578,0.032747,0.044596,0.042280,0.074938,0.050184,0.066023,0.050995,0.041781,0.067028,0.031048,0.040094,0.042892,0.049343,0.043532,0.045528,0.040831,0.052561,0.045943,0.047087,0.056637,0.056870,0.033870,0.036664,0.061723,0.054571,0.040020,0.053437,0.045203,0.039194,0.042867,0.034167,0.049801,0.042794,0.058674,0.044006,0.039906,0.032692,0.037899,0.042052,0.039623,0.044296,0.049825,0.043184,0.034617,0.031111,0.022281,0.048692,0.045152,0.045049,0.053569,0.058993,0.048608,0.042960,0.064871,0.044500,0.035712,0.044445,0.061871,0.041092,0.039190,0.051332,0.046633,0.043235,0.051819,0.048158,0.059070,0.041142,0.041555,0.036094,0.047983,0.041945,0.039859,0.038686,0.055080,0.045958,0.045922,0.049559,0.044118,0.061637,0.055897,0.037576,0.054509,0.049736,0.047229,0.040486,0.059548,0.054855,0.039909,0.046450,0.035200,0.042791,0.039992,0.031442,0.032910,0.038011,0.050470,0.032601,0.038408,0.040932,0.043411,0.043522,0.047660,0.038339,0.046750,0.055220,0.057392,0.040486,0.045171,0.035232,0.046302,0.052877,0.047332,0.039357,0.043036,0.035462,0.049376,0.049499,0.042131,0.049478,0.047059,0.061700,0.042148,0.033138,0.047597,0.050449,0.038444,0.033366,0.034812,0.059754,0.045304,0.048384,0.036333,0.048688,0.027372,0.028528,0.035991,0.041974,0.062527,0.041627,0.053357,0.038770,0.050646,0.047877,0.051831,0.042823,0.043936,0.052447,0.039493,0.044254,0.044349,0.031512,0.056342,0.045907,0.049937,0.045270,0.037960,0.040884,0.037623,0.060158,0.044787,0.041559,0.056201,0.049967,0.043094,0.039921,0.051749,0.054403,0.048793,0.064641,0.055789,0.048404,0.043213,0.054908,0.051817,0.063234,0.048878,0.037370,0.029195,0.047631,0.050886,0.055214,0.000000,0.050776,0.045195
0.099656,0.060004,0.048704,0.046592,0.104881,0.106821,0.077254,0.095982,0.078499,0.087446,0.104227,0.086369,0.105291,0.048211,0.063718,0.105576,0.054397,0.070740,0.095129,0.084444,0.062582,0.160520,0.138072,0.086562,0.075626,0.053675,0.092450,0.057920,0.047628,0.087865,0.084485,0.049990,0.076277,0.075448,0.120523,0.054856,0.049443,0.072615,0.073941,0.049440,0.045741,0.051906,0.074562,0.041851,0.060918,0.067572,0.051633,0.069586,0.062870,0.105590,0.074096,0.082304,0.104748,0.055121,0.052881,0.090118,0.106331,0.045690,0.088314,0.068118,0.062157,0.064384,0.104065,0.103121,0.105190,0.058501,0.085966,0.121541,0.094221,0.106447,0.095390,0.057539,0.050170,0.051854,0.054841,0.070908,0.054170,0.097977,0.098092,0.085219,0.049501,0.044391,0.129264,0.048242,0.070108,0.109409,0.086072,0.047824,0.052806,0.035699,0.068941,0.077091,0.075221,0.059152,0.051367,0.091885,0.088863,0.070635,0.077859,0.048549,0.097133,0.091762,0.077539,0.068278,0.060572,0.085646,0.097676,0.107131,0.106984,0.076939,0.063258,0.093563,0.063877,0.115893,0.117760,0.100525,0.049464,0.120491,0.103581,0.068617,0.097715,0.086577,0.043993,0.094243,0.044627,0.042042,0.088504,0.077401,0.086368,0.105641,0.121771,0.073147,0.132309,0.049105,0.085034,0.087844,0.081643,0.044710,0.067810,0.086482,0.070719,0.058456,0.051437,0.078289,0.058980,0.527381,0.052287,0.093932,0.160774,0.155996,0.220808,0.068771,0.069511,0.110619,0.105491,0.101499,0.067840,0.084364,0.075980,0.113591,0.082487,0.066560,0.113435,0.050638,0.042334,0.066913,0.064730,0.100993,0.105054,0.051953,0.066421,0.068606,0.106610,0.088996,0.090845,0.049980,0.100399,0.046529,0.060068,0.108295,0.143005,0.077756,0.115690,0.088041,0.155287,0.085454,0.097947,0.102626,0.089078,0.105969,0.081713,0.050747,0.098653,0.064048,0.094121,0.082471,0.097413,0.096550,0.065653,0.078492,0.136859,0.065719,0.064835,0.110053,0.068454,0.095020,0.095236,0.115824,0.070507,0.076821,0.074526,0.088341,0.067681,0.231365,0.079570,0.053781,0.104357,0.101507,0.054850,0.059099,0.081545,0.053032,0.095751,0.103215,0.077706,0.050776,0.000000,0.074054
0.099177,0.074119,0.036922,0.047788,0.082753,0.094826,0.067643,0.115149,0.075960,0.075963,0.095950,0.112890,0.080602,0.060153,0.078738,0.072744,0.050244,0.072962,0.074630,0.077772,0.054921,0.050829,0.065305,0.077818,0.068425,0.060502,0.068889,0.059718,0.059019,0.069169,0.074262,0.039541,0.073609,0.077315,0.102606,0.062681,0.054825,0.071715,0.071756,0.054447,0.045465,0.045824,0.063516,0.035662,0.052871,0.076484,0.050856,0.089372,0.071489,0.094996,0.075020,0.068830,0.089710,0.055711,0.065886,0.074437,0.114696,0.053280,0.106517,0.065509,0.067868,0.071169,0.112588,0.116226,0.098423,0.050166,0.071417,0.111911,0.095710,0.101498,0.091058,0.043370,0.050300,0.053816,0.047803,0.070129,0.056160,0.102480,0.094536,0.083513,0.058705,0.059780,0.075237,0.049441,0.070078,0.099247,0.066793,0.038007,0.038264,0.030077,0.073631,0.056584,0.082336,0.059820,0.069424,0.095109,0.092176,0.438708,0.430196,0.035102,0.090987,0.088514,0.435799,0.084984,0.080064,0.096080,0.092254,0.109771,0.099608,0.068327,0.060678,0.096447,0.056566,0.124856,0.087680,0.065339,0.053108,0.091855,0.077251,0.065322,0.092135,0.089261,0.041568,0.094475,0.044565,0.050640,0.105832,0.797858,0.066493,0.095988,0.118811,0.061486,0.083936,0.048092,0.070650,0.077842,0.058849,0.043512,0.061012,0.071216,0.087321,0.069530,0.057203,0.074693,0.063988,0.064772,0.064340,0.099783,0.082200,0.082880,0.088376,0.087496,0.067678,0.071950,0.087944,0.079899,0.075350,0.085284,0.086220,0.104673,0.070066,0.057911,0.089487,0.049736,0.066225,0.064357,0.054147,0.085233,0.100015,0.061157,0.063734,0.065740,0.096529,0.083362,0.081109,0.058961,0.095544,0.036092,0.048219,0.090246,0.062239,0.091766,0.103341,0.081611,0.053245,0.074947,0.081994,0.111299,0.064644,0.094004,0.096054,0.044000,0.091937,0.070813,0.061153,0.078474,0.087035,0.085714,0.058998,0.065608,0.049915,0.062033,0.071074,0.094510,0.078377,0.100825,0.109110,0.123551,0.786289,0.083937,0.070712,0.056032,0.094474,0.101230,0.075497,0.042958,0.098914,0.092267,0.032982,0.044793,0.074494,0.038346,0.079075,0.092067,0.093548,0.045195,0.074054,0.000000
